{"directed": false, "multigraph": false, "graph": {}, "nodes": [{"inst_type": "pmos", "ports": ["fully_differential_LG_npmos_cr9_1_Voutn", "fully_differential_LG_npmos_cr9_1_LG_Vbiasp", "xiota|fully_differential_vdd!"], "edge_weight": [1, 2, 4], "values": 1, "sub_graph": null, "id": "xiota|fully_differential_MM1"}, {"inst_type": "net", "net_type": "internal", "id": "fully_differential_LG_npmos_cr9_1_Voutn"}, {"inst_type": "net", "net_type": "internal", "id": "fully_differential_LG_npmos_cr9_1_LG_Vbiasp"}, {"inst_type": "net", "net_type": "internal", "id": "xiota|fully_differential_vdd!"}, {"inst_type": "pmos", "ports": ["fully_differential_LG_npmos_cr9_1_Voutp", "fully_differential_LG_npmos_cr9_1_LG_Vbiasp", "xiota|fully_differential_vdd!"], "edge_weight": [1, 2, 4], "values": 1, "sub_graph": null, "id": "xiota|fully_differential_MM2"}, {"inst_type": "net", "net_type": "internal", "id": "fully_differential_LG_npmos_cr9_1_Voutp"}, {"inst_type": "nmos", "ports": ["xiota|fully_differential_net14", "fully_differential_LG_npmos_cr9_1_LG_Vbiasn", "xiota|fully_differential_gnd!"], "edge_weight": [1, 2, 4], "values": 1, "sub_graph": null, "id": "xiota|fully_differential_MM4"}, {"inst_type": "net", "net_type": "internal", "id": "xiota|fully_differential_net14"}, {"inst_type": "net", "net_type": "internal", "id": "fully_differential_LG_npmos_cr9_1_LG_Vbiasn"}, {"inst_type": "net", "net_type": "internal", "id": "xiota|fully_differential_gnd!"}, {"inst_type": "nmos", "ports": ["fully_differential_LG_npmos_cr9_1_Voutn", "fully_differential_LG_npmos_cr9_1_Vinp", "xiota|fully_differential_net14"], "edge_weight": [1, 2, 4], "values": 1, "sub_graph": null, "id": "xiota|fully_differential_MM3"}, {"inst_type": "net", "net_type": "internal", "id": "fully_differential_LG_npmos_cr9_1_Vinp"}, {"inst_type": "nmos", "ports": ["fully_differential_LG_npmos_cr9_1_Voutp", "fully_differential_LG_npmos_cr9_1_Vinn", "xiota|fully_differential_net14"], "edge_weight": [1, 2, 4], "values": 1, "sub_graph": null, "id": "xiota|fully_differential_MM0"}, {"inst_type": "net", "net_type": "internal", "id": "fully_differential_LG_npmos_cr9_1_Vinn"}, {"inst_type": "nmos", "ports": ["fully_differential_LG_npmos_cr9_1_LG_Vbiasp", "fully_differential_LG_npmos_cr9_1_LG_Vbiasn", "xiLG_npmos|LG_npmos_gnd!"], "edge_weight": [1, 2, 4], "values": 1, "sub_graph": null, "id": "xiLG_npmos|LG_npmos_MM4"}, {"inst_type": "net", "net_type": "internal", "id": "xiLG_npmos|LG_npmos_gnd!"}, {"inst_type": "nmos", "ports": ["fully_differential_LG_npmos_cr9_1_LG_Vbiasn", "fully_differential_LG_npmos_cr9_1_LG_Vbiasn", "xiLG_npmos|LG_npmos_gnd!"], "edge_weight": [1, 2, 4], "values": 1, "sub_graph": null, "id": "xiLG_npmos|LG_npmos_MM2"}, {"inst_type": "nmos", "ports": ["xiLG_npmos|LG_npmos_neta", "fully_differential_LG_npmos_cr9_1_Biasn", "xiLG_npmos|LG_npmos_gnd!"], "edge_weight": [1, 2, 4], "values": 1, "sub_graph": null, "id": "xiLG_npmos|LG_npmos_MM10"}, {"inst_type": "net", "net_type": "internal", "id": "xiLG_npmos|LG_npmos_neta"}, {"inst_type": "net", "net_type": "internal", "id": "fully_differential_LG_npmos_cr9_1_Biasn"}, {"inst_type": "pmos", "ports": ["fully_differential_LG_npmos_cr9_1_LG_Vbiasp", "fully_differential_LG_npmos_cr9_1_LG_Vbiasp", "xiLG_npmos|LG_npmos_vdd!"], "edge_weight": [1, 2, 4], "values": 1, "sub_graph": null, "id": "xiLG_npmos|LG_npmos_MM3"}, {"inst_type": "net", "net_type": "internal", "id": "xiLG_npmos|LG_npmos_vdd!"}, {"inst_type": "pmos", "ports": ["fully_differential_LG_npmos_cr9_1_LG_Vbiasn", "xiLG_npmos|LG_npmos_neta", "xiLG_npmos|LG_npmos_vdd!"], "edge_weight": [1, 2, 4], "values": 1, "sub_graph": null, "id": "xiLG_npmos|LG_npmos_MM1"}, {"inst_type": "pmos", "ports": ["xiLG_npmos|LG_npmos_neta", "xiLG_npmos|LG_npmos_neta", "xiLG_npmos|LG_npmos_vdd!"], "edge_weight": [1, 2, 4], "values": 1, "sub_graph": null, "id": "xiLG_npmos|LG_npmos_MM0"}, {"inst_type": "res", "ports": ["xibCR9_1|CR9_1_net05", "xibCR9_1|CR9_1_gnd!"], "edge_weight": [8, 8], "values": 1, "sub_graph": null, "id": "xibCR9_1|CR9_1_RR1"}, {"inst_type": "net", "net_type": "internal", "id": "xibCR9_1|CR9_1_net05"}, {"inst_type": "net", "net_type": "internal", "id": "xibCR9_1|CR9_1_gnd!"}, {"inst_type": "res", "ports": ["xibCR9_1|CR9_1_vdd!", "fully_differential_LG_npmos_cr9_1_Biasn"], "edge_weight": [8, 8], "values": 1, "sub_graph": null, "id": "xibCR9_1|CR9_1_RRF"}, {"inst_type": "net", "net_type": "internal", "id": "xibCR9_1|CR9_1_vdd!"}, {"inst_type": "nmos", "ports": ["fully_differential_LG_npmos_cr9_1_Biasn", "fully_differential_LG_npmos_cr9_1_Biasn", "xibCR9_1|CR9_1_net05"], "edge_weight": [1, 2, 4], "values": 1, "sub_graph": null, "id": "xibCR9_1|CR9_1_MM0"}], "links": [{"weight": 1, "source": "xiota|fully_differential_MM1", "target": "fully_differential_LG_npmos_cr9_1_Voutn"}, {"weight": 2, "source": "xiota|fully_differential_MM1", "target": "fully_differential_LG_npmos_cr9_1_LG_Vbiasp"}, {"weight": 4, "source": "xiota|fully_differential_MM1", "target": "xiota|fully_differential_vdd!"}, {"weight": 1, "source": "fully_differential_LG_npmos_cr9_1_Voutn", "target": "xiota|fully_differential_MM3"}, {"weight": 2, "source": "fully_differential_LG_npmos_cr9_1_LG_Vbiasp", "target": "xiota|fully_differential_MM2"}, {"weight": 1, "source": "fully_differential_LG_npmos_cr9_1_LG_Vbiasp", "target": "xiLG_npmos|LG_npmos_MM4"}, {"weight": 3, "source": "fully_differential_LG_npmos_cr9_1_LG_Vbiasp", "target": "xiLG_npmos|LG_npmos_MM3"}, {"weight": 4, "source": "xiota|fully_differential_vdd!", "target": "xiota|fully_differential_MM2"}, {"weight": 1, "source": "xiota|fully_differential_MM2", "target": "fully_differential_LG_npmos_cr9_1_Voutp"}, {"weight": 1, "source": "fully_differential_LG_npmos_cr9_1_Voutp", "target": "xiota|fully_differential_MM0"}, {"weight": 1, "source": "xiota|fully_differential_MM4", "target": "xiota|fully_differential_net14"}, {"weight": 2, "source": "xiota|fully_differential_MM4", "target": "fully_differential_LG_npmos_cr9_1_LG_Vbiasn"}, {"weight": 4, "source": "xiota|fully_differential_MM4", "target": "xiota|fully_differential_gnd!"}, {"weight": 4, "source": "xiota|fully_differential_net14", "target": "xiota|fully_differential_MM3"}, {"weight": 4, "source": "xiota|fully_differential_net14", "target": "xiota|fully_differential_MM0"}, {"weight": 2, "source": "fully_differential_LG_npmos_cr9_1_LG_Vbiasn", "target": "xiLG_npmos|LG_npmos_MM4"}, {"weight": 3, "source": "fully_differential_LG_npmos_cr9_1_LG_Vbiasn", "target": "xiLG_npmos|LG_npmos_MM2"}, {"weight": 1, "source": "fully_differential_LG_npmos_cr9_1_LG_Vbiasn", "target": "xiLG_npmos|LG_npmos_MM1"}, {"weight": 2, "source": "xiota|fully_differential_MM3", "target": "fully_differential_LG_npmos_cr9_1_Vinp"}, {"weight": 2, "source": "xiota|fully_differential_MM0", "target": "fully_differential_LG_npmos_cr9_1_Vinn"}, {"weight": 4, "source": "xiLG_npmos|LG_npmos_MM4", "target": "xiLG_npmos|LG_npmos_gnd!"}, {"weight": 4, "source": "xiLG_npmos|LG_npmos_gnd!", "target": "xiLG_npmos|LG_npmos_MM2"}, {"weight": 4, "source": "xiLG_npmos|LG_npmos_gnd!", "target": "xiLG_npmos|LG_npmos_MM10"}, {"weight": 1, "source": "xiLG_npmos|LG_npmos_MM10", "target": "xiLG_npmos|LG_npmos_neta"}, {"weight": 2, "source": "xiLG_npmos|LG_npmos_MM10", "target": "fully_differential_LG_npmos_cr9_1_Biasn"}, {"weight": 2, "source": "xiLG_npmos|LG_npmos_neta", "target": "xiLG_npmos|LG_npmos_MM1"}, {"weight": 3, "source": "xiLG_npmos|LG_npmos_neta", "target": "xiLG_npmos|LG_npmos_MM0"}, {"weight": 8, "source": "fully_differential_LG_npmos_cr9_1_Biasn", "target": "xibCR9_1|CR9_1_RRF"}, {"weight": 3, "source": "fully_differential_LG_npmos_cr9_1_Biasn", "target": "xibCR9_1|CR9_1_MM0"}, {"weight": 4, "source": "xiLG_npmos|LG_npmos_MM3", "target": "xiLG_npmos|LG_npmos_vdd!"}, {"weight": 4, "source": "xiLG_npmos|LG_npmos_vdd!", "target": "xiLG_npmos|LG_npmos_MM1"}, {"weight": 4, "source": "xiLG_npmos|LG_npmos_vdd!", "target": "xiLG_npmos|LG_npmos_MM0"}, {"weight": 8, "source": "xibCR9_1|CR9_1_RR1", "target": "xibCR9_1|CR9_1_net05"}, {"weight": 8, "source": "xibCR9_1|CR9_1_RR1", "target": "xibCR9_1|CR9_1_gnd!"}, {"weight": 4, "source": "xibCR9_1|CR9_1_net05", "target": "xibCR9_1|CR9_1_MM0"}, {"weight": 8, "source": "xibCR9_1|CR9_1_RRF", "target": "xibCR9_1|CR9_1_vdd!"}]}