{"directed": false, "multigraph": false, "graph": {}, "nodes": [{"inst_type": "pmos", "ports": ["fully_differential_LG_pmos_l1_cr3_2_Voutn", "fully_differential_LG_pmos_l1_cr3_2_LG_Vbiasp", "xiota|fully_differential_vdd!"], "edge_weight": [1, 2, 4], "values": 1, "sub_graph": null, "id": "xiota|fully_differential_MM1"}, {"inst_type": "net", "net_type": "internal", "id": "fully_differential_LG_pmos_l1_cr3_2_Voutn"}, {"inst_type": "net", "net_type": "internal", "id": "fully_differential_LG_pmos_l1_cr3_2_LG_Vbiasp"}, {"inst_type": "net", "net_type": "internal", "id": "xiota|fully_differential_vdd!"}, {"inst_type": "pmos", "ports": ["fully_differential_LG_pmos_l1_cr3_2_Voutp", "fully_differential_LG_pmos_l1_cr3_2_LG_Vbiasp", "xiota|fully_differential_vdd!"], "edge_weight": [1, 2, 4], "values": 1, "sub_graph": null, "id": "xiota|fully_differential_MM2"}, {"inst_type": "net", "net_type": "internal", "id": "fully_differential_LG_pmos_l1_cr3_2_Voutp"}, {"inst_type": "nmos", "ports": ["xiota|fully_differential_net14", "fully_differential_LG_pmos_l1_cr3_2_LG_Vbiasn", "xiota|fully_differential_gnd!"], "edge_weight": [1, 2, 4], "values": 1, "sub_graph": null, "id": "xiota|fully_differential_MM4"}, {"inst_type": "net", "net_type": "internal", "id": "xiota|fully_differential_net14"}, {"inst_type": "net", "net_type": "internal", "id": "fully_differential_LG_pmos_l1_cr3_2_LG_Vbiasn"}, {"inst_type": "net", "net_type": "internal", "id": "xiota|fully_differential_gnd!"}, {"inst_type": "nmos", "ports": ["fully_differential_LG_pmos_l1_cr3_2_Voutn", "fully_differential_LG_pmos_l1_cr3_2_Vinp", "xiota|fully_differential_net14"], "edge_weight": [1, 2, 4], "values": 1, "sub_graph": null, "id": "xiota|fully_differential_MM3"}, {"inst_type": "net", "net_type": "internal", "id": "fully_differential_LG_pmos_l1_cr3_2_Vinp"}, {"inst_type": "nmos", "ports": ["fully_differential_LG_pmos_l1_cr3_2_Voutp", "fully_differential_LG_pmos_l1_cr3_2_Vinn", "xiota|fully_differential_net14"], "edge_weight": [1, 2, 4], "values": 1, "sub_graph": null, "id": "xiota|fully_differential_MM0"}, {"inst_type": "net", "net_type": "internal", "id": "fully_differential_LG_pmos_l1_cr3_2_Vinn"}, {"inst_type": "nmos", "ports": ["fully_differential_LG_pmos_l1_cr3_2_LG_Vbiasp", "fully_differential_LG_pmos_l1_cr3_2_LG_Vbiasn", "xiLG_pmos_l1|LG_pmos_l1_gnd!"], "edge_weight": [1, 2, 4], "values": 1, "sub_graph": null, "id": "xiLG_pmos_l1|LG_pmos_l1_MM0"}, {"inst_type": "net", "net_type": "internal", "id": "xiLG_pmos_l1|LG_pmos_l1_gnd!"}, {"inst_type": "nmos", "ports": ["fully_differential_LG_pmos_l1_cr3_2_LG_Vbiasn", "fully_differential_LG_pmos_l1_cr3_2_LG_Vbiasn", "xiLG_pmos_l1|LG_pmos_l1_gnd!"], "edge_weight": [1, 2, 4], "values": 1, "sub_graph": null, "id": "xiLG_pmos_l1|LG_pmos_l1_MM8"}, {"inst_type": "pmos", "ports": ["fully_differential_LG_pmos_l1_cr3_2_LG_Vbiasp", "fully_differential_LG_pmos_l1_cr3_2_LG_Vbiasp", "xiLG_pmos_l1|LG_pmos_l1_vdd!"], "edge_weight": [1, 2, 4], "values": 1, "sub_graph": null, "id": "xiLG_pmos_l1|LG_pmos_l1_MM3"}, {"inst_type": "net", "net_type": "internal", "id": "xiLG_pmos_l1|LG_pmos_l1_vdd!"}, {"inst_type": "pmos", "ports": ["fully_differential_LG_pmos_l1_cr3_2_LG_Vbiasn", "fully_differential_LG_pmos_l1_cr3_2_Biasp", "xiLG_pmos_l1|LG_pmos_l1_vdd!"], "edge_weight": [1, 2, 4], "values": 1, "sub_graph": null, "id": "xiLG_pmos_l1|LG_pmos_l1_MM10"}, {"inst_type": "net", "net_type": "internal", "id": "fully_differential_LG_pmos_l1_cr3_2_Biasp"}, {"inst_type": "pmos", "ports": ["fully_differential_LG_pmos_l1_cr3_2_Biasp", "fully_differential_LG_pmos_l1_cr3_2_Biasp", "xibCR3_2|CR3_2_vdd!"], "edge_weight": [1, 2, 4], "values": 1, "sub_graph": null, "id": "xibCR3_2|CR3_2_MM3"}, {"inst_type": "net", "net_type": "internal", "id": "xibCR3_2|CR3_2_vdd!"}, {"inst_type": "pmos", "ports": ["fully_differential_LG_pmos_l1_cr3_2_Biasn", "fully_differential_LG_pmos_l1_cr3_2_Biasp", "xibCR3_2|CR3_2_vdd!"], "edge_weight": [1, 2, 4], "values": 1, "sub_graph": null, "id": "xibCR3_2|CR3_2_MM1"}, {"inst_type": "net", "net_type": "internal", "id": "fully_differential_LG_pmos_l1_cr3_2_Biasn"}, {"inst_type": "res", "ports": ["xibCR3_2|CR3_2_net15", "xibCR3_2|CR3_2_gnd!"], "edge_weight": [8, 8], "values": 1, "sub_graph": null, "id": "xibCR3_2|CR3_2_RR0"}, {"inst_type": "net", "net_type": "internal", "id": "xibCR3_2|CR3_2_net15"}, {"inst_type": "net", "net_type": "internal", "id": "xibCR3_2|CR3_2_gnd!"}, {"inst_type": "nmos", "ports": ["fully_differential_LG_pmos_l1_cr3_2_Biasn", "fully_differential_LG_pmos_l1_cr3_2_Biasn", "xibCR3_2|CR3_2_gnd!"], "edge_weight": [1, 2, 4], "values": 1, "sub_graph": null, "id": "xibCR3_2|CR3_2_MM0"}, {"inst_type": "nmos", "ports": ["fully_differential_LG_pmos_l1_cr3_2_Biasp", "fully_differential_LG_pmos_l1_cr3_2_Biasn", "xibCR3_2|CR3_2_net15"], "edge_weight": [1, 2, 4], "values": 1, "sub_graph": null, "id": "xibCR3_2|CR3_2_MM2"}], "links": [{"weight": 1, "source": "xiota|fully_differential_MM1", "target": "fully_differential_LG_pmos_l1_cr3_2_Voutn"}, {"weight": 2, "source": "xiota|fully_differential_MM1", "target": "fully_differential_LG_pmos_l1_cr3_2_LG_Vbiasp"}, {"weight": 4, "source": "xiota|fully_differential_MM1", "target": "xiota|fully_differential_vdd!"}, {"weight": 1, "source": "fully_differential_LG_pmos_l1_cr3_2_Voutn", "target": "xiota|fully_differential_MM3"}, {"weight": 2, "source": "fully_differential_LG_pmos_l1_cr3_2_LG_Vbiasp", "target": "xiota|fully_differential_MM2"}, {"weight": 1, "source": "fully_differential_LG_pmos_l1_cr3_2_LG_Vbiasp", "target": "xiLG_pmos_l1|LG_pmos_l1_MM0"}, {"weight": 3, "source": "fully_differential_LG_pmos_l1_cr3_2_LG_Vbiasp", "target": "xiLG_pmos_l1|LG_pmos_l1_MM3"}, {"weight": 4, "source": "xiota|fully_differential_vdd!", "target": "xiota|fully_differential_MM2"}, {"weight": 1, "source": "xiota|fully_differential_MM2", "target": "fully_differential_LG_pmos_l1_cr3_2_Voutp"}, {"weight": 1, "source": "fully_differential_LG_pmos_l1_cr3_2_Voutp", "target": "xiota|fully_differential_MM0"}, {"weight": 1, "source": "xiota|fully_differential_MM4", "target": "xiota|fully_differential_net14"}, {"weight": 2, "source": "xiota|fully_differential_MM4", "target": "fully_differential_LG_pmos_l1_cr3_2_LG_Vbiasn"}, {"weight": 4, "source": "xiota|fully_differential_MM4", "target": "xiota|fully_differential_gnd!"}, {"weight": 4, "source": "xiota|fully_differential_net14", "target": "xiota|fully_differential_MM3"}, {"weight": 4, "source": "xiota|fully_differential_net14", "target": "xiota|fully_differential_MM0"}, {"weight": 2, "source": "fully_differential_LG_pmos_l1_cr3_2_LG_Vbiasn", "target": "xiLG_pmos_l1|LG_pmos_l1_MM0"}, {"weight": 3, "source": "fully_differential_LG_pmos_l1_cr3_2_LG_Vbiasn", "target": "xiLG_pmos_l1|LG_pmos_l1_MM8"}, {"weight": 1, "source": "fully_differential_LG_pmos_l1_cr3_2_LG_Vbiasn", "target": "xiLG_pmos_l1|LG_pmos_l1_MM10"}, {"weight": 2, "source": "xiota|fully_differential_MM3", "target": "fully_differential_LG_pmos_l1_cr3_2_Vinp"}, {"weight": 2, "source": "xiota|fully_differential_MM0", "target": "fully_differential_LG_pmos_l1_cr3_2_Vinn"}, {"weight": 4, "source": "xiLG_pmos_l1|LG_pmos_l1_MM0", "target": "xiLG_pmos_l1|LG_pmos_l1_gnd!"}, {"weight": 4, "source": "xiLG_pmos_l1|LG_pmos_l1_gnd!", "target": "xiLG_pmos_l1|LG_pmos_l1_MM8"}, {"weight": 4, "source": "xiLG_pmos_l1|LG_pmos_l1_MM3", "target": "xiLG_pmos_l1|LG_pmos_l1_vdd!"}, {"weight": 4, "source": "xiLG_pmos_l1|LG_pmos_l1_vdd!", "target": "xiLG_pmos_l1|LG_pmos_l1_MM10"}, {"weight": 2, "source": "xiLG_pmos_l1|LG_pmos_l1_MM10", "target": "fully_differential_LG_pmos_l1_cr3_2_Biasp"}, {"weight": 3, "source": "fully_differential_LG_pmos_l1_cr3_2_Biasp", "target": "xibCR3_2|CR3_2_MM3"}, {"weight": 2, "source": "fully_differential_LG_pmos_l1_cr3_2_Biasp", "target": "xibCR3_2|CR3_2_MM1"}, {"weight": 1, "source": "fully_differential_LG_pmos_l1_cr3_2_Biasp", "target": "xibCR3_2|CR3_2_MM2"}, {"weight": 4, "source": "xibCR3_2|CR3_2_MM3", "target": "xibCR3_2|CR3_2_vdd!"}, {"weight": 4, "source": "xibCR3_2|CR3_2_vdd!", "target": "xibCR3_2|CR3_2_MM1"}, {"weight": 1, "source": "xibCR3_2|CR3_2_MM1", "target": "fully_differential_LG_pmos_l1_cr3_2_Biasn"}, {"weight": 3, "source": "fully_differential_LG_pmos_l1_cr3_2_Biasn", "target": "xibCR3_2|CR3_2_MM0"}, {"weight": 2, "source": "fully_differential_LG_pmos_l1_cr3_2_Biasn", "target": "xibCR3_2|CR3_2_MM2"}, {"weight": 8, "source": "xibCR3_2|CR3_2_RR0", "target": "xibCR3_2|CR3_2_net15"}, {"weight": 8, "source": "xibCR3_2|CR3_2_RR0", "target": "xibCR3_2|CR3_2_gnd!"}, {"weight": 4, "source": "xibCR3_2|CR3_2_net15", "target": "xibCR3_2|CR3_2_MM2"}, {"weight": 4, "source": "xibCR3_2|CR3_2_gnd!", "target": "xibCR3_2|CR3_2_MM0"}]}