{"directed": false, "multigraph": false, "graph": {}, "nodes": [{"inst_type": "pmos", "ports": ["fully_differential_pmos_LG_nmos_l1_cr11_1_Voutp", "fully_differential_pmos_LG_nmos_l1_cr11_1_Vinn", "xiota|fully_differential_pmos_net12"], "edge_weight": [1, 2, 4], "values": 1, "sub_graph": null, "id": "xiota|fully_differential_pmos_MM7"}, {"inst_type": "net", "net_type": "internal", "id": "fully_differential_pmos_LG_nmos_l1_cr11_1_Voutp"}, {"inst_type": "net", "net_type": "internal", "id": "fully_differential_pmos_LG_nmos_l1_cr11_1_Vinn"}, {"inst_type": "net", "net_type": "internal", "id": "xiota|fully_differential_pmos_net12"}, {"inst_type": "pmos", "ports": ["fully_differential_pmos_LG_nmos_l1_cr11_1_Voutn", "fully_differential_pmos_LG_nmos_l1_cr11_1_Vinp", "xiota|fully_differential_pmos_net12"], "edge_weight": [1, 2, 4], "values": 1, "sub_graph": null, "id": "xiota|fully_differential_pmos_MM6"}, {"inst_type": "net", "net_type": "internal", "id": "fully_differential_pmos_LG_nmos_l1_cr11_1_Voutn"}, {"inst_type": "net", "net_type": "internal", "id": "fully_differential_pmos_LG_nmos_l1_cr11_1_Vinp"}, {"inst_type": "pmos", "ports": ["xiota|fully_differential_pmos_net12", "fully_differential_pmos_LG_nmos_l1_cr11_1_LG_Vbiasp", "xiota|fully_differential_pmos_vdd!"], "edge_weight": [1, 2, 4], "values": 1, "sub_graph": null, "id": "xiota|fully_differential_pmos_MM5"}, {"inst_type": "net", "net_type": "internal", "id": "fully_differential_pmos_LG_nmos_l1_cr11_1_LG_Vbiasp"}, {"inst_type": "net", "net_type": "internal", "id": "xiota|fully_differential_pmos_vdd!"}, {"inst_type": "nmos", "ports": ["fully_differential_pmos_LG_nmos_l1_cr11_1_Voutp", "fully_differential_pmos_LG_nmos_l1_cr11_1_LG_Vbiasn", "xiota|fully_differential_pmos_gnd!"], "edge_weight": [1, 2, 4], "values": 1, "sub_graph": null, "id": "xiota|fully_differential_pmos_MM9"}, {"inst_type": "net", "net_type": "internal", "id": "fully_differential_pmos_LG_nmos_l1_cr11_1_LG_Vbiasn"}, {"inst_type": "net", "net_type": "internal", "id": "xiota|fully_differential_pmos_gnd!"}, {"inst_type": "nmos", "ports": ["fully_differential_pmos_LG_nmos_l1_cr11_1_Voutn", "fully_differential_pmos_LG_nmos_l1_cr11_1_LG_Vbiasn", "xiota|fully_differential_pmos_gnd!"], "edge_weight": [1, 2, 4], "values": 1, "sub_graph": null, "id": "xiota|fully_differential_pmos_MM8"}, {"inst_type": "nmos", "ports": ["fully_differential_pmos_LG_nmos_l1_cr11_1_LG_Vbiasn", "fully_differential_pmos_LG_nmos_l1_cr11_1_LG_Vbiasn", "xiLG_nmos_l1|LG_nmos_l1_gnd!"], "edge_weight": [1, 2, 4], "values": 1, "sub_graph": null, "id": "xiLG_nmos_l1|LG_nmos_l1_MM2"}, {"inst_type": "net", "net_type": "internal", "id": "xiLG_nmos_l1|LG_nmos_l1_gnd!"}, {"inst_type": "nmos", "ports": ["fully_differential_pmos_LG_nmos_l1_cr11_1_LG_Vbiasp", "fully_differential_pmos_LG_nmos_l1_cr11_1_Biasn", "xiLG_nmos_l1|LG_nmos_l1_gnd!"], "edge_weight": [1, 2, 4], "values": 1, "sub_graph": null, "id": "xiLG_nmos_l1|LG_nmos_l1_MM10"}, {"inst_type": "net", "net_type": "internal", "id": "fully_differential_pmos_LG_nmos_l1_cr11_1_Biasn"}, {"inst_type": "pmos", "ports": ["fully_differential_pmos_LG_nmos_l1_cr11_1_LG_Vbiasn", "fully_differential_pmos_LG_nmos_l1_cr11_1_LG_Vbiasp", "xiLG_nmos_l1|LG_nmos_l1_vdd!"], "edge_weight": [1, 2, 4], "values": 1, "sub_graph": null, "id": "xiLG_nmos_l1|LG_nmos_l1_MM1"}, {"inst_type": "net", "net_type": "internal", "id": "xiLG_nmos_l1|LG_nmos_l1_vdd!"}, {"inst_type": "pmos", "ports": ["fully_differential_pmos_LG_nmos_l1_cr11_1_LG_Vbiasp", "fully_differential_pmos_LG_nmos_l1_cr11_1_LG_Vbiasp", "xiLG_nmos_l1|LG_nmos_l1_vdd!"], "edge_weight": [1, 2, 4], "values": 1, "sub_graph": null, "id": "xiLG_nmos_l1|LG_nmos_l1_MM0"}, {"inst_type": "res", "ports": ["xibCR11_1|CR11_1_vdd!", "fully_differential_pmos_LG_nmos_l1_cr11_1_Biasn"], "edge_weight": [8, 8], "values": 1, "sub_graph": null, "id": "xibCR11_1|CR11_1_RRF"}, {"inst_type": "net", "net_type": "internal", "id": "xibCR11_1|CR11_1_vdd!"}, {"inst_type": "nmos", "ports": ["xibCR11_1|CR11_1_net9", "fully_differential_pmos_LG_nmos_l1_cr11_1_Biasn", "xibCR11_1|CR11_1_gnd!"], "edge_weight": [1, 2, 4], "values": 1, "sub_graph": null, "id": "xibCR11_1|CR11_1_MM1"}, {"inst_type": "net", "net_type": "internal", "id": "xibCR11_1|CR11_1_net9"}, {"inst_type": "net", "net_type": "internal", "id": "xibCR11_1|CR11_1_gnd!"}, {"inst_type": "nmos", "ports": ["fully_differential_pmos_LG_nmos_l1_cr11_1_Biasn", "fully_differential_pmos_LG_nmos_l1_cr11_1_Biasn", "xibCR11_1|CR11_1_gnd!"], "edge_weight": [1, 2, 4], "values": 1, "sub_graph": null, "id": "xibCR11_1|CR11_1_MM0"}, {"inst_type": "pmos", "ports": ["xibCR11_1|CR11_1_net9", "xibCR11_1|CR11_1_net9", "xibCR11_1|CR11_1_vdd!"], "edge_weight": [1, 2, 4], "values": 1, "sub_graph": null, "id": "xibCR11_1|CR11_1_MM3"}, {"inst_type": "pmos", "ports": ["fully_differential_pmos_LG_nmos_l1_cr11_1_Biasn", "xibCR11_1|CR11_1_net9", "xibCR11_1|CR11_1_vdd!"], "edge_weight": [1, 2, 4], "values": 1, "sub_graph": null, "id": "xibCR11_1|CR11_1_MM2"}], "links": [{"weight": 1, "source": "xiota|fully_differential_pmos_MM7", "target": "fully_differential_pmos_LG_nmos_l1_cr11_1_Voutp"}, {"weight": 2, "source": "xiota|fully_differential_pmos_MM7", "target": "fully_differential_pmos_LG_nmos_l1_cr11_1_Vinn"}, {"weight": 4, "source": "xiota|fully_differential_pmos_MM7", "target": "xiota|fully_differential_pmos_net12"}, {"weight": 1, "source": "fully_differential_pmos_LG_nmos_l1_cr11_1_Voutp", "target": "xiota|fully_differential_pmos_MM9"}, {"weight": 4, "source": "xiota|fully_differential_pmos_net12", "target": "xiota|fully_differential_pmos_MM6"}, {"weight": 1, "source": "xiota|fully_differential_pmos_net12", "target": "xiota|fully_differential_pmos_MM5"}, {"weight": 1, "source": "xiota|fully_differential_pmos_MM6", "target": "fully_differential_pmos_LG_nmos_l1_cr11_1_Voutn"}, {"weight": 2, "source": "xiota|fully_differential_pmos_MM6", "target": "fully_differential_pmos_LG_nmos_l1_cr11_1_Vinp"}, {"weight": 1, "source": "fully_differential_pmos_LG_nmos_l1_cr11_1_Voutn", "target": "xiota|fully_differential_pmos_MM8"}, {"weight": 2, "source": "xiota|fully_differential_pmos_MM5", "target": "fully_differential_pmos_LG_nmos_l1_cr11_1_LG_Vbiasp"}, {"weight": 4, "source": "xiota|fully_differential_pmos_MM5", "target": "xiota|fully_differential_pmos_vdd!"}, {"weight": 1, "source": "fully_differential_pmos_LG_nmos_l1_cr11_1_LG_Vbiasp", "target": "xiLG_nmos_l1|LG_nmos_l1_MM10"}, {"weight": 2, "source": "fully_differential_pmos_LG_nmos_l1_cr11_1_LG_Vbiasp", "target": "xiLG_nmos_l1|LG_nmos_l1_MM1"}, {"weight": 3, "source": "fully_differential_pmos_LG_nmos_l1_cr11_1_LG_Vbiasp", "target": "xiLG_nmos_l1|LG_nmos_l1_MM0"}, {"weight": 2, "source": "xiota|fully_differential_pmos_MM9", "target": "fully_differential_pmos_LG_nmos_l1_cr11_1_LG_Vbiasn"}, {"weight": 4, "source": "xiota|fully_differential_pmos_MM9", "target": "xiota|fully_differential_pmos_gnd!"}, {"weight": 2, "source": "fully_differential_pmos_LG_nmos_l1_cr11_1_LG_Vbiasn", "target": "xiota|fully_differential_pmos_MM8"}, {"weight": 3, "source": "fully_differential_pmos_LG_nmos_l1_cr11_1_LG_Vbiasn", "target": "xiLG_nmos_l1|LG_nmos_l1_MM2"}, {"weight": 1, "source": "fully_differential_pmos_LG_nmos_l1_cr11_1_LG_Vbiasn", "target": "xiLG_nmos_l1|LG_nmos_l1_MM1"}, {"weight": 4, "source": "xiota|fully_differential_pmos_gnd!", "target": "xiota|fully_differential_pmos_MM8"}, {"weight": 4, "source": "xiLG_nmos_l1|LG_nmos_l1_MM2", "target": "xiLG_nmos_l1|LG_nmos_l1_gnd!"}, {"weight": 4, "source": "xiLG_nmos_l1|LG_nmos_l1_gnd!", "target": "xiLG_nmos_l1|LG_nmos_l1_MM10"}, {"weight": 2, "source": "xiLG_nmos_l1|LG_nmos_l1_MM10", "target": "fully_differential_pmos_LG_nmos_l1_cr11_1_Biasn"}, {"weight": 8, "source": "fully_differential_pmos_LG_nmos_l1_cr11_1_Biasn", "target": "xibCR11_1|CR11_1_RRF"}, {"weight": 2, "source": "fully_differential_pmos_LG_nmos_l1_cr11_1_Biasn", "target": "xibCR11_1|CR11_1_MM1"}, {"weight": 3, "source": "fully_differential_pmos_LG_nmos_l1_cr11_1_Biasn", "target": "xibCR11_1|CR11_1_MM0"}, {"weight": 1, "source": "fully_differential_pmos_LG_nmos_l1_cr11_1_Biasn", "target": "xibCR11_1|CR11_1_MM2"}, {"weight": 4, "source": "xiLG_nmos_l1|LG_nmos_l1_MM1", "target": "xiLG_nmos_l1|LG_nmos_l1_vdd!"}, {"weight": 4, "source": "xiLG_nmos_l1|LG_nmos_l1_vdd!", "target": "xiLG_nmos_l1|LG_nmos_l1_MM0"}, {"weight": 8, "source": "xibCR11_1|CR11_1_RRF", "target": "xibCR11_1|CR11_1_vdd!"}, {"weight": 4, "source": "xibCR11_1|CR11_1_vdd!", "target": "xibCR11_1|CR11_1_MM3"}, {"weight": 4, "source": "xibCR11_1|CR11_1_vdd!", "target": "xibCR11_1|CR11_1_MM2"}, {"weight": 1, "source": "xibCR11_1|CR11_1_MM1", "target": "xibCR11_1|CR11_1_net9"}, {"weight": 4, "source": "xibCR11_1|CR11_1_MM1", "target": "xibCR11_1|CR11_1_gnd!"}, {"weight": 3, "source": "xibCR11_1|CR11_1_net9", "target": "xibCR11_1|CR11_1_MM3"}, {"weight": 2, "source": "xibCR11_1|CR11_1_net9", "target": "xibCR11_1|CR11_1_MM2"}, {"weight": 4, "source": "xibCR11_1|CR11_1_gnd!", "target": "xibCR11_1|CR11_1_MM0"}]}