{"directed": false, "multigraph": false, "graph": {}, "nodes": [{"inst_type": "nmos", "ports": ["fully_differential_gain_boosting_LG_pnmos_cr5_2_Voutn", "xiota|fully_differential_gain_boosting_net22", "xiota|fully_differential_gain_boosting_net23"], "edge_weight": [1, 2, 4], "values": 1, "sub_graph": null, "id": "xiota|fully_differential_gain_boosting_MM8"}, {"inst_type": "net", "net_type": "internal", "id": "fully_differential_gain_boosting_LG_pnmos_cr5_2_Voutn"}, {"inst_type": "net", "net_type": "internal", "id": "xiota|fully_differential_gain_boosting_net22"}, {"inst_type": "net", "net_type": "internal", "id": "xiota|fully_differential_gain_boosting_net23"}, {"inst_type": "nmos", "ports": ["fully_differential_gain_boosting_LG_pnmos_cr5_2_Voutp", "xiota|fully_differential_gain_boosting_net19", "xiota|fully_differential_gain_boosting_net21"], "edge_weight": [1, 2, 4], "values": 1, "sub_graph": null, "id": "xiota|fully_differential_gain_boosting_MM7"}, {"inst_type": "net", "net_type": "internal", "id": "fully_differential_gain_boosting_LG_pnmos_cr5_2_Voutp"}, {"inst_type": "net", "net_type": "internal", "id": "xiota|fully_differential_gain_boosting_net19"}, {"inst_type": "net", "net_type": "internal", "id": "xiota|fully_differential_gain_boosting_net21"}, {"inst_type": "nmos", "ports": ["xiota|fully_differential_gain_boosting_net23", "fully_differential_gain_boosting_LG_pnmos_cr5_2_Vinp", "xiota|fully_differential_gain_boosting_net15"], "edge_weight": [1, 2, 4], "values": 1, "sub_graph": null, "id": "xiota|fully_differential_gain_boosting_MM3"}, {"inst_type": "net", "net_type": "internal", "id": "fully_differential_gain_boosting_LG_pnmos_cr5_2_Vinp"}, {"inst_type": "net", "net_type": "internal", "id": "xiota|fully_differential_gain_boosting_net15"}, {"inst_type": "nmos", "ports": ["xiota|fully_differential_gain_boosting_net21", "fully_differential_gain_boosting_LG_pnmos_cr5_2_Vinn", "xiota|fully_differential_gain_boosting_net15"], "edge_weight": [1, 2, 4], "values": 1, "sub_graph": null, "id": "xiota|fully_differential_gain_boosting_MM0"}, {"inst_type": "net", "net_type": "internal", "id": "fully_differential_gain_boosting_LG_pnmos_cr5_2_Vinn"}, {"inst_type": "nmos", "ports": ["xiota|fully_differential_gain_boosting_net15", "fully_differential_gain_boosting_LG_pnmos_cr5_2_LG_Vbiasn", "xiota|fully_differential_gain_boosting_gnd!"], "edge_weight": [1, 2, 4], "values": 1, "sub_graph": null, "id": "xiota|fully_differential_gain_boosting_MM4"}, {"inst_type": "net", "net_type": "internal", "id": "fully_differential_gain_boosting_LG_pnmos_cr5_2_LG_Vbiasn"}, {"inst_type": "net", "net_type": "internal", "id": "xiota|fully_differential_gain_boosting_gnd!"}, {"inst_type": "pmos", "ports": ["fully_differential_gain_boosting_LG_pnmos_cr5_2_Voutn", "xiota|fully_differential_gain_boosting_net24", "xiota|fully_differential_gain_boosting_net25"], "edge_weight": [1, 2, 4], "values": 1, "sub_graph": null, "id": "xiota|fully_differential_gain_boosting_MM6"}, {"inst_type": "net", "net_type": "internal", "id": "xiota|fully_differential_gain_boosting_net24"}, {"inst_type": "net", "net_type": "internal", "id": "xiota|fully_differential_gain_boosting_net25"}, {"inst_type": "pmos", "ports": ["fully_differential_gain_boosting_LG_pnmos_cr5_2_Voutp", "xiota|fully_differential_gain_boosting_net20", "xiota|fully_differential_gain_boosting_net12"], "edge_weight": [1, 2, 4], "values": 1, "sub_graph": null, "id": "xiota|fully_differential_gain_boosting_MM5"}, {"inst_type": "net", "net_type": "internal", "id": "xiota|fully_differential_gain_boosting_net20"}, {"inst_type": "net", "net_type": "internal", "id": "xiota|fully_differential_gain_boosting_net12"}, {"inst_type": "pmos", "ports": ["xiota|fully_differential_gain_boosting_net25", "fully_differential_gain_boosting_LG_pnmos_cr5_2_LG_Vbiasp", "xiota|fully_differential_gain_boosting_vdd!"], "edge_weight": [1, 2, 4], "values": 1, "sub_graph": null, "id": "xiota|fully_differential_gain_boosting_MM1"}, {"inst_type": "net", "net_type": "internal", "id": "fully_differential_gain_boosting_LG_pnmos_cr5_2_LG_Vbiasp"}, {"inst_type": "net", "net_type": "internal", "id": "xiota|fully_differential_gain_boosting_vdd!"}, {"inst_type": "pmos", "ports": ["xiota|fully_differential_gain_boosting_net12", "fully_differential_gain_boosting_LG_pnmos_cr5_2_LG_Vbiasp", "xiota|fully_differential_gain_boosting_vdd!"], "edge_weight": [1, 2, 4], "values": 1, "sub_graph": null, "id": "xiota|fully_differential_gain_boosting_MM2"}, {"inst_type": "pmos", "ports": ["xiota|fully_differential_gain_boosting_net24", "xiota|XI3|fully_differential_Vbiasp", "xiota|XI3|fully_differential_vdd!"], "edge_weight": [1, 2, 4], "values": 1, "sub_graph": null, "id": "xiota|XI3|fully_differential_MM1"}, {"inst_type": "net", "net_type": "internal", "id": "xiota|XI3|fully_differential_Vbiasp"}, {"inst_type": "net", "net_type": "internal", "id": "xiota|XI3|fully_differential_vdd!"}, {"inst_type": "pmos", "ports": ["xiota|fully_differential_gain_boosting_net20", "xiota|XI3|fully_differential_Vbiasp", "xiota|XI3|fully_differential_vdd!"], "edge_weight": [1, 2, 4], "values": 1, "sub_graph": null, "id": "xiota|XI3|fully_differential_MM2"}, {"inst_type": "nmos", "ports": ["xiota|XI3|fully_differential_net14", "xiota|XI3|fully_differential_Vbiasn", "xiota|XI3|fully_differential_gnd!"], "edge_weight": [1, 2, 4], "values": 1, "sub_graph": null, "id": "xiota|XI3|fully_differential_MM4"}, {"inst_type": "net", "net_type": "internal", "id": "xiota|XI3|fully_differential_net14"}, {"inst_type": "net", "net_type": "internal", "id": "xiota|XI3|fully_differential_Vbiasn"}, {"inst_type": "net", "net_type": "internal", "id": "xiota|XI3|fully_differential_gnd!"}, {"inst_type": "nmos", "ports": ["xiota|fully_differential_gain_boosting_net24", "xiota|fully_differential_gain_boosting_net25", "xiota|XI3|fully_differential_net14"], "edge_weight": [1, 2, 4], "values": 1, "sub_graph": null, "id": "xiota|XI3|fully_differential_MM3"}, {"inst_type": "nmos", "ports": ["xiota|fully_differential_gain_boosting_net20", "xiota|fully_differential_gain_boosting_net12", "xiota|XI3|fully_differential_net14"], "edge_weight": [1, 2, 4], "values": 1, "sub_graph": null, "id": "xiota|XI3|fully_differential_MM0"}, {"inst_type": "pmos", "ports": ["xiota|fully_differential_gain_boosting_net19", "xiota|XI1|fully_differential_Vbiasp", "xiota|XI1|fully_differential_vdd!"], "edge_weight": [1, 2, 4], "values": 1, "sub_graph": null, "id": "xiota|XI1|fully_differential_MM1"}, {"inst_type": "net", "net_type": "internal", "id": "xiota|XI1|fully_differential_Vbiasp"}, {"inst_type": "net", "net_type": "internal", "id": "xiota|XI1|fully_differential_vdd!"}, {"inst_type": "pmos", "ports": ["xiota|fully_differential_gain_boosting_net22", "xiota|XI1|fully_differential_Vbiasp", "xiota|XI1|fully_differential_vdd!"], "edge_weight": [1, 2, 4], "values": 1, "sub_graph": null, "id": "xiota|XI1|fully_differential_MM2"}, {"inst_type": "nmos", "ports": ["xiota|XI1|fully_differential_net14", "xiota|XI1|fully_differential_Vbiasn", "xiota|XI1|fully_differential_gnd!"], "edge_weight": [1, 2, 4], "values": 1, "sub_graph": null, "id": "xiota|XI1|fully_differential_MM4"}, {"inst_type": "net", "net_type": "internal", "id": "xiota|XI1|fully_differential_net14"}, {"inst_type": "net", "net_type": "internal", "id": "xiota|XI1|fully_differential_Vbiasn"}, {"inst_type": "net", "net_type": "internal", "id": "xiota|XI1|fully_differential_gnd!"}, {"inst_type": "nmos", "ports": ["xiota|fully_differential_gain_boosting_net19", "xiota|fully_differential_gain_boosting_net21", "xiota|XI1|fully_differential_net14"], "edge_weight": [1, 2, 4], "values": 1, "sub_graph": null, "id": "xiota|XI1|fully_differential_MM3"}, {"inst_type": "nmos", "ports": ["xiota|fully_differential_gain_boosting_net22", "xiota|fully_differential_gain_boosting_net23", "xiota|XI1|fully_differential_net14"], "edge_weight": [1, 2, 4], "values": 1, "sub_graph": null, "id": "xiota|XI1|fully_differential_MM0"}, {"inst_type": "nmos", "ports": ["fully_differential_gain_boosting_LG_pnmos_cr5_2_LG_Vbiasn", "fully_differential_gain_boosting_LG_pnmos_cr5_2_LG_Vbiasn", "xiLG_pnmos|LG_pnmos_gnd!"], "edge_weight": [1, 2, 4], "values": 1, "sub_graph": null, "id": "xiLG_pnmos|LG_pnmos_MM1"}, {"inst_type": "net", "net_type": "internal", "id": "xiLG_pnmos|LG_pnmos_gnd!"}, {"inst_type": "nmos", "ports": ["fully_differential_gain_boosting_LG_pnmos_cr5_2_LG_Vbiasp", "xiLG_pnmos|LG_pnmos_net6", "xiLG_pnmos|LG_pnmos_gnd!"], "edge_weight": [1, 2, 4], "values": 1, "sub_graph": null, "id": "xiLG_pnmos|LG_pnmos_MM0"}, {"inst_type": "net", "net_type": "internal", "id": "xiLG_pnmos|LG_pnmos_net6"}, {"inst_type": "nmos", "ports": ["xiLG_pnmos|LG_pnmos_net6", "xiLG_pnmos|LG_pnmos_net6", "xiLG_pnmos|LG_pnmos_gnd!"], "edge_weight": [1, 2, 4], "values": 1, "sub_graph": null, "id": "xiLG_pnmos|LG_pnmos_MM8"}, {"inst_type": "pmos", "ports": ["fully_differential_gain_boosting_LG_pnmos_cr5_2_LG_Vbiasn", "fully_differential_gain_boosting_LG_pnmos_cr5_2_LG_Vbiasp", "xiLG_pnmos|LG_pnmos_vdd!"], "edge_weight": [1, 2, 4], "values": 1, "sub_graph": null, "id": "xiLG_pnmos|LG_pnmos_MM2"}, {"inst_type": "net", "net_type": "internal", "id": "xiLG_pnmos|LG_pnmos_vdd!"}, {"inst_type": "pmos", "ports": ["fully_differential_gain_boosting_LG_pnmos_cr5_2_LG_Vbiasp", "fully_differential_gain_boosting_LG_pnmos_cr5_2_LG_Vbiasp", "xiLG_pnmos|LG_pnmos_vdd!"], "edge_weight": [1, 2, 4], "values": 1, "sub_graph": null, "id": "xiLG_pnmos|LG_pnmos_MM3"}, {"inst_type": "pmos", "ports": ["xiLG_pnmos|LG_pnmos_net6", "fully_differential_gain_boosting_LG_pnmos_cr5_2_Biasp", "xiLG_pnmos|LG_pnmos_vdd!"], "edge_weight": [1, 2, 4], "values": 1, "sub_graph": null, "id": "xiLG_pnmos|LG_pnmos_MM10"}, {"inst_type": "net", "net_type": "internal", "id": "fully_differential_gain_boosting_LG_pnmos_cr5_2_Biasp"}, {"inst_type": "nmos", "ports": ["xibCR5_2|CR5_2_net014", "xibCR5_2|CR5_2_net014", "xibCR5_2|CR5_2_gnd!"], "edge_weight": [1, 2, 4], "values": 1, "sub_graph": null, "id": "xibCR5_2|CR5_2_MM5"}, {"inst_type": "net", "net_type": "internal", "id": "xibCR5_2|CR5_2_net014"}, {"inst_type": "net", "net_type": "internal", "id": "xibCR5_2|CR5_2_gnd!"}, {"inst_type": "nmos", "ports": ["xibCR5_2|CR5_2_net15", "xibCR5_2|CR5_2_net014", "xibCR5_2|CR5_2_gnd!"], "edge_weight": [1, 2, 4], "values": 1, "sub_graph": null, "id": "xibCR5_2|CR5_2_MM4"}, {"inst_type": "net", "net_type": "internal", "id": "xibCR5_2|CR5_2_net15"}, {"inst_type": "nmos", "ports": ["fully_differential_gain_boosting_LG_pnmos_cr5_2_Biasp", "fully_differential_gain_boosting_LG_pnmos_cr5_2_Biasn", "xibCR5_2|CR5_2_net15"], "edge_weight": [1, 2, 4], "values": 1, "sub_graph": null, "id": "xibCR5_2|CR5_2_MM2"}, {"inst_type": "net", "net_type": "internal", "id": "fully_differential_gain_boosting_LG_pnmos_cr5_2_Biasn"}, {"inst_type": "nmos", "ports": ["fully_differential_gain_boosting_LG_pnmos_cr5_2_Biasn", "fully_differential_gain_boosting_LG_pnmos_cr5_2_Biasn", "xibCR5_2|CR5_2_gnd!"], "edge_weight": [1, 2, 4], "values": 1, "sub_graph": null, "id": "xibCR5_2|CR5_2_MM0"}, {"inst_type": "pmos", "ports": ["xibCR5_2|CR5_2_net014", "fully_differential_gain_boosting_LG_pnmos_cr5_2_Biasp", "xibCR5_2|CR5_2_vdd!"], "edge_weight": [1, 2, 4], "values": 1, "sub_graph": null, "id": "xibCR5_2|CR5_2_MM6"}, {"inst_type": "net", "net_type": "internal", "id": "xibCR5_2|CR5_2_vdd!"}, {"inst_type": "pmos", "ports": ["fully_differential_gain_boosting_LG_pnmos_cr5_2_Biasp", "fully_differential_gain_boosting_LG_pnmos_cr5_2_Biasp", "xibCR5_2|CR5_2_vdd!"], "edge_weight": [1, 2, 4], "values": 1, "sub_graph": null, "id": "xibCR5_2|CR5_2_MM3"}, {"inst_type": "pmos", "ports": ["fully_differential_gain_boosting_LG_pnmos_cr5_2_Biasn", "fully_differential_gain_boosting_LG_pnmos_cr5_2_Biasp", "xibCR5_2|CR5_2_vdd!"], "edge_weight": [1, 2, 4], "values": 1, "sub_graph": null, "id": "xibCR5_2|CR5_2_MM1"}], "links": [{"weight": 1, "source": "xiota|fully_differential_gain_boosting_MM8", "target": "fully_differential_gain_boosting_LG_pnmos_cr5_2_Voutn"}, {"weight": 2, "source": "xiota|fully_differential_gain_boosting_MM8", "target": "xiota|fully_differential_gain_boosting_net22"}, {"weight": 4, "source": "xiota|fully_differential_gain_boosting_MM8", "target": "xiota|fully_differential_gain_boosting_net23"}, {"weight": 1, "source": "fully_differential_gain_boosting_LG_pnmos_cr5_2_Voutn", "target": "xiota|fully_differential_gain_boosting_MM6"}, {"weight": 1, "source": "xiota|fully_differential_gain_boosting_net22", "target": "xiota|XI1|fully_differential_MM2"}, {"weight": 1, "source": "xiota|fully_differential_gain_boosting_net22", "target": "xiota|XI1|fully_differential_MM0"}, {"weight": 1, "source": "xiota|fully_differential_gain_boosting_net23", "target": "xiota|fully_differential_gain_boosting_MM3"}, {"weight": 2, "source": "xiota|fully_differential_gain_boosting_net23", "target": "xiota|XI1|fully_differential_MM0"}, {"weight": 1, "source": "xiota|fully_differential_gain_boosting_MM7", "target": "fully_differential_gain_boosting_LG_pnmos_cr5_2_Voutp"}, {"weight": 2, "source": "xiota|fully_differential_gain_boosting_MM7", "target": "xiota|fully_differential_gain_boosting_net19"}, {"weight": 4, "source": "xiota|fully_differential_gain_boosting_MM7", "target": "xiota|fully_differential_gain_boosting_net21"}, {"weight": 1, "source": "fully_differential_gain_boosting_LG_pnmos_cr5_2_Voutp", "target": "xiota|fully_differential_gain_boosting_MM5"}, {"weight": 1, "source": "xiota|fully_differential_gain_boosting_net19", "target": "xiota|XI1|fully_differential_MM1"}, {"weight": 1, "source": "xiota|fully_differential_gain_boosting_net19", "target": "xiota|XI1|fully_differential_MM3"}, {"weight": 1, "source": "xiota|fully_differential_gain_boosting_net21", "target": "xiota|fully_differential_gain_boosting_MM0"}, {"weight": 2, "source": "xiota|fully_differential_gain_boosting_net21", "target": "xiota|XI1|fully_differential_MM3"}, {"weight": 2, "source": "xiota|fully_differential_gain_boosting_MM3", "target": "fully_differential_gain_boosting_LG_pnmos_cr5_2_Vinp"}, {"weight": 4, "source": "xiota|fully_differential_gain_boosting_MM3", "target": "xiota|fully_differential_gain_boosting_net15"}, {"weight": 4, "source": "xiota|fully_differential_gain_boosting_net15", "target": "xiota|fully_differential_gain_boosting_MM0"}, {"weight": 1, "source": "xiota|fully_differential_gain_boosting_net15", "target": "xiota|fully_differential_gain_boosting_MM4"}, {"weight": 2, "source": "xiota|fully_differential_gain_boosting_MM0", "target": "fully_differential_gain_boosting_LG_pnmos_cr5_2_Vinn"}, {"weight": 2, "source": "xiota|fully_differential_gain_boosting_MM4", "target": "fully_differential_gain_boosting_LG_pnmos_cr5_2_LG_Vbiasn"}, {"weight": 4, "source": "xiota|fully_differential_gain_boosting_MM4", "target": "xiota|fully_differential_gain_boosting_gnd!"}, {"weight": 3, "source": "fully_differential_gain_boosting_LG_pnmos_cr5_2_LG_Vbiasn", "target": "xiLG_pnmos|LG_pnmos_MM1"}, {"weight": 1, "source": "fully_differential_gain_boosting_LG_pnmos_cr5_2_LG_Vbiasn", "target": "xiLG_pnmos|LG_pnmos_MM2"}, {"weight": 2, "source": "xiota|fully_differential_gain_boosting_MM6", "target": "xiota|fully_differential_gain_boosting_net24"}, {"weight": 4, "source": "xiota|fully_differential_gain_boosting_MM6", "target": "xiota|fully_differential_gain_boosting_net25"}, {"weight": 1, "source": "xiota|fully_differential_gain_boosting_net24", "target": "xiota|XI3|fully_differential_MM1"}, {"weight": 1, "source": "xiota|fully_differential_gain_boosting_net24", "target": "xiota|XI3|fully_differential_MM3"}, {"weight": 1, "source": "xiota|fully_differential_gain_boosting_net25", "target": "xiota|fully_differential_gain_boosting_MM1"}, {"weight": 2, "source": "xiota|fully_differential_gain_boosting_net25", "target": "xiota|XI3|fully_differential_MM3"}, {"weight": 2, "source": "xiota|fully_differential_gain_boosting_MM5", "target": "xiota|fully_differential_gain_boosting_net20"}, {"weight": 4, "source": "xiota|fully_differential_gain_boosting_MM5", "target": "xiota|fully_differential_gain_boosting_net12"}, {"weight": 1, "source": "xiota|fully_differential_gain_boosting_net20", "target": "xiota|XI3|fully_differential_MM2"}, {"weight": 1, "source": "xiota|fully_differential_gain_boosting_net20", "target": "xiota|XI3|fully_differential_MM0"}, {"weight": 1, "source": "xiota|fully_differential_gain_boosting_net12", "target": "xiota|fully_differential_gain_boosting_MM2"}, {"weight": 2, "source": "xiota|fully_differential_gain_boosting_net12", "target": "xiota|XI3|fully_differential_MM0"}, {"weight": 2, "source": "xiota|fully_differential_gain_boosting_MM1", "target": "fully_differential_gain_boosting_LG_pnmos_cr5_2_LG_Vbiasp"}, {"weight": 4, "source": "xiota|fully_differential_gain_boosting_MM1", "target": "xiota|fully_differential_gain_boosting_vdd!"}, {"weight": 2, "source": "fully_differential_gain_boosting_LG_pnmos_cr5_2_LG_Vbiasp", "target": "xiota|fully_differential_gain_boosting_MM2"}, {"weight": 1, "source": "fully_differential_gain_boosting_LG_pnmos_cr5_2_LG_Vbiasp", "target": "xiLG_pnmos|LG_pnmos_MM0"}, {"weight": 2, "source": "fully_differential_gain_boosting_LG_pnmos_cr5_2_LG_Vbiasp", "target": "xiLG_pnmos|LG_pnmos_MM2"}, {"weight": 3, "source": "fully_differential_gain_boosting_LG_pnmos_cr5_2_LG_Vbiasp", "target": "xiLG_pnmos|LG_pnmos_MM3"}, {"weight": 4, "source": "xiota|fully_differential_gain_boosting_vdd!", "target": "xiota|fully_differential_gain_boosting_MM2"}, {"weight": 2, "source": "xiota|XI3|fully_differential_MM1", "target": "xiota|XI3|fully_differential_Vbiasp"}, {"weight": 4, "source": "xiota|XI3|fully_differential_MM1", "target": "xiota|XI3|fully_differential_vdd!"}, {"weight": 2, "source": "xiota|XI3|fully_differential_Vbiasp", "target": "xiota|XI3|fully_differential_MM2"}, {"weight": 4, "source": "xiota|XI3|fully_differential_vdd!", "target": "xiota|XI3|fully_differential_MM2"}, {"weight": 1, "source": "xiota|XI3|fully_differential_MM4", "target": "xiota|XI3|fully_differential_net14"}, {"weight": 2, "source": "xiota|XI3|fully_differential_MM4", "target": "xiota|XI3|fully_differential_Vbiasn"}, {"weight": 4, "source": "xiota|XI3|fully_differential_MM4", "target": "xiota|XI3|fully_differential_gnd!"}, {"weight": 4, "source": "xiota|XI3|fully_differential_net14", "target": "xiota|XI3|fully_differential_MM3"}, {"weight": 4, "source": "xiota|XI3|fully_differential_net14", "target": "xiota|XI3|fully_differential_MM0"}, {"weight": 2, "source": "xiota|XI1|fully_differential_MM1", "target": "xiota|XI1|fully_differential_Vbiasp"}, {"weight": 4, "source": "xiota|XI1|fully_differential_MM1", "target": "xiota|XI1|fully_differential_vdd!"}, {"weight": 2, "source": "xiota|XI1|fully_differential_Vbiasp", "target": "xiota|XI1|fully_differential_MM2"}, {"weight": 4, "source": "xiota|XI1|fully_differential_vdd!", "target": "xiota|XI1|fully_differential_MM2"}, {"weight": 1, "source": "xiota|XI1|fully_differential_MM4", "target": "xiota|XI1|fully_differential_net14"}, {"weight": 2, "source": "xiota|XI1|fully_differential_MM4", "target": "xiota|XI1|fully_differential_Vbiasn"}, {"weight": 4, "source": "xiota|XI1|fully_differential_MM4", "target": "xiota|XI1|fully_differential_gnd!"}, {"weight": 4, "source": "xiota|XI1|fully_differential_net14", "target": "xiota|XI1|fully_differential_MM3"}, {"weight": 4, "source": "xiota|XI1|fully_differential_net14", "target": "xiota|XI1|fully_differential_MM0"}, {"weight": 4, "source": "xiLG_pnmos|LG_pnmos_MM1", "target": "xiLG_pnmos|LG_pnmos_gnd!"}, {"weight": 4, "source": "xiLG_pnmos|LG_pnmos_gnd!", "target": "xiLG_pnmos|LG_pnmos_MM0"}, {"weight": 4, "source": "xiLG_pnmos|LG_pnmos_gnd!", "target": "xiLG_pnmos|LG_pnmos_MM8"}, {"weight": 2, "source": "xiLG_pnmos|LG_pnmos_MM0", "target": "xiLG_pnmos|LG_pnmos_net6"}, {"weight": 3, "source": "xiLG_pnmos|LG_pnmos_net6", "target": "xiLG_pnmos|LG_pnmos_MM8"}, {"weight": 1, "source": "xiLG_pnmos|LG_pnmos_net6", "target": "xiLG_pnmos|LG_pnmos_MM10"}, {"weight": 4, "source": "xiLG_pnmos|LG_pnmos_MM2", "target": "xiLG_pnmos|LG_pnmos_vdd!"}, {"weight": 4, "source": "xiLG_pnmos|LG_pnmos_vdd!", "target": "xiLG_pnmos|LG_pnmos_MM3"}, {"weight": 4, "source": "xiLG_pnmos|LG_pnmos_vdd!", "target": "xiLG_pnmos|LG_pnmos_MM10"}, {"weight": 2, "source": "xiLG_pnmos|LG_pnmos_MM10", "target": "fully_differential_gain_boosting_LG_pnmos_cr5_2_Biasp"}, {"weight": 1, "source": "fully_differential_gain_boosting_LG_pnmos_cr5_2_Biasp", "target": "xibCR5_2|CR5_2_MM2"}, {"weight": 2, "source": "fully_differential_gain_boosting_LG_pnmos_cr5_2_Biasp", "target": "xibCR5_2|CR5_2_MM6"}, {"weight": 3, "source": "fully_differential_gain_boosting_LG_pnmos_cr5_2_Biasp", "target": "xibCR5_2|CR5_2_MM3"}, {"weight": 2, "source": "fully_differential_gain_boosting_LG_pnmos_cr5_2_Biasp", "target": "xibCR5_2|CR5_2_MM1"}, {"weight": 3, "source": "xibCR5_2|CR5_2_MM5", "target": "xibCR5_2|CR5_2_net014"}, {"weight": 4, "source": "xibCR5_2|CR5_2_MM5", "target": "xibCR5_2|CR5_2_gnd!"}, {"weight": 2, "source": "xibCR5_2|CR5_2_net014", "target": "xibCR5_2|CR5_2_MM4"}, {"weight": 1, "source": "xibCR5_2|CR5_2_net014", "target": "xibCR5_2|CR5_2_MM6"}, {"weight": 4, "source": "xibCR5_2|CR5_2_gnd!", "target": "xibCR5_2|CR5_2_MM4"}, {"weight": 4, "source": "xibCR5_2|CR5_2_gnd!", "target": "xibCR5_2|CR5_2_MM0"}, {"weight": 1, "source": "xibCR5_2|CR5_2_MM4", "target": "xibCR5_2|CR5_2_net15"}, {"weight": 4, "source": "xibCR5_2|CR5_2_net15", "target": "xibCR5_2|CR5_2_MM2"}, {"weight": 2, "source": "xibCR5_2|CR5_2_MM2", "target": "fully_differential_gain_boosting_LG_pnmos_cr5_2_Biasn"}, {"weight": 3, "source": "fully_differential_gain_boosting_LG_pnmos_cr5_2_Biasn", "target": "xibCR5_2|CR5_2_MM0"}, {"weight": 1, "source": "fully_differential_gain_boosting_LG_pnmos_cr5_2_Biasn", "target": "xibCR5_2|CR5_2_MM1"}, {"weight": 4, "source": "xibCR5_2|CR5_2_MM6", "target": "xibCR5_2|CR5_2_vdd!"}, {"weight": 4, "source": "xibCR5_2|CR5_2_vdd!", "target": "xibCR5_2|CR5_2_MM3"}, {"weight": 4, "source": "xibCR5_2|CR5_2_vdd!", "target": "xibCR5_2|CR5_2_MM1"}]}