{"directed": false, "multigraph": false, "graph": {}, "nodes": [{"inst_type": "pmos", "ports": ["fully_differential_miller_compensated_LG_npmos_cr13_1_Voutp", "xiota|fully_differential_miller_compensated_net15", "xiota|fully_differential_miller_compensated_vdd!"], "edge_weight": [1, 2, 4], "values": 1, "sub_graph": null, "id": "xiota|fully_differential_miller_compensated_MM7"}, {"inst_type": "net", "net_type": "internal", "id": "fully_differential_miller_compensated_LG_npmos_cr13_1_Voutp"}, {"inst_type": "net", "net_type": "internal", "id": "xiota|fully_differential_miller_compensated_net15"}, {"inst_type": "net", "net_type": "internal", "id": "xiota|fully_differential_miller_compensated_vdd!"}, {"inst_type": "pmos", "ports": ["xiota|fully_differential_miller_compensated_net22", "fully_differential_miller_compensated_LG_npmos_cr13_1_LG_Vbiasp", "xiota|fully_differential_miller_compensated_vdd!"], "edge_weight": [1, 2, 4], "values": 1, "sub_graph": null, "id": "xiota|fully_differential_miller_compensated_MM1"}, {"inst_type": "net", "net_type": "internal", "id": "xiota|fully_differential_miller_compensated_net22"}, {"inst_type": "net", "net_type": "internal", "id": "fully_differential_miller_compensated_LG_npmos_cr13_1_LG_Vbiasp"}, {"inst_type": "pmos", "ports": ["xiota|fully_differential_miller_compensated_net15", "fully_differential_miller_compensated_LG_npmos_cr13_1_LG_Vbiasp", "xiota|fully_differential_miller_compensated_vdd!"], "edge_weight": [1, 2, 4], "values": 1, "sub_graph": null, "id": "xiota|fully_differential_miller_compensated_MM2"}, {"inst_type": "pmos", "ports": ["fully_differential_miller_compensated_LG_npmos_cr13_1_Voutn", "xiota|fully_differential_miller_compensated_net22", "xiota|fully_differential_miller_compensated_vdd!"], "edge_weight": [1, 2, 4], "values": 1, "sub_graph": null, "id": "xiota|fully_differential_miller_compensated_MM5"}, {"inst_type": "net", "net_type": "internal", "id": "fully_differential_miller_compensated_LG_npmos_cr13_1_Voutn"}, {"inst_type": "nmos", "ports": ["fully_differential_miller_compensated_LG_npmos_cr13_1_Voutp", "fully_differential_miller_compensated_LG_npmos_cr13_1_LG_Vbiasn", "xiota|fully_differential_miller_compensated_gnd!"], "edge_weight": [1, 2, 4], "values": 1, "sub_graph": null, "id": "xiota|fully_differential_miller_compensated_MM8"}, {"inst_type": "net", "net_type": "internal", "id": "fully_differential_miller_compensated_LG_npmos_cr13_1_LG_Vbiasn"}, {"inst_type": "net", "net_type": "internal", "id": "xiota|fully_differential_miller_compensated_gnd!"}, {"inst_type": "nmos", "ports": ["xiota|fully_differential_miller_compensated_net22", "fully_differential_miller_compensated_LG_npmos_cr13_1_Vinp", "xiota|fully_differential_miller_compensated_net21"], "edge_weight": [1, 2, 4], "values": 1, "sub_graph": null, "id": "xiota|fully_differential_miller_compensated_MM3"}, {"inst_type": "net", "net_type": "internal", "id": "fully_differential_miller_compensated_LG_npmos_cr13_1_Vinp"}, {"inst_type": "net", "net_type": "internal", "id": "xiota|fully_differential_miller_compensated_net21"}, {"inst_type": "nmos", "ports": ["xiota|fully_differential_miller_compensated_net15", "fully_differential_miller_compensated_LG_npmos_cr13_1_Vinn", "xiota|fully_differential_miller_compensated_net21"], "edge_weight": [1, 2, 4], "values": 1, "sub_graph": null, "id": "xiota|fully_differential_miller_compensated_MM0"}, {"inst_type": "net", "net_type": "internal", "id": "fully_differential_miller_compensated_LG_npmos_cr13_1_Vinn"}, {"inst_type": "nmos", "ports": ["xiota|fully_differential_miller_compensated_net21", "fully_differential_miller_compensated_LG_npmos_cr13_1_LG_Vbiasn", "xiota|fully_differential_miller_compensated_gnd!"], "edge_weight": [1, 2, 4], "values": 1, "sub_graph": null, "id": "xiota|fully_differential_miller_compensated_MM4"}, {"inst_type": "nmos", "ports": ["fully_differential_miller_compensated_LG_npmos_cr13_1_Voutn", "fully_differential_miller_compensated_LG_npmos_cr13_1_LG_Vbiasn", "xiota|fully_differential_miller_compensated_gnd!"], "edge_weight": [1, 2, 4], "values": 1, "sub_graph": null, "id": "xiota|fully_differential_miller_compensated_MM6"}, {"inst_type": "cap", "ports": ["fully_differential_miller_compensated_LG_npmos_cr13_1_Voutp", "xiota|fully_differential_miller_compensated_net15"], "edge_weight": [8, 8], "values": 1.0, "sub_graph": null, "id": "xiota|fully_differential_miller_compensated_CC1"}, {"inst_type": "cap", "ports": ["fully_differential_miller_compensated_LG_npmos_cr13_1_Voutn", "xiota|fully_differential_miller_compensated_net22"], "edge_weight": [8, 8], "values": 1.0, "sub_graph": null, "id": "xiota|fully_differential_miller_compensated_CC0"}, {"inst_type": "nmos", "ports": ["fully_differential_miller_compensated_LG_npmos_cr13_1_LG_Vbiasp", "fully_differential_miller_compensated_LG_npmos_cr13_1_LG_Vbiasn", "xiLG_npmos|LG_npmos_gnd!"], "edge_weight": [1, 2, 4], "values": 1, "sub_graph": null, "id": "xiLG_npmos|LG_npmos_MM4"}, {"inst_type": "net", "net_type": "internal", "id": "xiLG_npmos|LG_npmos_gnd!"}, {"inst_type": "nmos", "ports": ["fully_differential_miller_compensated_LG_npmos_cr13_1_LG_Vbiasn", "fully_differential_miller_compensated_LG_npmos_cr13_1_LG_Vbiasn", "xiLG_npmos|LG_npmos_gnd!"], "edge_weight": [1, 2, 4], "values": 1, "sub_graph": null, "id": "xiLG_npmos|LG_npmos_MM2"}, {"inst_type": "nmos", "ports": ["xiLG_npmos|LG_npmos_neta", "fully_differential_miller_compensated_LG_npmos_cr13_1_Biasn", "xiLG_npmos|LG_npmos_gnd!"], "edge_weight": [1, 2, 4], "values": 1, "sub_graph": null, "id": "xiLG_npmos|LG_npmos_MM10"}, {"inst_type": "net", "net_type": "internal", "id": "xiLG_npmos|LG_npmos_neta"}, {"inst_type": "net", "net_type": "internal", "id": "fully_differential_miller_compensated_LG_npmos_cr13_1_Biasn"}, {"inst_type": "pmos", "ports": ["fully_differential_miller_compensated_LG_npmos_cr13_1_LG_Vbiasp", "fully_differential_miller_compensated_LG_npmos_cr13_1_LG_Vbiasp", "xiLG_npmos|LG_npmos_vdd!"], "edge_weight": [1, 2, 4], "values": 1, "sub_graph": null, "id": "xiLG_npmos|LG_npmos_MM3"}, {"inst_type": "net", "net_type": "internal", "id": "xiLG_npmos|LG_npmos_vdd!"}, {"inst_type": "pmos", "ports": ["fully_differential_miller_compensated_LG_npmos_cr13_1_LG_Vbiasn", "xiLG_npmos|LG_npmos_neta", "xiLG_npmos|LG_npmos_vdd!"], "edge_weight": [1, 2, 4], "values": 1, "sub_graph": null, "id": "xiLG_npmos|LG_npmos_MM1"}, {"inst_type": "pmos", "ports": ["xiLG_npmos|LG_npmos_neta", "xiLG_npmos|LG_npmos_neta", "xiLG_npmos|LG_npmos_vdd!"], "edge_weight": [1, 2, 4], "values": 1, "sub_graph": null, "id": "xiLG_npmos|LG_npmos_MM0"}, {"inst_type": "nmos", "ports": ["fully_differential_miller_compensated_LG_npmos_cr13_1_Vbiasp", "fully_differential_miller_compensated_LG_npmos_cr13_1_Biasn", "xibCR13_2|CR13_2_gnd!"], "edge_weight": [1, 2, 4], "values": 1, "sub_graph": null, "id": "xibCR13_2|CR13_2_MM2"}, {"inst_type": "net", "net_type": "internal", "id": "fully_differential_miller_compensated_LG_npmos_cr13_1_Vbiasp"}, {"inst_type": "net", "net_type": "internal", "id": "xibCR13_2|CR13_2_gnd!"}, {"inst_type": "nmos", "ports": ["fully_differential_miller_compensated_LG_npmos_cr13_1_Biasn", "fully_differential_miller_compensated_LG_npmos_cr13_1_Biasn", "xibCR13_2|CR13_2_gnd!"], "edge_weight": [1, 2, 4], "values": 1, "sub_graph": null, "id": "xibCR13_2|CR13_2_MM0"}, {"inst_type": "pmos", "ports": ["fully_differential_miller_compensated_LG_npmos_cr13_1_Vbiasp", "fully_differential_miller_compensated_LG_npmos_cr13_1_Vbiasp", "xibCR13_2|CR13_2_vdd!"], "edge_weight": [1, 2, 4], "values": 1, "sub_graph": null, "id": "xibCR13_2|CR13_2_MM3"}, {"inst_type": "net", "net_type": "internal", "id": "xibCR13_2|CR13_2_vdd!"}, {"inst_type": "pmos", "ports": ["fully_differential_miller_compensated_LG_npmos_cr13_1_Biasn", "fully_differential_miller_compensated_LG_npmos_cr13_1_Vbiasp", "xibCR13_2|CR13_2_vdd!"], "edge_weight": [1, 2, 4], "values": 1, "sub_graph": null, "id": "xibCR13_2|CR13_2_MM1"}], "links": [{"weight": 1, "source": "xiota|fully_differential_miller_compensated_MM7", "target": "fully_differential_miller_compensated_LG_npmos_cr13_1_Voutp"}, {"weight": 2, "source": "xiota|fully_differential_miller_compensated_MM7", "target": "xiota|fully_differential_miller_compensated_net15"}, {"weight": 4, "source": "xiota|fully_differential_miller_compensated_MM7", "target": "xiota|fully_differential_miller_compensated_vdd!"}, {"weight": 1, "source": "fully_differential_miller_compensated_LG_npmos_cr13_1_Voutp", "target": "xiota|fully_differential_miller_compensated_MM8"}, {"weight": 8, "source": "fully_differential_miller_compensated_LG_npmos_cr13_1_Voutp", "target": "xiota|fully_differential_miller_compensated_CC1"}, {"weight": 1, "source": "xiota|fully_differential_miller_compensated_net15", "target": "xiota|fully_differential_miller_compensated_MM2"}, {"weight": 1, "source": "xiota|fully_differential_miller_compensated_net15", "target": "xiota|fully_differential_miller_compensated_MM0"}, {"weight": 8, "source": "xiota|fully_differential_miller_compensated_net15", "target": "xiota|fully_differential_miller_compensated_CC1"}, {"weight": 4, "source": "xiota|fully_differential_miller_compensated_vdd!", "target": "xiota|fully_differential_miller_compensated_MM1"}, {"weight": 4, "source": "xiota|fully_differential_miller_compensated_vdd!", "target": "xiota|fully_differential_miller_compensated_MM2"}, {"weight": 4, "source": "xiota|fully_differential_miller_compensated_vdd!", "target": "xiota|fully_differential_miller_compensated_MM5"}, {"weight": 1, "source": "xiota|fully_differential_miller_compensated_MM1", "target": "xiota|fully_differential_miller_compensated_net22"}, {"weight": 2, "source": "xiota|fully_differential_miller_compensated_MM1", "target": "fully_differential_miller_compensated_LG_npmos_cr13_1_LG_Vbiasp"}, {"weight": 2, "source": "xiota|fully_differential_miller_compensated_net22", "target": "xiota|fully_differential_miller_compensated_MM5"}, {"weight": 1, "source": "xiota|fully_differential_miller_compensated_net22", "target": "xiota|fully_differential_miller_compensated_MM3"}, {"weight": 8, "source": "xiota|fully_differential_miller_compensated_net22", "target": "xiota|fully_differential_miller_compensated_CC0"}, {"weight": 2, "source": "fully_differential_miller_compensated_LG_npmos_cr13_1_LG_Vbiasp", "target": "xiota|fully_differential_miller_compensated_MM2"}, {"weight": 1, "source": "fully_differential_miller_compensated_LG_npmos_cr13_1_LG_Vbiasp", "target": "xiLG_npmos|LG_npmos_MM4"}, {"weight": 3, "source": "fully_differential_miller_compensated_LG_npmos_cr13_1_LG_Vbiasp", "target": "xiLG_npmos|LG_npmos_MM3"}, {"weight": 1, "source": "xiota|fully_differential_miller_compensated_MM5", "target": "fully_differential_miller_compensated_LG_npmos_cr13_1_Voutn"}, {"weight": 1, "source": "fully_differential_miller_compensated_LG_npmos_cr13_1_Voutn", "target": "xiota|fully_differential_miller_compensated_MM6"}, {"weight": 8, "source": "fully_differential_miller_compensated_LG_npmos_cr13_1_Voutn", "target": "xiota|fully_differential_miller_compensated_CC0"}, {"weight": 2, "source": "xiota|fully_differential_miller_compensated_MM8", "target": "fully_differential_miller_compensated_LG_npmos_cr13_1_LG_Vbiasn"}, {"weight": 4, "source": "xiota|fully_differential_miller_compensated_MM8", "target": "xiota|fully_differential_miller_compensated_gnd!"}, {"weight": 2, "source": "fully_differential_miller_compensated_LG_npmos_cr13_1_LG_Vbiasn", "target": "xiota|fully_differential_miller_compensated_MM4"}, {"weight": 2, "source": "fully_differential_miller_compensated_LG_npmos_cr13_1_LG_Vbiasn", "target": "xiota|fully_differential_miller_compensated_MM6"}, {"weight": 2, "source": "fully_differential_miller_compensated_LG_npmos_cr13_1_LG_Vbiasn", "target": "xiLG_npmos|LG_npmos_MM4"}, {"weight": 3, "source": "fully_differential_miller_compensated_LG_npmos_cr13_1_LG_Vbiasn", "target": "xiLG_npmos|LG_npmos_MM2"}, {"weight": 1, "source": "fully_differential_miller_compensated_LG_npmos_cr13_1_LG_Vbiasn", "target": "xiLG_npmos|LG_npmos_MM1"}, {"weight": 4, "source": "xiota|fully_differential_miller_compensated_gnd!", "target": "xiota|fully_differential_miller_compensated_MM4"}, {"weight": 4, "source": "xiota|fully_differential_miller_compensated_gnd!", "target": "xiota|fully_differential_miller_compensated_MM6"}, {"weight": 2, "source": "xiota|fully_differential_miller_compensated_MM3", "target": "fully_differential_miller_compensated_LG_npmos_cr13_1_Vinp"}, {"weight": 4, "source": "xiota|fully_differential_miller_compensated_MM3", "target": "xiota|fully_differential_miller_compensated_net21"}, {"weight": 4, "source": "xiota|fully_differential_miller_compensated_net21", "target": "xiota|fully_differential_miller_compensated_MM0"}, {"weight": 1, "source": "xiota|fully_differential_miller_compensated_net21", "target": "xiota|fully_differential_miller_compensated_MM4"}, {"weight": 2, "source": "xiota|fully_differential_miller_compensated_MM0", "target": "fully_differential_miller_compensated_LG_npmos_cr13_1_Vinn"}, {"weight": 4, "source": "xiLG_npmos|LG_npmos_MM4", "target": "xiLG_npmos|LG_npmos_gnd!"}, {"weight": 4, "source": "xiLG_npmos|LG_npmos_gnd!", "target": "xiLG_npmos|LG_npmos_MM2"}, {"weight": 4, "source": "xiLG_npmos|LG_npmos_gnd!", "target": "xiLG_npmos|LG_npmos_MM10"}, {"weight": 1, "source": "xiLG_npmos|LG_npmos_MM10", "target": "xiLG_npmos|LG_npmos_neta"}, {"weight": 2, "source": "xiLG_npmos|LG_npmos_MM10", "target": "fully_differential_miller_compensated_LG_npmos_cr13_1_Biasn"}, {"weight": 2, "source": "xiLG_npmos|LG_npmos_neta", "target": "xiLG_npmos|LG_npmos_MM1"}, {"weight": 3, "source": "xiLG_npmos|LG_npmos_neta", "target": "xiLG_npmos|LG_npmos_MM0"}, {"weight": 2, "source": "fully_differential_miller_compensated_LG_npmos_cr13_1_Biasn", "target": "xibCR13_2|CR13_2_MM2"}, {"weight": 3, "source": "fully_differential_miller_compensated_LG_npmos_cr13_1_Biasn", "target": "xibCR13_2|CR13_2_MM0"}, {"weight": 1, "source": "fully_differential_miller_compensated_LG_npmos_cr13_1_Biasn", "target": "xibCR13_2|CR13_2_MM1"}, {"weight": 4, "source": "xiLG_npmos|LG_npmos_MM3", "target": "xiLG_npmos|LG_npmos_vdd!"}, {"weight": 4, "source": "xiLG_npmos|LG_npmos_vdd!", "target": "xiLG_npmos|LG_npmos_MM1"}, {"weight": 4, "source": "xiLG_npmos|LG_npmos_vdd!", "target": "xiLG_npmos|LG_npmos_MM0"}, {"weight": 1, "source": "xibCR13_2|CR13_2_MM2", "target": "fully_differential_miller_compensated_LG_npmos_cr13_1_Vbiasp"}, {"weight": 4, "source": "xibCR13_2|CR13_2_MM2", "target": "xibCR13_2|CR13_2_gnd!"}, {"weight": 3, "source": "fully_differential_miller_compensated_LG_npmos_cr13_1_Vbiasp", "target": "xibCR13_2|CR13_2_MM3"}, {"weight": 2, "source": "fully_differential_miller_compensated_LG_npmos_cr13_1_Vbiasp", "target": "xibCR13_2|CR13_2_MM1"}, {"weight": 4, "source": "xibCR13_2|CR13_2_gnd!", "target": "xibCR13_2|CR13_2_MM0"}, {"weight": 4, "source": "xibCR13_2|CR13_2_MM3", "target": "xibCR13_2|CR13_2_vdd!"}, {"weight": 4, "source": "xibCR13_2|CR13_2_vdd!", "target": "xibCR13_2|CR13_2_MM1"}]}