{"directed": false, "multigraph": false, "graph": {}, "nodes": [{"inst_type": "pmos", "ports": ["fully_differential_LG_pmos_cr5_2_Voutn", "fully_differential_LG_pmos_cr5_2_LG_Vbiasp", "xiota|fully_differential_vdd!"], "edge_weight": [1, 2, 4], "values": 1, "sub_graph": null, "id": "xiota|fully_differential_MM1"}, {"inst_type": "net", "net_type": "internal", "id": "fully_differential_LG_pmos_cr5_2_Voutn"}, {"inst_type": "net", "net_type": "internal", "id": "fully_differential_LG_pmos_cr5_2_LG_Vbiasp"}, {"inst_type": "net", "net_type": "internal", "id": "xiota|fully_differential_vdd!"}, {"inst_type": "pmos", "ports": ["fully_differential_LG_pmos_cr5_2_Voutp", "fully_differential_LG_pmos_cr5_2_LG_Vbiasp", "xiota|fully_differential_vdd!"], "edge_weight": [1, 2, 4], "values": 1, "sub_graph": null, "id": "xiota|fully_differential_MM2"}, {"inst_type": "net", "net_type": "internal", "id": "fully_differential_LG_pmos_cr5_2_Voutp"}, {"inst_type": "nmos", "ports": ["xiota|fully_differential_net14", "fully_differential_LG_pmos_cr5_2_LG_Vbiasn", "xiota|fully_differential_gnd!"], "edge_weight": [1, 2, 4], "values": 1, "sub_graph": null, "id": "xiota|fully_differential_MM4"}, {"inst_type": "net", "net_type": "internal", "id": "xiota|fully_differential_net14"}, {"inst_type": "net", "net_type": "internal", "id": "fully_differential_LG_pmos_cr5_2_LG_Vbiasn"}, {"inst_type": "net", "net_type": "internal", "id": "xiota|fully_differential_gnd!"}, {"inst_type": "nmos", "ports": ["fully_differential_LG_pmos_cr5_2_Voutn", "fully_differential_LG_pmos_cr5_2_Vinp", "xiota|fully_differential_net14"], "edge_weight": [1, 2, 4], "values": 1, "sub_graph": null, "id": "xiota|fully_differential_MM3"}, {"inst_type": "net", "net_type": "internal", "id": "fully_differential_LG_pmos_cr5_2_Vinp"}, {"inst_type": "nmos", "ports": ["fully_differential_LG_pmos_cr5_2_Voutp", "fully_differential_LG_pmos_cr5_2_Vinn", "xiota|fully_differential_net14"], "edge_weight": [1, 2, 4], "values": 1, "sub_graph": null, "id": "xiota|fully_differential_MM0"}, {"inst_type": "net", "net_type": "internal", "id": "fully_differential_LG_pmos_cr5_2_Vinn"}, {"inst_type": "nmos", "ports": ["fully_differential_LG_pmos_cr5_2_LG_Vbiasp", "fully_differential_LG_pmos_cr5_2_Biasn", "xiLG_pmos|LG_pmos_gnd!"], "edge_weight": [1, 2, 4], "values": 1, "sub_graph": null, "id": "xiLG_pmos|LG_pmos_MM10"}, {"inst_type": "net", "net_type": "internal", "id": "fully_differential_LG_pmos_cr5_2_Biasn"}, {"inst_type": "net", "net_type": "internal", "id": "xiLG_pmos|LG_pmos_gnd!"}, {"inst_type": "pmos", "ports": ["fully_differential_LG_pmos_cr5_2_LG_Vbiasp", "fully_differential_LG_pmos_cr5_2_LG_Vbiasp", "xiLG_pmos|LG_pmos_vdd!"], "edge_weight": [1, 2, 4], "values": 1, "sub_graph": null, "id": "xiLG_pmos|LG_pmos_MM3"}, {"inst_type": "net", "net_type": "internal", "id": "xiLG_pmos|LG_pmos_vdd!"}, {"inst_type": "nmos", "ports": ["xibCR5_2|CR5_2_net014", "xibCR5_2|CR5_2_net014", "xibCR5_2|CR5_2_gnd!"], "edge_weight": [1, 2, 4], "values": 1, "sub_graph": null, "id": "xibCR5_2|CR5_2_MM5"}, {"inst_type": "net", "net_type": "internal", "id": "xibCR5_2|CR5_2_net014"}, {"inst_type": "net", "net_type": "internal", "id": "xibCR5_2|CR5_2_gnd!"}, {"inst_type": "nmos", "ports": ["xibCR5_2|CR5_2_net15", "xibCR5_2|CR5_2_net014", "xibCR5_2|CR5_2_gnd!"], "edge_weight": [1, 2, 4], "values": 1, "sub_graph": null, "id": "xibCR5_2|CR5_2_MM4"}, {"inst_type": "net", "net_type": "internal", "id": "xibCR5_2|CR5_2_net15"}, {"inst_type": "nmos", "ports": ["fully_differential_LG_pmos_cr5_2_Vbiasp", "fully_differential_LG_pmos_cr5_2_Biasn", "xibCR5_2|CR5_2_net15"], "edge_weight": [1, 2, 4], "values": 1, "sub_graph": null, "id": "xibCR5_2|CR5_2_MM2"}, {"inst_type": "net", "net_type": "internal", "id": "fully_differential_LG_pmos_cr5_2_Vbiasp"}, {"inst_type": "nmos", "ports": ["fully_differential_LG_pmos_cr5_2_Biasn", "fully_differential_LG_pmos_cr5_2_Biasn", "xibCR5_2|CR5_2_gnd!"], "edge_weight": [1, 2, 4], "values": 1, "sub_graph": null, "id": "xibCR5_2|CR5_2_MM0"}, {"inst_type": "pmos", "ports": ["xibCR5_2|CR5_2_net014", "fully_differential_LG_pmos_cr5_2_Vbiasp", "xibCR5_2|CR5_2_vdd!"], "edge_weight": [1, 2, 4], "values": 1, "sub_graph": null, "id": "xibCR5_2|CR5_2_MM6"}, {"inst_type": "net", "net_type": "internal", "id": "xibCR5_2|CR5_2_vdd!"}, {"inst_type": "pmos", "ports": ["fully_differential_LG_pmos_cr5_2_Vbiasp", "fully_differential_LG_pmos_cr5_2_Vbiasp", "xibCR5_2|CR5_2_vdd!"], "edge_weight": [1, 2, 4], "values": 1, "sub_graph": null, "id": "xibCR5_2|CR5_2_MM3"}, {"inst_type": "pmos", "ports": ["fully_differential_LG_pmos_cr5_2_Biasn", "fully_differential_LG_pmos_cr5_2_Vbiasp", "xibCR5_2|CR5_2_vdd!"], "edge_weight": [1, 2, 4], "values": 1, "sub_graph": null, "id": "xibCR5_2|CR5_2_MM1"}], "links": [{"weight": 1, "source": "xiota|fully_differential_MM1", "target": "fully_differential_LG_pmos_cr5_2_Voutn"}, {"weight": 2, "source": "xiota|fully_differential_MM1", "target": "fully_differential_LG_pmos_cr5_2_LG_Vbiasp"}, {"weight": 4, "source": "xiota|fully_differential_MM1", "target": "xiota|fully_differential_vdd!"}, {"weight": 1, "source": "fully_differential_LG_pmos_cr5_2_Voutn", "target": "xiota|fully_differential_MM3"}, {"weight": 2, "source": "fully_differential_LG_pmos_cr5_2_LG_Vbiasp", "target": "xiota|fully_differential_MM2"}, {"weight": 1, "source": "fully_differential_LG_pmos_cr5_2_LG_Vbiasp", "target": "xiLG_pmos|LG_pmos_MM10"}, {"weight": 3, "source": "fully_differential_LG_pmos_cr5_2_LG_Vbiasp", "target": "xiLG_pmos|LG_pmos_MM3"}, {"weight": 4, "source": "xiota|fully_differential_vdd!", "target": "xiota|fully_differential_MM2"}, {"weight": 1, "source": "xiota|fully_differential_MM2", "target": "fully_differential_LG_pmos_cr5_2_Voutp"}, {"weight": 1, "source": "fully_differential_LG_pmos_cr5_2_Voutp", "target": "xiota|fully_differential_MM0"}, {"weight": 1, "source": "xiota|fully_differential_MM4", "target": "xiota|fully_differential_net14"}, {"weight": 2, "source": "xiota|fully_differential_MM4", "target": "fully_differential_LG_pmos_cr5_2_LG_Vbiasn"}, {"weight": 4, "source": "xiota|fully_differential_MM4", "target": "xiota|fully_differential_gnd!"}, {"weight": 4, "source": "xiota|fully_differential_net14", "target": "xiota|fully_differential_MM3"}, {"weight": 4, "source": "xiota|fully_differential_net14", "target": "xiota|fully_differential_MM0"}, {"weight": 2, "source": "xiota|fully_differential_MM3", "target": "fully_differential_LG_pmos_cr5_2_Vinp"}, {"weight": 2, "source": "xiota|fully_differential_MM0", "target": "fully_differential_LG_pmos_cr5_2_Vinn"}, {"weight": 2, "source": "xiLG_pmos|LG_pmos_MM10", "target": "fully_differential_LG_pmos_cr5_2_Biasn"}, {"weight": 4, "source": "xiLG_pmos|LG_pmos_MM10", "target": "xiLG_pmos|LG_pmos_gnd!"}, {"weight": 2, "source": "fully_differential_LG_pmos_cr5_2_Biasn", "target": "xibCR5_2|CR5_2_MM2"}, {"weight": 3, "source": "fully_differential_LG_pmos_cr5_2_Biasn", "target": "xibCR5_2|CR5_2_MM0"}, {"weight": 1, "source": "fully_differential_LG_pmos_cr5_2_Biasn", "target": "xibCR5_2|CR5_2_MM1"}, {"weight": 4, "source": "xiLG_pmos|LG_pmos_MM3", "target": "xiLG_pmos|LG_pmos_vdd!"}, {"weight": 3, "source": "xibCR5_2|CR5_2_MM5", "target": "xibCR5_2|CR5_2_net014"}, {"weight": 4, "source": "xibCR5_2|CR5_2_MM5", "target": "xibCR5_2|CR5_2_gnd!"}, {"weight": 2, "source": "xibCR5_2|CR5_2_net014", "target": "xibCR5_2|CR5_2_MM4"}, {"weight": 1, "source": "xibCR5_2|CR5_2_net014", "target": "xibCR5_2|CR5_2_MM6"}, {"weight": 4, "source": "xibCR5_2|CR5_2_gnd!", "target": "xibCR5_2|CR5_2_MM4"}, {"weight": 4, "source": "xibCR5_2|CR5_2_gnd!", "target": "xibCR5_2|CR5_2_MM0"}, {"weight": 1, "source": "xibCR5_2|CR5_2_MM4", "target": "xibCR5_2|CR5_2_net15"}, {"weight": 4, "source": "xibCR5_2|CR5_2_net15", "target": "xibCR5_2|CR5_2_MM2"}, {"weight": 1, "source": "xibCR5_2|CR5_2_MM2", "target": "fully_differential_LG_pmos_cr5_2_Vbiasp"}, {"weight": 2, "source": "fully_differential_LG_pmos_cr5_2_Vbiasp", "target": "xibCR5_2|CR5_2_MM6"}, {"weight": 3, "source": "fully_differential_LG_pmos_cr5_2_Vbiasp", "target": "xibCR5_2|CR5_2_MM3"}, {"weight": 2, "source": "fully_differential_LG_pmos_cr5_2_Vbiasp", "target": "xibCR5_2|CR5_2_MM1"}, {"weight": 4, "source": "xibCR5_2|CR5_2_MM6", "target": "xibCR5_2|CR5_2_vdd!"}, {"weight": 4, "source": "xibCR5_2|CR5_2_vdd!", "target": "xibCR5_2|CR5_2_MM3"}, {"weight": 4, "source": "xibCR5_2|CR5_2_vdd!", "target": "xibCR5_2|CR5_2_MM1"}]}