{"directed": false, "multigraph": false, "graph": {}, "nodes": [{"inst_type": "pmos", "ports": ["fully_differential_pmos_LG_pmos_l1_cr6_3_Voutp", "fully_differential_pmos_LG_pmos_l1_cr6_3_Vinn", "xiota|fully_differential_pmos_net12"], "edge_weight": [1, 2, 4], "values": 1, "sub_graph": null, "id": "xiota|fully_differential_pmos_MM7"}, {"inst_type": "net", "net_type": "internal", "id": "fully_differential_pmos_LG_pmos_l1_cr6_3_Voutp"}, {"inst_type": "net", "net_type": "internal", "id": "fully_differential_pmos_LG_pmos_l1_cr6_3_Vinn"}, {"inst_type": "net", "net_type": "internal", "id": "xiota|fully_differential_pmos_net12"}, {"inst_type": "pmos", "ports": ["fully_differential_pmos_LG_pmos_l1_cr6_3_Voutn", "fully_differential_pmos_LG_pmos_l1_cr6_3_Vinp", "xiota|fully_differential_pmos_net12"], "edge_weight": [1, 2, 4], "values": 1, "sub_graph": null, "id": "xiota|fully_differential_pmos_MM6"}, {"inst_type": "net", "net_type": "internal", "id": "fully_differential_pmos_LG_pmos_l1_cr6_3_Voutn"}, {"inst_type": "net", "net_type": "internal", "id": "fully_differential_pmos_LG_pmos_l1_cr6_3_Vinp"}, {"inst_type": "pmos", "ports": ["xiota|fully_differential_pmos_net12", "fully_differential_pmos_LG_pmos_l1_cr6_3_LG_Vbiasp", "xiota|fully_differential_pmos_vdd!"], "edge_weight": [1, 2, 4], "values": 1, "sub_graph": null, "id": "xiota|fully_differential_pmos_MM5"}, {"inst_type": "net", "net_type": "internal", "id": "fully_differential_pmos_LG_pmos_l1_cr6_3_LG_Vbiasp"}, {"inst_type": "net", "net_type": "internal", "id": "xiota|fully_differential_pmos_vdd!"}, {"inst_type": "nmos", "ports": ["fully_differential_pmos_LG_pmos_l1_cr6_3_Voutp", "fully_differential_pmos_LG_pmos_l1_cr6_3_LG_Vbiasn", "xiota|fully_differential_pmos_gnd!"], "edge_weight": [1, 2, 4], "values": 1, "sub_graph": null, "id": "xiota|fully_differential_pmos_MM9"}, {"inst_type": "net", "net_type": "internal", "id": "fully_differential_pmos_LG_pmos_l1_cr6_3_LG_Vbiasn"}, {"inst_type": "net", "net_type": "internal", "id": "xiota|fully_differential_pmos_gnd!"}, {"inst_type": "nmos", "ports": ["fully_differential_pmos_LG_pmos_l1_cr6_3_Voutn", "fully_differential_pmos_LG_pmos_l1_cr6_3_LG_Vbiasn", "xiota|fully_differential_pmos_gnd!"], "edge_weight": [1, 2, 4], "values": 1, "sub_graph": null, "id": "xiota|fully_differential_pmos_MM8"}, {"inst_type": "nmos", "ports": ["fully_differential_pmos_LG_pmos_l1_cr6_3_LG_Vbiasp", "fully_differential_pmos_LG_pmos_l1_cr6_3_LG_Vbiasn", "xiLG_pmos_l1|LG_pmos_l1_gnd!"], "edge_weight": [1, 2, 4], "values": 1, "sub_graph": null, "id": "xiLG_pmos_l1|LG_pmos_l1_MM0"}, {"inst_type": "net", "net_type": "internal", "id": "xiLG_pmos_l1|LG_pmos_l1_gnd!"}, {"inst_type": "nmos", "ports": ["fully_differential_pmos_LG_pmos_l1_cr6_3_LG_Vbiasn", "fully_differential_pmos_LG_pmos_l1_cr6_3_LG_Vbiasn", "xiLG_pmos_l1|LG_pmos_l1_gnd!"], "edge_weight": [1, 2, 4], "values": 1, "sub_graph": null, "id": "xiLG_pmos_l1|LG_pmos_l1_MM8"}, {"inst_type": "pmos", "ports": ["fully_differential_pmos_LG_pmos_l1_cr6_3_LG_Vbiasp", "fully_differential_pmos_LG_pmos_l1_cr6_3_LG_Vbiasp", "xiLG_pmos_l1|LG_pmos_l1_vdd!"], "edge_weight": [1, 2, 4], "values": 1, "sub_graph": null, "id": "xiLG_pmos_l1|LG_pmos_l1_MM3"}, {"inst_type": "net", "net_type": "internal", "id": "xiLG_pmos_l1|LG_pmos_l1_vdd!"}, {"inst_type": "pmos", "ports": ["fully_differential_pmos_LG_pmos_l1_cr6_3_LG_Vbiasn", "fully_differential_pmos_LG_pmos_l1_cr6_3_Biasp", "xiLG_pmos_l1|LG_pmos_l1_vdd!"], "edge_weight": [1, 2, 4], "values": 1, "sub_graph": null, "id": "xiLG_pmos_l1|LG_pmos_l1_MM10"}, {"inst_type": "net", "net_type": "internal", "id": "fully_differential_pmos_LG_pmos_l1_cr6_3_Biasp"}, {"inst_type": "nmos", "ports": ["fully_differential_pmos_LG_pmos_l1_cr6_3_Biasp", "fully_differential_pmos_LG_pmos_l1_cr6_3_Biasn2", "fully_differential_pmos_LG_pmos_l1_cr6_3_Biasn1"], "edge_weight": [1, 2, 4], "values": 1, "sub_graph": null, "id": "xibCR6_3|CR6_3_MM2"}, {"inst_type": "net", "net_type": "internal", "id": "fully_differential_pmos_LG_pmos_l1_cr6_3_Biasn2"}, {"inst_type": "net", "net_type": "internal", "id": "fully_differential_pmos_LG_pmos_l1_cr6_3_Biasn1"}, {"inst_type": "nmos", "ports": ["fully_differential_pmos_LG_pmos_l1_cr6_3_Biasn2", "fully_differential_pmos_LG_pmos_l1_cr6_3_Biasn1", "xibCR6_3|CR6_3_gnd!"], "edge_weight": [1, 2, 4], "values": 1, "sub_graph": null, "id": "xibCR6_3|CR6_3_MM0"}, {"inst_type": "net", "net_type": "internal", "id": "xibCR6_3|CR6_3_gnd!"}, {"inst_type": "nmos", "ports": ["fully_differential_pmos_LG_pmos_l1_cr6_3_Biasn1", "xibCR6_3|CR6_3_net15", "xibCR6_3|CR6_3_gnd!"], "edge_weight": [1, 2, 4], "values": 1, "sub_graph": null, "id": "xibCR6_3|CR6_3_MM4"}, {"inst_type": "net", "net_type": "internal", "id": "xibCR6_3|CR6_3_net15"}, {"inst_type": "nmos", "ports": ["xibCR6_3|CR6_3_net15", "xibCR6_3|CR6_3_net15", "xibCR6_3|CR6_3_gnd!"], "edge_weight": [1, 2, 4], "values": 1, "sub_graph": null, "id": "xibCR6_3|CR6_3_MM5"}, {"inst_type": "pmos", "ports": ["fully_differential_pmos_LG_pmos_l1_cr6_3_Biasp", "fully_differential_pmos_LG_pmos_l1_cr6_3_Biasp", "xibCR6_3|CR6_3_vdd!"], "edge_weight": [1, 2, 4], "values": 1, "sub_graph": null, "id": "xibCR6_3|CR6_3_MM3"}, {"inst_type": "net", "net_type": "internal", "id": "xibCR6_3|CR6_3_vdd!"}, {"inst_type": "pmos", "ports": ["fully_differential_pmos_LG_pmos_l1_cr6_3_Biasn2", "fully_differential_pmos_LG_pmos_l1_cr6_3_Biasp", "xibCR6_3|CR6_3_vdd!"], "edge_weight": [1, 2, 4], "values": 1, "sub_graph": null, "id": "xibCR6_3|CR6_3_MM1"}, {"inst_type": "pmos", "ports": ["xibCR6_3|CR6_3_net15", "fully_differential_pmos_LG_pmos_l1_cr6_3_Biasp", "xibCR6_3|CR6_3_vdd!"], "edge_weight": [1, 2, 4], "values": 1, "sub_graph": null, "id": "xibCR6_3|CR6_3_MM6"}], "links": [{"weight": 1, "source": "xiota|fully_differential_pmos_MM7", "target": "fully_differential_pmos_LG_pmos_l1_cr6_3_Voutp"}, {"weight": 2, "source": "xiota|fully_differential_pmos_MM7", "target": "fully_differential_pmos_LG_pmos_l1_cr6_3_Vinn"}, {"weight": 4, "source": "xiota|fully_differential_pmos_MM7", "target": "xiota|fully_differential_pmos_net12"}, {"weight": 1, "source": "fully_differential_pmos_LG_pmos_l1_cr6_3_Voutp", "target": "xiota|fully_differential_pmos_MM9"}, {"weight": 4, "source": "xiota|fully_differential_pmos_net12", "target": "xiota|fully_differential_pmos_MM6"}, {"weight": 1, "source": "xiota|fully_differential_pmos_net12", "target": "xiota|fully_differential_pmos_MM5"}, {"weight": 1, "source": "xiota|fully_differential_pmos_MM6", "target": "fully_differential_pmos_LG_pmos_l1_cr6_3_Voutn"}, {"weight": 2, "source": "xiota|fully_differential_pmos_MM6", "target": "fully_differential_pmos_LG_pmos_l1_cr6_3_Vinp"}, {"weight": 1, "source": "fully_differential_pmos_LG_pmos_l1_cr6_3_Voutn", "target": "xiota|fully_differential_pmos_MM8"}, {"weight": 2, "source": "xiota|fully_differential_pmos_MM5", "target": "fully_differential_pmos_LG_pmos_l1_cr6_3_LG_Vbiasp"}, {"weight": 4, "source": "xiota|fully_differential_pmos_MM5", "target": "xiota|fully_differential_pmos_vdd!"}, {"weight": 1, "source": "fully_differential_pmos_LG_pmos_l1_cr6_3_LG_Vbiasp", "target": "xiLG_pmos_l1|LG_pmos_l1_MM0"}, {"weight": 3, "source": "fully_differential_pmos_LG_pmos_l1_cr6_3_LG_Vbiasp", "target": "xiLG_pmos_l1|LG_pmos_l1_MM3"}, {"weight": 2, "source": "xiota|fully_differential_pmos_MM9", "target": "fully_differential_pmos_LG_pmos_l1_cr6_3_LG_Vbiasn"}, {"weight": 4, "source": "xiota|fully_differential_pmos_MM9", "target": "xiota|fully_differential_pmos_gnd!"}, {"weight": 2, "source": "fully_differential_pmos_LG_pmos_l1_cr6_3_LG_Vbiasn", "target": "xiota|fully_differential_pmos_MM8"}, {"weight": 2, "source": "fully_differential_pmos_LG_pmos_l1_cr6_3_LG_Vbiasn", "target": "xiLG_pmos_l1|LG_pmos_l1_MM0"}, {"weight": 3, "source": "fully_differential_pmos_LG_pmos_l1_cr6_3_LG_Vbiasn", "target": "xiLG_pmos_l1|LG_pmos_l1_MM8"}, {"weight": 1, "source": "fully_differential_pmos_LG_pmos_l1_cr6_3_LG_Vbiasn", "target": "xiLG_pmos_l1|LG_pmos_l1_MM10"}, {"weight": 4, "source": "xiota|fully_differential_pmos_gnd!", "target": "xiota|fully_differential_pmos_MM8"}, {"weight": 4, "source": "xiLG_pmos_l1|LG_pmos_l1_MM0", "target": "xiLG_pmos_l1|LG_pmos_l1_gnd!"}, {"weight": 4, "source": "xiLG_pmos_l1|LG_pmos_l1_gnd!", "target": "xiLG_pmos_l1|LG_pmos_l1_MM8"}, {"weight": 4, "source": "xiLG_pmos_l1|LG_pmos_l1_MM3", "target": "xiLG_pmos_l1|LG_pmos_l1_vdd!"}, {"weight": 4, "source": "xiLG_pmos_l1|LG_pmos_l1_vdd!", "target": "xiLG_pmos_l1|LG_pmos_l1_MM10"}, {"weight": 2, "source": "xiLG_pmos_l1|LG_pmos_l1_MM10", "target": "fully_differential_pmos_LG_pmos_l1_cr6_3_Biasp"}, {"weight": 1, "source": "fully_differential_pmos_LG_pmos_l1_cr6_3_Biasp", "target": "xibCR6_3|CR6_3_MM2"}, {"weight": 3, "source": "fully_differential_pmos_LG_pmos_l1_cr6_3_Biasp", "target": "xibCR6_3|CR6_3_MM3"}, {"weight": 2, "source": "fully_differential_pmos_LG_pmos_l1_cr6_3_Biasp", "target": "xibCR6_3|CR6_3_MM1"}, {"weight": 2, "source": "fully_differential_pmos_LG_pmos_l1_cr6_3_Biasp", "target": "xibCR6_3|CR6_3_MM6"}, {"weight": 2, "source": "xibCR6_3|CR6_3_MM2", "target": "fully_differential_pmos_LG_pmos_l1_cr6_3_Biasn2"}, {"weight": 4, "source": "xibCR6_3|CR6_3_MM2", "target": "fully_differential_pmos_LG_pmos_l1_cr6_3_Biasn1"}, {"weight": 1, "source": "fully_differential_pmos_LG_pmos_l1_cr6_3_Biasn2", "target": "xibCR6_3|CR6_3_MM0"}, {"weight": 1, "source": "fully_differential_pmos_LG_pmos_l1_cr6_3_Biasn2", "target": "xibCR6_3|CR6_3_MM1"}, {"weight": 2, "source": "fully_differential_pmos_LG_pmos_l1_cr6_3_Biasn1", "target": "xibCR6_3|CR6_3_MM0"}, {"weight": 1, "source": "fully_differential_pmos_LG_pmos_l1_cr6_3_Biasn1", "target": "xibCR6_3|CR6_3_MM4"}, {"weight": 4, "source": "xibCR6_3|CR6_3_MM0", "target": "xibCR6_3|CR6_3_gnd!"}, {"weight": 4, "source": "xibCR6_3|CR6_3_gnd!", "target": "xibCR6_3|CR6_3_MM4"}, {"weight": 4, "source": "xibCR6_3|CR6_3_gnd!", "target": "xibCR6_3|CR6_3_MM5"}, {"weight": 2, "source": "xibCR6_3|CR6_3_MM4", "target": "xibCR6_3|CR6_3_net15"}, {"weight": 3, "source": "xibCR6_3|CR6_3_net15", "target": "xibCR6_3|CR6_3_MM5"}, {"weight": 1, "source": "xibCR6_3|CR6_3_net15", "target": "xibCR6_3|CR6_3_MM6"}, {"weight": 4, "source": "xibCR6_3|CR6_3_MM3", "target": "xibCR6_3|CR6_3_vdd!"}, {"weight": 4, "source": "xibCR6_3|CR6_3_vdd!", "target": "xibCR6_3|CR6_3_MM1"}, {"weight": 4, "source": "xibCR6_3|CR6_3_vdd!", "target": "xibCR6_3|CR6_3_MM6"}]}