{"directed": false, "multigraph": false, "graph": {}, "nodes": [{"inst_type": "nmos", "ports": ["fully_differential_gain_boosting_LG_npmos_cr9_1_Voutn", "xiota|fully_differential_gain_boosting_net22", "xiota|fully_differential_gain_boosting_net23"], "edge_weight": [1, 2, 4], "values": 1, "sub_graph": null, "id": "xiota|fully_differential_gain_boosting_MM8"}, {"inst_type": "net", "net_type": "internal", "id": "fully_differential_gain_boosting_LG_npmos_cr9_1_Voutn"}, {"inst_type": "net", "net_type": "internal", "id": "xiota|fully_differential_gain_boosting_net22"}, {"inst_type": "net", "net_type": "internal", "id": "xiota|fully_differential_gain_boosting_net23"}, {"inst_type": "nmos", "ports": ["fully_differential_gain_boosting_LG_npmos_cr9_1_Voutp", "xiota|fully_differential_gain_boosting_net19", "xiota|fully_differential_gain_boosting_net21"], "edge_weight": [1, 2, 4], "values": 1, "sub_graph": null, "id": "xiota|fully_differential_gain_boosting_MM7"}, {"inst_type": "net", "net_type": "internal", "id": "fully_differential_gain_boosting_LG_npmos_cr9_1_Voutp"}, {"inst_type": "net", "net_type": "internal", "id": "xiota|fully_differential_gain_boosting_net19"}, {"inst_type": "net", "net_type": "internal", "id": "xiota|fully_differential_gain_boosting_net21"}, {"inst_type": "nmos", "ports": ["xiota|fully_differential_gain_boosting_net23", "fully_differential_gain_boosting_LG_npmos_cr9_1_Vinp", "xiota|fully_differential_gain_boosting_net15"], "edge_weight": [1, 2, 4], "values": 1, "sub_graph": null, "id": "xiota|fully_differential_gain_boosting_MM3"}, {"inst_type": "net", "net_type": "internal", "id": "fully_differential_gain_boosting_LG_npmos_cr9_1_Vinp"}, {"inst_type": "net", "net_type": "internal", "id": "xiota|fully_differential_gain_boosting_net15"}, {"inst_type": "nmos", "ports": ["xiota|fully_differential_gain_boosting_net21", "fully_differential_gain_boosting_LG_npmos_cr9_1_Vinn", "xiota|fully_differential_gain_boosting_net15"], "edge_weight": [1, 2, 4], "values": 1, "sub_graph": null, "id": "xiota|fully_differential_gain_boosting_MM0"}, {"inst_type": "net", "net_type": "internal", "id": "fully_differential_gain_boosting_LG_npmos_cr9_1_Vinn"}, {"inst_type": "nmos", "ports": ["xiota|fully_differential_gain_boosting_net15", "fully_differential_gain_boosting_LG_npmos_cr9_1_LG_Vbiasn", "xiota|fully_differential_gain_boosting_gnd!"], "edge_weight": [1, 2, 4], "values": 1, "sub_graph": null, "id": "xiota|fully_differential_gain_boosting_MM4"}, {"inst_type": "net", "net_type": "internal", "id": "fully_differential_gain_boosting_LG_npmos_cr9_1_LG_Vbiasn"}, {"inst_type": "net", "net_type": "internal", "id": "xiota|fully_differential_gain_boosting_gnd!"}, {"inst_type": "pmos", "ports": ["fully_differential_gain_boosting_LG_npmos_cr9_1_Voutn", "xiota|fully_differential_gain_boosting_net24", "xiota|fully_differential_gain_boosting_net25"], "edge_weight": [1, 2, 4], "values": 1, "sub_graph": null, "id": "xiota|fully_differential_gain_boosting_MM6"}, {"inst_type": "net", "net_type": "internal", "id": "xiota|fully_differential_gain_boosting_net24"}, {"inst_type": "net", "net_type": "internal", "id": "xiota|fully_differential_gain_boosting_net25"}, {"inst_type": "pmos", "ports": ["fully_differential_gain_boosting_LG_npmos_cr9_1_Voutp", "xiota|fully_differential_gain_boosting_net20", "xiota|fully_differential_gain_boosting_net12"], "edge_weight": [1, 2, 4], "values": 1, "sub_graph": null, "id": "xiota|fully_differential_gain_boosting_MM5"}, {"inst_type": "net", "net_type": "internal", "id": "xiota|fully_differential_gain_boosting_net20"}, {"inst_type": "net", "net_type": "internal", "id": "xiota|fully_differential_gain_boosting_net12"}, {"inst_type": "pmos", "ports": ["xiota|fully_differential_gain_boosting_net25", "fully_differential_gain_boosting_LG_npmos_cr9_1_LG_Vbiasp", "xiota|fully_differential_gain_boosting_vdd!"], "edge_weight": [1, 2, 4], "values": 1, "sub_graph": null, "id": "xiota|fully_differential_gain_boosting_MM1"}, {"inst_type": "net", "net_type": "internal", "id": "fully_differential_gain_boosting_LG_npmos_cr9_1_LG_Vbiasp"}, {"inst_type": "net", "net_type": "internal", "id": "xiota|fully_differential_gain_boosting_vdd!"}, {"inst_type": "pmos", "ports": ["xiota|fully_differential_gain_boosting_net12", "fully_differential_gain_boosting_LG_npmos_cr9_1_LG_Vbiasp", "xiota|fully_differential_gain_boosting_vdd!"], "edge_weight": [1, 2, 4], "values": 1, "sub_graph": null, "id": "xiota|fully_differential_gain_boosting_MM2"}, {"inst_type": "pmos", "ports": ["xiota|fully_differential_gain_boosting_net24", "xiota|XI3|fully_differential_Vbiasp", "xiota|XI3|fully_differential_vdd!"], "edge_weight": [1, 2, 4], "values": 1, "sub_graph": null, "id": "xiota|XI3|fully_differential_MM1"}, {"inst_type": "net", "net_type": "internal", "id": "xiota|XI3|fully_differential_Vbiasp"}, {"inst_type": "net", "net_type": "internal", "id": "xiota|XI3|fully_differential_vdd!"}, {"inst_type": "pmos", "ports": ["xiota|fully_differential_gain_boosting_net20", "xiota|XI3|fully_differential_Vbiasp", "xiota|XI3|fully_differential_vdd!"], "edge_weight": [1, 2, 4], "values": 1, "sub_graph": null, "id": "xiota|XI3|fully_differential_MM2"}, {"inst_type": "nmos", "ports": ["xiota|XI3|fully_differential_net14", "xiota|XI3|fully_differential_Vbiasn", "xiota|XI3|fully_differential_gnd!"], "edge_weight": [1, 2, 4], "values": 1, "sub_graph": null, "id": "xiota|XI3|fully_differential_MM4"}, {"inst_type": "net", "net_type": "internal", "id": "xiota|XI3|fully_differential_net14"}, {"inst_type": "net", "net_type": "internal", "id": "xiota|XI3|fully_differential_Vbiasn"}, {"inst_type": "net", "net_type": "internal", "id": "xiota|XI3|fully_differential_gnd!"}, {"inst_type": "nmos", "ports": ["xiota|fully_differential_gain_boosting_net24", "xiota|fully_differential_gain_boosting_net25", "xiota|XI3|fully_differential_net14"], "edge_weight": [1, 2, 4], "values": 1, "sub_graph": null, "id": "xiota|XI3|fully_differential_MM3"}, {"inst_type": "nmos", "ports": ["xiota|fully_differential_gain_boosting_net20", "xiota|fully_differential_gain_boosting_net12", "xiota|XI3|fully_differential_net14"], "edge_weight": [1, 2, 4], "values": 1, "sub_graph": null, "id": "xiota|XI3|fully_differential_MM0"}, {"inst_type": "pmos", "ports": ["xiota|fully_differential_gain_boosting_net19", "xiota|XI1|fully_differential_Vbiasp", "xiota|XI1|fully_differential_vdd!"], "edge_weight": [1, 2, 4], "values": 1, "sub_graph": null, "id": "xiota|XI1|fully_differential_MM1"}, {"inst_type": "net", "net_type": "internal", "id": "xiota|XI1|fully_differential_Vbiasp"}, {"inst_type": "net", "net_type": "internal", "id": "xiota|XI1|fully_differential_vdd!"}, {"inst_type": "pmos", "ports": ["xiota|fully_differential_gain_boosting_net22", "xiota|XI1|fully_differential_Vbiasp", "xiota|XI1|fully_differential_vdd!"], "edge_weight": [1, 2, 4], "values": 1, "sub_graph": null, "id": "xiota|XI1|fully_differential_MM2"}, {"inst_type": "nmos", "ports": ["xiota|XI1|fully_differential_net14", "xiota|XI1|fully_differential_Vbiasn", "xiota|XI1|fully_differential_gnd!"], "edge_weight": [1, 2, 4], "values": 1, "sub_graph": null, "id": "xiota|XI1|fully_differential_MM4"}, {"inst_type": "net", "net_type": "internal", "id": "xiota|XI1|fully_differential_net14"}, {"inst_type": "net", "net_type": "internal", "id": "xiota|XI1|fully_differential_Vbiasn"}, {"inst_type": "net", "net_type": "internal", "id": "xiota|XI1|fully_differential_gnd!"}, {"inst_type": "nmos", "ports": ["xiota|fully_differential_gain_boosting_net19", "xiota|fully_differential_gain_boosting_net21", "xiota|XI1|fully_differential_net14"], "edge_weight": [1, 2, 4], "values": 1, "sub_graph": null, "id": "xiota|XI1|fully_differential_MM3"}, {"inst_type": "nmos", "ports": ["xiota|fully_differential_gain_boosting_net22", "xiota|fully_differential_gain_boosting_net23", "xiota|XI1|fully_differential_net14"], "edge_weight": [1, 2, 4], "values": 1, "sub_graph": null, "id": "xiota|XI1|fully_differential_MM0"}, {"inst_type": "nmos", "ports": ["fully_differential_gain_boosting_LG_npmos_cr9_1_LG_Vbiasp", "fully_differential_gain_boosting_LG_npmos_cr9_1_LG_Vbiasn", "xiLG_npmos|LG_npmos_gnd!"], "edge_weight": [1, 2, 4], "values": 1, "sub_graph": null, "id": "xiLG_npmos|LG_npmos_MM4"}, {"inst_type": "net", "net_type": "internal", "id": "xiLG_npmos|LG_npmos_gnd!"}, {"inst_type": "nmos", "ports": ["fully_differential_gain_boosting_LG_npmos_cr9_1_LG_Vbiasn", "fully_differential_gain_boosting_LG_npmos_cr9_1_LG_Vbiasn", "xiLG_npmos|LG_npmos_gnd!"], "edge_weight": [1, 2, 4], "values": 1, "sub_graph": null, "id": "xiLG_npmos|LG_npmos_MM2"}, {"inst_type": "nmos", "ports": ["xiLG_npmos|LG_npmos_neta", "fully_differential_gain_boosting_LG_npmos_cr9_1_Biasn", "xiLG_npmos|LG_npmos_gnd!"], "edge_weight": [1, 2, 4], "values": 1, "sub_graph": null, "id": "xiLG_npmos|LG_npmos_MM10"}, {"inst_type": "net", "net_type": "internal", "id": "xiLG_npmos|LG_npmos_neta"}, {"inst_type": "net", "net_type": "internal", "id": "fully_differential_gain_boosting_LG_npmos_cr9_1_Biasn"}, {"inst_type": "pmos", "ports": ["fully_differential_gain_boosting_LG_npmos_cr9_1_LG_Vbiasp", "fully_differential_gain_boosting_LG_npmos_cr9_1_LG_Vbiasp", "xiLG_npmos|LG_npmos_vdd!"], "edge_weight": [1, 2, 4], "values": 1, "sub_graph": null, "id": "xiLG_npmos|LG_npmos_MM3"}, {"inst_type": "net", "net_type": "internal", "id": "xiLG_npmos|LG_npmos_vdd!"}, {"inst_type": "pmos", "ports": ["fully_differential_gain_boosting_LG_npmos_cr9_1_LG_Vbiasn", "xiLG_npmos|LG_npmos_neta", "xiLG_npmos|LG_npmos_vdd!"], "edge_weight": [1, 2, 4], "values": 1, "sub_graph": null, "id": "xiLG_npmos|LG_npmos_MM1"}, {"inst_type": "pmos", "ports": ["xiLG_npmos|LG_npmos_neta", "xiLG_npmos|LG_npmos_neta", "xiLG_npmos|LG_npmos_vdd!"], "edge_weight": [1, 2, 4], "values": 1, "sub_graph": null, "id": "xiLG_npmos|LG_npmos_MM0"}, {"inst_type": "res", "ports": ["xibCR9_1|CR9_1_net05", "xibCR9_1|CR9_1_gnd!"], "edge_weight": [8, 8], "values": 1, "sub_graph": null, "id": "xibCR9_1|CR9_1_RR1"}, {"inst_type": "net", "net_type": "internal", "id": "xibCR9_1|CR9_1_net05"}, {"inst_type": "net", "net_type": "internal", "id": "xibCR9_1|CR9_1_gnd!"}, {"inst_type": "res", "ports": ["xibCR9_1|CR9_1_vdd!", "fully_differential_gain_boosting_LG_npmos_cr9_1_Biasn"], "edge_weight": [8, 8], "values": 1, "sub_graph": null, "id": "xibCR9_1|CR9_1_RRF"}, {"inst_type": "net", "net_type": "internal", "id": "xibCR9_1|CR9_1_vdd!"}, {"inst_type": "nmos", "ports": ["fully_differential_gain_boosting_LG_npmos_cr9_1_Biasn", "fully_differential_gain_boosting_LG_npmos_cr9_1_Biasn", "xibCR9_1|CR9_1_net05"], "edge_weight": [1, 2, 4], "values": 1, "sub_graph": null, "id": "xibCR9_1|CR9_1_MM0"}], "links": [{"weight": 1, "source": "xiota|fully_differential_gain_boosting_MM8", "target": "fully_differential_gain_boosting_LG_npmos_cr9_1_Voutn"}, {"weight": 2, "source": "xiota|fully_differential_gain_boosting_MM8", "target": "xiota|fully_differential_gain_boosting_net22"}, {"weight": 4, "source": "xiota|fully_differential_gain_boosting_MM8", "target": "xiota|fully_differential_gain_boosting_net23"}, {"weight": 1, "source": "fully_differential_gain_boosting_LG_npmos_cr9_1_Voutn", "target": "xiota|fully_differential_gain_boosting_MM6"}, {"weight": 1, "source": "xiota|fully_differential_gain_boosting_net22", "target": "xiota|XI1|fully_differential_MM2"}, {"weight": 1, "source": "xiota|fully_differential_gain_boosting_net22", "target": "xiota|XI1|fully_differential_MM0"}, {"weight": 1, "source": "xiota|fully_differential_gain_boosting_net23", "target": "xiota|fully_differential_gain_boosting_MM3"}, {"weight": 2, "source": "xiota|fully_differential_gain_boosting_net23", "target": "xiota|XI1|fully_differential_MM0"}, {"weight": 1, "source": "xiota|fully_differential_gain_boosting_MM7", "target": "fully_differential_gain_boosting_LG_npmos_cr9_1_Voutp"}, {"weight": 2, "source": "xiota|fully_differential_gain_boosting_MM7", "target": "xiota|fully_differential_gain_boosting_net19"}, {"weight": 4, "source": "xiota|fully_differential_gain_boosting_MM7", "target": "xiota|fully_differential_gain_boosting_net21"}, {"weight": 1, "source": "fully_differential_gain_boosting_LG_npmos_cr9_1_Voutp", "target": "xiota|fully_differential_gain_boosting_MM5"}, {"weight": 1, "source": "xiota|fully_differential_gain_boosting_net19", "target": "xiota|XI1|fully_differential_MM1"}, {"weight": 1, "source": "xiota|fully_differential_gain_boosting_net19", "target": "xiota|XI1|fully_differential_MM3"}, {"weight": 1, "source": "xiota|fully_differential_gain_boosting_net21", "target": "xiota|fully_differential_gain_boosting_MM0"}, {"weight": 2, "source": "xiota|fully_differential_gain_boosting_net21", "target": "xiota|XI1|fully_differential_MM3"}, {"weight": 2, "source": "xiota|fully_differential_gain_boosting_MM3", "target": "fully_differential_gain_boosting_LG_npmos_cr9_1_Vinp"}, {"weight": 4, "source": "xiota|fully_differential_gain_boosting_MM3", "target": "xiota|fully_differential_gain_boosting_net15"}, {"weight": 4, "source": "xiota|fully_differential_gain_boosting_net15", "target": "xiota|fully_differential_gain_boosting_MM0"}, {"weight": 1, "source": "xiota|fully_differential_gain_boosting_net15", "target": "xiota|fully_differential_gain_boosting_MM4"}, {"weight": 2, "source": "xiota|fully_differential_gain_boosting_MM0", "target": "fully_differential_gain_boosting_LG_npmos_cr9_1_Vinn"}, {"weight": 2, "source": "xiota|fully_differential_gain_boosting_MM4", "target": "fully_differential_gain_boosting_LG_npmos_cr9_1_LG_Vbiasn"}, {"weight": 4, "source": "xiota|fully_differential_gain_boosting_MM4", "target": "xiota|fully_differential_gain_boosting_gnd!"}, {"weight": 2, "source": "fully_differential_gain_boosting_LG_npmos_cr9_1_LG_Vbiasn", "target": "xiLG_npmos|LG_npmos_MM4"}, {"weight": 3, "source": "fully_differential_gain_boosting_LG_npmos_cr9_1_LG_Vbiasn", "target": "xiLG_npmos|LG_npmos_MM2"}, {"weight": 1, "source": "fully_differential_gain_boosting_LG_npmos_cr9_1_LG_Vbiasn", "target": "xiLG_npmos|LG_npmos_MM1"}, {"weight": 2, "source": "xiota|fully_differential_gain_boosting_MM6", "target": "xiota|fully_differential_gain_boosting_net24"}, {"weight": 4, "source": "xiota|fully_differential_gain_boosting_MM6", "target": "xiota|fully_differential_gain_boosting_net25"}, {"weight": 1, "source": "xiota|fully_differential_gain_boosting_net24", "target": "xiota|XI3|fully_differential_MM1"}, {"weight": 1, "source": "xiota|fully_differential_gain_boosting_net24", "target": "xiota|XI3|fully_differential_MM3"}, {"weight": 1, "source": "xiota|fully_differential_gain_boosting_net25", "target": "xiota|fully_differential_gain_boosting_MM1"}, {"weight": 2, "source": "xiota|fully_differential_gain_boosting_net25", "target": "xiota|XI3|fully_differential_MM3"}, {"weight": 2, "source": "xiota|fully_differential_gain_boosting_MM5", "target": "xiota|fully_differential_gain_boosting_net20"}, {"weight": 4, "source": "xiota|fully_differential_gain_boosting_MM5", "target": "xiota|fully_differential_gain_boosting_net12"}, {"weight": 1, "source": "xiota|fully_differential_gain_boosting_net20", "target": "xiota|XI3|fully_differential_MM2"}, {"weight": 1, "source": "xiota|fully_differential_gain_boosting_net20", "target": "xiota|XI3|fully_differential_MM0"}, {"weight": 1, "source": "xiota|fully_differential_gain_boosting_net12", "target": "xiota|fully_differential_gain_boosting_MM2"}, {"weight": 2, "source": "xiota|fully_differential_gain_boosting_net12", "target": "xiota|XI3|fully_differential_MM0"}, {"weight": 2, "source": "xiota|fully_differential_gain_boosting_MM1", "target": "fully_differential_gain_boosting_LG_npmos_cr9_1_LG_Vbiasp"}, {"weight": 4, "source": "xiota|fully_differential_gain_boosting_MM1", "target": "xiota|fully_differential_gain_boosting_vdd!"}, {"weight": 2, "source": "fully_differential_gain_boosting_LG_npmos_cr9_1_LG_Vbiasp", "target": "xiota|fully_differential_gain_boosting_MM2"}, {"weight": 1, "source": "fully_differential_gain_boosting_LG_npmos_cr9_1_LG_Vbiasp", "target": "xiLG_npmos|LG_npmos_MM4"}, {"weight": 3, "source": "fully_differential_gain_boosting_LG_npmos_cr9_1_LG_Vbiasp", "target": "xiLG_npmos|LG_npmos_MM3"}, {"weight": 4, "source": "xiota|fully_differential_gain_boosting_vdd!", "target": "xiota|fully_differential_gain_boosting_MM2"}, {"weight": 2, "source": "xiota|XI3|fully_differential_MM1", "target": "xiota|XI3|fully_differential_Vbiasp"}, {"weight": 4, "source": "xiota|XI3|fully_differential_MM1", "target": "xiota|XI3|fully_differential_vdd!"}, {"weight": 2, "source": "xiota|XI3|fully_differential_Vbiasp", "target": "xiota|XI3|fully_differential_MM2"}, {"weight": 4, "source": "xiota|XI3|fully_differential_vdd!", "target": "xiota|XI3|fully_differential_MM2"}, {"weight": 1, "source": "xiota|XI3|fully_differential_MM4", "target": "xiota|XI3|fully_differential_net14"}, {"weight": 2, "source": "xiota|XI3|fully_differential_MM4", "target": "xiota|XI3|fully_differential_Vbiasn"}, {"weight": 4, "source": "xiota|XI3|fully_differential_MM4", "target": "xiota|XI3|fully_differential_gnd!"}, {"weight": 4, "source": "xiota|XI3|fully_differential_net14", "target": "xiota|XI3|fully_differential_MM3"}, {"weight": 4, "source": "xiota|XI3|fully_differential_net14", "target": "xiota|XI3|fully_differential_MM0"}, {"weight": 2, "source": "xiota|XI1|fully_differential_MM1", "target": "xiota|XI1|fully_differential_Vbiasp"}, {"weight": 4, "source": "xiota|XI1|fully_differential_MM1", "target": "xiota|XI1|fully_differential_vdd!"}, {"weight": 2, "source": "xiota|XI1|fully_differential_Vbiasp", "target": "xiota|XI1|fully_differential_MM2"}, {"weight": 4, "source": "xiota|XI1|fully_differential_vdd!", "target": "xiota|XI1|fully_differential_MM2"}, {"weight": 1, "source": "xiota|XI1|fully_differential_MM4", "target": "xiota|XI1|fully_differential_net14"}, {"weight": 2, "source": "xiota|XI1|fully_differential_MM4", "target": "xiota|XI1|fully_differential_Vbiasn"}, {"weight": 4, "source": "xiota|XI1|fully_differential_MM4", "target": "xiota|XI1|fully_differential_gnd!"}, {"weight": 4, "source": "xiota|XI1|fully_differential_net14", "target": "xiota|XI1|fully_differential_MM3"}, {"weight": 4, "source": "xiota|XI1|fully_differential_net14", "target": "xiota|XI1|fully_differential_MM0"}, {"weight": 4, "source": "xiLG_npmos|LG_npmos_MM4", "target": "xiLG_npmos|LG_npmos_gnd!"}, {"weight": 4, "source": "xiLG_npmos|LG_npmos_gnd!", "target": "xiLG_npmos|LG_npmos_MM2"}, {"weight": 4, "source": "xiLG_npmos|LG_npmos_gnd!", "target": "xiLG_npmos|LG_npmos_MM10"}, {"weight": 1, "source": "xiLG_npmos|LG_npmos_MM10", "target": "xiLG_npmos|LG_npmos_neta"}, {"weight": 2, "source": "xiLG_npmos|LG_npmos_MM10", "target": "fully_differential_gain_boosting_LG_npmos_cr9_1_Biasn"}, {"weight": 2, "source": "xiLG_npmos|LG_npmos_neta", "target": "xiLG_npmos|LG_npmos_MM1"}, {"weight": 3, "source": "xiLG_npmos|LG_npmos_neta", "target": "xiLG_npmos|LG_npmos_MM0"}, {"weight": 8, "source": "fully_differential_gain_boosting_LG_npmos_cr9_1_Biasn", "target": "xibCR9_1|CR9_1_RRF"}, {"weight": 3, "source": "fully_differential_gain_boosting_LG_npmos_cr9_1_Biasn", "target": "xibCR9_1|CR9_1_MM0"}, {"weight": 4, "source": "xiLG_npmos|LG_npmos_MM3", "target": "xiLG_npmos|LG_npmos_vdd!"}, {"weight": 4, "source": "xiLG_npmos|LG_npmos_vdd!", "target": "xiLG_npmos|LG_npmos_MM1"}, {"weight": 4, "source": "xiLG_npmos|LG_npmos_vdd!", "target": "xiLG_npmos|LG_npmos_MM0"}, {"weight": 8, "source": "xibCR9_1|CR9_1_RR1", "target": "xibCR9_1|CR9_1_net05"}, {"weight": 8, "source": "xibCR9_1|CR9_1_RR1", "target": "xibCR9_1|CR9_1_gnd!"}, {"weight": 4, "source": "xibCR9_1|CR9_1_net05", "target": "xibCR9_1|CR9_1_MM0"}, {"weight": 8, "source": "xibCR9_1|CR9_1_RRF", "target": "xibCR9_1|CR9_1_vdd!"}]}