{"directed": false, "multigraph": false, "graph": {}, "nodes": [{"inst_type": "nmos", "ports": ["fully_differential_cascode_LG_load_biasp_cr13_1_Voutn", "fully_differential_cascode_LG_load_biasp_cr13_1_Vinp", "xiota|fully_differential_cascode_net16"], "edge_weight": [1, 2, 4], "values": 1, "sub_graph": null, "id": "xiota|fully_differential_cascode_MM3"}, {"inst_type": "net", "net_type": "internal", "id": "fully_differential_cascode_LG_load_biasp_cr13_1_Voutn"}, {"inst_type": "net", "net_type": "internal", "id": "fully_differential_cascode_LG_load_biasp_cr13_1_Vinp"}, {"inst_type": "net", "net_type": "internal", "id": "xiota|fully_differential_cascode_net16"}, {"inst_type": "nmos", "ports": ["fully_differential_cascode_LG_load_biasp_cr13_1_Voutp", "fully_differential_cascode_LG_load_biasp_cr13_1_Vinn", "xiota|fully_differential_cascode_net16"], "edge_weight": [1, 2, 4], "values": 1, "sub_graph": null, "id": "xiota|fully_differential_cascode_MM0"}, {"inst_type": "net", "net_type": "internal", "id": "fully_differential_cascode_LG_load_biasp_cr13_1_Voutp"}, {"inst_type": "net", "net_type": "internal", "id": "fully_differential_cascode_LG_load_biasp_cr13_1_Vinn"}, {"inst_type": "nmos", "ports": ["xiota|fully_differential_cascode_net16", "fully_differential_cascode_LG_load_biasp_cr13_1_LG_Vbiasn", "xiota|fully_differential_cascode_gnd!"], "edge_weight": [1, 2, 4], "values": 1, "sub_graph": null, "id": "xiota|fully_differential_cascode_MM4"}, {"inst_type": "net", "net_type": "internal", "id": "fully_differential_cascode_LG_load_biasp_cr13_1_LG_Vbiasn"}, {"inst_type": "net", "net_type": "internal", "id": "xiota|fully_differential_cascode_gnd!"}, {"inst_type": "pmos", "ports": ["fully_differential_cascode_LG_load_biasp_cr13_1_Voutp", "fully_differential_cascode_LG_load_biasp_cr13_1_LG_Vbiasp2", "xiota|fully_differential_cascode_net22"], "edge_weight": [1, 2, 4], "values": 1, "sub_graph": null, "id": "xiota|fully_differential_cascode_MM6"}, {"inst_type": "net", "net_type": "internal", "id": "fully_differential_cascode_LG_load_biasp_cr13_1_LG_Vbiasp2"}, {"inst_type": "net", "net_type": "internal", "id": "xiota|fully_differential_cascode_net22"}, {"inst_type": "pmos", "ports": ["fully_differential_cascode_LG_load_biasp_cr13_1_Voutn", "fully_differential_cascode_LG_load_biasp_cr13_1_LG_Vbiasp2", "xiota|fully_differential_cascode_net21"], "edge_weight": [1, 2, 4], "values": 1, "sub_graph": null, "id": "xiota|fully_differential_cascode_MM5"}, {"inst_type": "net", "net_type": "internal", "id": "xiota|fully_differential_cascode_net21"}, {"inst_type": "pmos", "ports": ["xiota|fully_differential_cascode_net21", "fully_differential_cascode_LG_load_biasp_cr13_1_LG_Vbiasp1", "xiota|fully_differential_cascode_vdd!"], "edge_weight": [1, 2, 4], "values": 1, "sub_graph": null, "id": "xiota|fully_differential_cascode_MM1"}, {"inst_type": "net", "net_type": "internal", "id": "fully_differential_cascode_LG_load_biasp_cr13_1_LG_Vbiasp1"}, {"inst_type": "net", "net_type": "internal", "id": "xiota|fully_differential_cascode_vdd!"}, {"inst_type": "pmos", "ports": ["xiota|fully_differential_cascode_net22", "fully_differential_cascode_LG_load_biasp_cr13_1_LG_Vbiasp1", "xiota|fully_differential_cascode_vdd!"], "edge_weight": [1, 2, 4], "values": 1, "sub_graph": null, "id": "xiota|fully_differential_cascode_MM2"}, {"inst_type": "nmos", "ports": ["fully_differential_cascode_LG_load_biasp_cr13_1_LG_Vbiasp2", "fully_differential_cascode_LG_load_biasp_cr13_1_Biasn", "xiLG_load_biasp|LG_load_biasp_gnd!"], "edge_weight": [1, 2, 4], "values": 1, "sub_graph": null, "id": "xiLG_load_biasp|LG_load_biasp_MM0"}, {"inst_type": "net", "net_type": "internal", "id": "fully_differential_cascode_LG_load_biasp_cr13_1_Biasn"}, {"inst_type": "net", "net_type": "internal", "id": "xiLG_load_biasp|LG_load_biasp_gnd!"}, {"inst_type": "pmos", "ports": ["fully_differential_cascode_LG_load_biasp_cr13_1_LG_Vbiasp2", "fully_differential_cascode_LG_load_biasp_cr13_1_LG_Vbiasp2", "fully_differential_cascode_LG_load_biasp_cr13_1_LG_Vbiasp1"], "edge_weight": [1, 2, 4], "values": 1, "sub_graph": null, "id": "xiLG_load_biasp|LG_load_biasp_MM1"}, {"inst_type": "pmos", "ports": ["fully_differential_cascode_LG_load_biasp_cr13_1_LG_Vbiasp1", "fully_differential_cascode_LG_load_biasp_cr13_1_LG_Vbiasp1", "xiLG_load_biasp|LG_load_biasp_vdd!"], "edge_weight": [1, 2, 4], "values": 1, "sub_graph": null, "id": "xiLG_load_biasp|LG_load_biasp_MM3"}, {"inst_type": "net", "net_type": "internal", "id": "xiLG_load_biasp|LG_load_biasp_vdd!"}, {"inst_type": "nmos", "ports": ["fully_differential_cascode_LG_load_biasp_cr13_1_Vbiasp", "fully_differential_cascode_LG_load_biasp_cr13_1_Biasn", "xibCR13_2|CR13_2_gnd!"], "edge_weight": [1, 2, 4], "values": 1, "sub_graph": null, "id": "xibCR13_2|CR13_2_MM2"}, {"inst_type": "net", "net_type": "internal", "id": "fully_differential_cascode_LG_load_biasp_cr13_1_Vbiasp"}, {"inst_type": "net", "net_type": "internal", "id": "xibCR13_2|CR13_2_gnd!"}, {"inst_type": "nmos", "ports": ["fully_differential_cascode_LG_load_biasp_cr13_1_Biasn", "fully_differential_cascode_LG_load_biasp_cr13_1_Biasn", "xibCR13_2|CR13_2_gnd!"], "edge_weight": [1, 2, 4], "values": 1, "sub_graph": null, "id": "xibCR13_2|CR13_2_MM0"}, {"inst_type": "pmos", "ports": ["fully_differential_cascode_LG_load_biasp_cr13_1_Vbiasp", "fully_differential_cascode_LG_load_biasp_cr13_1_Vbiasp", "xibCR13_2|CR13_2_vdd!"], "edge_weight": [1, 2, 4], "values": 1, "sub_graph": null, "id": "xibCR13_2|CR13_2_MM3"}, {"inst_type": "net", "net_type": "internal", "id": "xibCR13_2|CR13_2_vdd!"}, {"inst_type": "pmos", "ports": ["fully_differential_cascode_LG_load_biasp_cr13_1_Biasn", "fully_differential_cascode_LG_load_biasp_cr13_1_Vbiasp", "xibCR13_2|CR13_2_vdd!"], "edge_weight": [1, 2, 4], "values": 1, "sub_graph": null, "id": "xibCR13_2|CR13_2_MM1"}], "links": [{"weight": 1, "source": "xiota|fully_differential_cascode_MM3", "target": "fully_differential_cascode_LG_load_biasp_cr13_1_Voutn"}, {"weight": 2, "source": "xiota|fully_differential_cascode_MM3", "target": "fully_differential_cascode_LG_load_biasp_cr13_1_Vinp"}, {"weight": 4, "source": "xiota|fully_differential_cascode_MM3", "target": "xiota|fully_differential_cascode_net16"}, {"weight": 1, "source": "fully_differential_cascode_LG_load_biasp_cr13_1_Voutn", "target": "xiota|fully_differential_cascode_MM5"}, {"weight": 4, "source": "xiota|fully_differential_cascode_net16", "target": "xiota|fully_differential_cascode_MM0"}, {"weight": 1, "source": "xiota|fully_differential_cascode_net16", "target": "xiota|fully_differential_cascode_MM4"}, {"weight": 1, "source": "xiota|fully_differential_cascode_MM0", "target": "fully_differential_cascode_LG_load_biasp_cr13_1_Voutp"}, {"weight": 2, "source": "xiota|fully_differential_cascode_MM0", "target": "fully_differential_cascode_LG_load_biasp_cr13_1_Vinn"}, {"weight": 1, "source": "fully_differential_cascode_LG_load_biasp_cr13_1_Voutp", "target": "xiota|fully_differential_cascode_MM6"}, {"weight": 2, "source": "xiota|fully_differential_cascode_MM4", "target": "fully_differential_cascode_LG_load_biasp_cr13_1_LG_Vbiasn"}, {"weight": 4, "source": "xiota|fully_differential_cascode_MM4", "target": "xiota|fully_differential_cascode_gnd!"}, {"weight": 2, "source": "xiota|fully_differential_cascode_MM6", "target": "fully_differential_cascode_LG_load_biasp_cr13_1_LG_Vbiasp2"}, {"weight": 4, "source": "xiota|fully_differential_cascode_MM6", "target": "xiota|fully_differential_cascode_net22"}, {"weight": 2, "source": "fully_differential_cascode_LG_load_biasp_cr13_1_LG_Vbiasp2", "target": "xiota|fully_differential_cascode_MM5"}, {"weight": 1, "source": "fully_differential_cascode_LG_load_biasp_cr13_1_LG_Vbiasp2", "target": "xiLG_load_biasp|LG_load_biasp_MM0"}, {"weight": 3, "source": "fully_differential_cascode_LG_load_biasp_cr13_1_LG_Vbiasp2", "target": "xiLG_load_biasp|LG_load_biasp_MM1"}, {"weight": 1, "source": "xiota|fully_differential_cascode_net22", "target": "xiota|fully_differential_cascode_MM2"}, {"weight": 4, "source": "xiota|fully_differential_cascode_MM5", "target": "xiota|fully_differential_cascode_net21"}, {"weight": 1, "source": "xiota|fully_differential_cascode_net21", "target": "xiota|fully_differential_cascode_MM1"}, {"weight": 2, "source": "xiota|fully_differential_cascode_MM1", "target": "fully_differential_cascode_LG_load_biasp_cr13_1_LG_Vbiasp1"}, {"weight": 4, "source": "xiota|fully_differential_cascode_MM1", "target": "xiota|fully_differential_cascode_vdd!"}, {"weight": 2, "source": "fully_differential_cascode_LG_load_biasp_cr13_1_LG_Vbiasp1", "target": "xiota|fully_differential_cascode_MM2"}, {"weight": 4, "source": "fully_differential_cascode_LG_load_biasp_cr13_1_LG_Vbiasp1", "target": "xiLG_load_biasp|LG_load_biasp_MM1"}, {"weight": 3, "source": "fully_differential_cascode_LG_load_biasp_cr13_1_LG_Vbiasp1", "target": "xiLG_load_biasp|LG_load_biasp_MM3"}, {"weight": 4, "source": "xiota|fully_differential_cascode_vdd!", "target": "xiota|fully_differential_cascode_MM2"}, {"weight": 2, "source": "xiLG_load_biasp|LG_load_biasp_MM0", "target": "fully_differential_cascode_LG_load_biasp_cr13_1_Biasn"}, {"weight": 4, "source": "xiLG_load_biasp|LG_load_biasp_MM0", "target": "xiLG_load_biasp|LG_load_biasp_gnd!"}, {"weight": 2, "source": "fully_differential_cascode_LG_load_biasp_cr13_1_Biasn", "target": "xibCR13_2|CR13_2_MM2"}, {"weight": 3, "source": "fully_differential_cascode_LG_load_biasp_cr13_1_Biasn", "target": "xibCR13_2|CR13_2_MM0"}, {"weight": 1, "source": "fully_differential_cascode_LG_load_biasp_cr13_1_Biasn", "target": "xibCR13_2|CR13_2_MM1"}, {"weight": 4, "source": "xiLG_load_biasp|LG_load_biasp_MM3", "target": "xiLG_load_biasp|LG_load_biasp_vdd!"}, {"weight": 1, "source": "xibCR13_2|CR13_2_MM2", "target": "fully_differential_cascode_LG_load_biasp_cr13_1_Vbiasp"}, {"weight": 4, "source": "xibCR13_2|CR13_2_MM2", "target": "xibCR13_2|CR13_2_gnd!"}, {"weight": 3, "source": "fully_differential_cascode_LG_load_biasp_cr13_1_Vbiasp", "target": "xibCR13_2|CR13_2_MM3"}, {"weight": 2, "source": "fully_differential_cascode_LG_load_biasp_cr13_1_Vbiasp", "target": "xibCR13_2|CR13_2_MM1"}, {"weight": 4, "source": "xibCR13_2|CR13_2_gnd!", "target": "xibCR13_2|CR13_2_MM0"}, {"weight": 4, "source": "xibCR13_2|CR13_2_MM3", "target": "xibCR13_2|CR13_2_vdd!"}, {"weight": 4, "source": "xibCR13_2|CR13_2_vdd!", "target": "xibCR13_2|CR13_2_MM1"}]}