{"directed": false, "multigraph": false, "graph": {}, "nodes": [{"inst_type": "pmos", "ports": ["fully_differential_LG_nmos_cr16_1_Voutn", "fully_differential_LG_nmos_cr16_1_LG_Vbiasp", "xiota|fully_differential_vdd!"], "edge_weight": [1, 2, 4], "values": 1, "sub_graph": null, "id": "xiota|fully_differential_MM1"}, {"inst_type": "net", "net_type": "internal", "id": "fully_differential_LG_nmos_cr16_1_Voutn"}, {"inst_type": "net", "net_type": "internal", "id": "fully_differential_LG_nmos_cr16_1_LG_Vbiasp"}, {"inst_type": "net", "net_type": "internal", "id": "xiota|fully_differential_vdd!"}, {"inst_type": "pmos", "ports": ["fully_differential_LG_nmos_cr16_1_Voutp", "fully_differential_LG_nmos_cr16_1_LG_Vbiasp", "xiota|fully_differential_vdd!"], "edge_weight": [1, 2, 4], "values": 1, "sub_graph": null, "id": "xiota|fully_differential_MM2"}, {"inst_type": "net", "net_type": "internal", "id": "fully_differential_LG_nmos_cr16_1_Voutp"}, {"inst_type": "nmos", "ports": ["xiota|fully_differential_net14", "fully_differential_LG_nmos_cr16_1_LG_Vbiasn", "xiota|fully_differential_gnd!"], "edge_weight": [1, 2, 4], "values": 1, "sub_graph": null, "id": "xiota|fully_differential_MM4"}, {"inst_type": "net", "net_type": "internal", "id": "xiota|fully_differential_net14"}, {"inst_type": "net", "net_type": "internal", "id": "fully_differential_LG_nmos_cr16_1_LG_Vbiasn"}, {"inst_type": "net", "net_type": "internal", "id": "xiota|fully_differential_gnd!"}, {"inst_type": "nmos", "ports": ["fully_differential_LG_nmos_cr16_1_Voutn", "fully_differential_LG_nmos_cr16_1_Vinp", "xiota|fully_differential_net14"], "edge_weight": [1, 2, 4], "values": 1, "sub_graph": null, "id": "xiota|fully_differential_MM3"}, {"inst_type": "net", "net_type": "internal", "id": "fully_differential_LG_nmos_cr16_1_Vinp"}, {"inst_type": "nmos", "ports": ["fully_differential_LG_nmos_cr16_1_Voutp", "fully_differential_LG_nmos_cr16_1_Vinn", "xiota|fully_differential_net14"], "edge_weight": [1, 2, 4], "values": 1, "sub_graph": null, "id": "xiota|fully_differential_MM0"}, {"inst_type": "net", "net_type": "internal", "id": "fully_differential_LG_nmos_cr16_1_Vinn"}, {"inst_type": "nmos", "ports": ["fully_differential_LG_nmos_cr16_1_LG_Vbiasn", "fully_differential_LG_nmos_cr16_1_LG_Vbiasn", "xiLG_nmos|LG_nmos_gnd!"], "edge_weight": [1, 2, 4], "values": 1, "sub_graph": null, "id": "xiLG_nmos|LG_nmos_MM8"}, {"inst_type": "net", "net_type": "internal", "id": "xiLG_nmos|LG_nmos_gnd!"}, {"inst_type": "pmos", "ports": ["fully_differential_LG_nmos_cr16_1_LG_Vbiasn", "fully_differential_LG_nmos_cr16_1_Biasp", "xiLG_nmos|LG_nmos_vdd!"], "edge_weight": [1, 2, 4], "values": 1, "sub_graph": null, "id": "xiLG_nmos|LG_nmos_MM10"}, {"inst_type": "net", "net_type": "internal", "id": "fully_differential_LG_nmos_cr16_1_Biasp"}, {"inst_type": "net", "net_type": "internal", "id": "xiLG_nmos|LG_nmos_vdd!"}, {"inst_type": "res", "ports": ["xibCR16_1|CR16_1_vdd!", "xibCR16_1|CR16_1_net6"], "edge_weight": [8, 8], "values": 1, "sub_graph": null, "id": "xibCR16_1|CR16_1_RR0"}, {"inst_type": "net", "net_type": "internal", "id": "xibCR16_1|CR16_1_vdd!"}, {"inst_type": "net", "net_type": "internal", "id": "xibCR16_1|CR16_1_net6"}, {"inst_type": "res", "ports": ["fully_differential_LG_nmos_cr16_1_Biasp", "xibCR16_1|CR16_1_gnd!"], "edge_weight": [8, 8], "values": 1, "sub_graph": null, "id": "xibCR16_1|CR16_1_RR1"}, {"inst_type": "net", "net_type": "internal", "id": "xibCR16_1|CR16_1_gnd!"}, {"inst_type": "pmos", "ports": ["fully_differential_LG_nmos_cr16_1_Biasp", "fully_differential_LG_nmos_cr16_1_Biasp", "xibCR16_1|CR16_1_net6"], "edge_weight": [1, 2, 4], "values": 1, "sub_graph": null, "id": "xibCR16_1|CR16_1_MM2"}], "links": [{"weight": 1, "source": "xiota|fully_differential_MM1", "target": "fully_differential_LG_nmos_cr16_1_Voutn"}, {"weight": 2, "source": "xiota|fully_differential_MM1", "target": "fully_differential_LG_nmos_cr16_1_LG_Vbiasp"}, {"weight": 4, "source": "xiota|fully_differential_MM1", "target": "xiota|fully_differential_vdd!"}, {"weight": 1, "source": "fully_differential_LG_nmos_cr16_1_Voutn", "target": "xiota|fully_differential_MM3"}, {"weight": 2, "source": "fully_differential_LG_nmos_cr16_1_LG_Vbiasp", "target": "xiota|fully_differential_MM2"}, {"weight": 4, "source": "xiota|fully_differential_vdd!", "target": "xiota|fully_differential_MM2"}, {"weight": 1, "source": "xiota|fully_differential_MM2", "target": "fully_differential_LG_nmos_cr16_1_Voutp"}, {"weight": 1, "source": "fully_differential_LG_nmos_cr16_1_Voutp", "target": "xiota|fully_differential_MM0"}, {"weight": 1, "source": "xiota|fully_differential_MM4", "target": "xiota|fully_differential_net14"}, {"weight": 2, "source": "xiota|fully_differential_MM4", "target": "fully_differential_LG_nmos_cr16_1_LG_Vbiasn"}, {"weight": 4, "source": "xiota|fully_differential_MM4", "target": "xiota|fully_differential_gnd!"}, {"weight": 4, "source": "xiota|fully_differential_net14", "target": "xiota|fully_differential_MM3"}, {"weight": 4, "source": "xiota|fully_differential_net14", "target": "xiota|fully_differential_MM0"}, {"weight": 3, "source": "fully_differential_LG_nmos_cr16_1_LG_Vbiasn", "target": "xiLG_nmos|LG_nmos_MM8"}, {"weight": 1, "source": "fully_differential_LG_nmos_cr16_1_LG_Vbiasn", "target": "xiLG_nmos|LG_nmos_MM10"}, {"weight": 2, "source": "xiota|fully_differential_MM3", "target": "fully_differential_LG_nmos_cr16_1_Vinp"}, {"weight": 2, "source": "xiota|fully_differential_MM0", "target": "fully_differential_LG_nmos_cr16_1_Vinn"}, {"weight": 4, "source": "xiLG_nmos|LG_nmos_MM8", "target": "xiLG_nmos|LG_nmos_gnd!"}, {"weight": 2, "source": "xiLG_nmos|LG_nmos_MM10", "target": "fully_differential_LG_nmos_cr16_1_Biasp"}, {"weight": 4, "source": "xiLG_nmos|LG_nmos_MM10", "target": "xiLG_nmos|LG_nmos_vdd!"}, {"weight": 8, "source": "fully_differential_LG_nmos_cr16_1_Biasp", "target": "xibCR16_1|CR16_1_RR1"}, {"weight": 3, "source": "fully_differential_LG_nmos_cr16_1_Biasp", "target": "xibCR16_1|CR16_1_MM2"}, {"weight": 8, "source": "xibCR16_1|CR16_1_RR0", "target": "xibCR16_1|CR16_1_vdd!"}, {"weight": 8, "source": "xibCR16_1|CR16_1_RR0", "target": "xibCR16_1|CR16_1_net6"}, {"weight": 4, "source": "xibCR16_1|CR16_1_net6", "target": "xibCR16_1|CR16_1_MM2"}, {"weight": 8, "source": "xibCR16_1|CR16_1_RR1", "target": "xibCR16_1|CR16_1_gnd!"}]}