{"directed": false, "multigraph": false, "graph": {}, "nodes": [{"inst_type": "pmos", "ports": ["fully_differential_pmos_LG_pnmos_4_cr13_2_Voutp", "fully_differential_pmos_LG_pnmos_4_cr13_2_Vinn", "xiota|fully_differential_pmos_net12"], "edge_weight": [1, 2, 4], "values": 1, "sub_graph": null, "id": "xiota|fully_differential_pmos_MM7"}, {"inst_type": "net", "net_type": "internal", "id": "fully_differential_pmos_LG_pnmos_4_cr13_2_Voutp"}, {"inst_type": "net", "net_type": "internal", "id": "fully_differential_pmos_LG_pnmos_4_cr13_2_Vinn"}, {"inst_type": "net", "net_type": "internal", "id": "xiota|fully_differential_pmos_net12"}, {"inst_type": "pmos", "ports": ["fully_differential_pmos_LG_pnmos_4_cr13_2_Voutn", "fully_differential_pmos_LG_pnmos_4_cr13_2_Vinp", "xiota|fully_differential_pmos_net12"], "edge_weight": [1, 2, 4], "values": 1, "sub_graph": null, "id": "xiota|fully_differential_pmos_MM6"}, {"inst_type": "net", "net_type": "internal", "id": "fully_differential_pmos_LG_pnmos_4_cr13_2_Voutn"}, {"inst_type": "net", "net_type": "internal", "id": "fully_differential_pmos_LG_pnmos_4_cr13_2_Vinp"}, {"inst_type": "pmos", "ports": ["xiota|fully_differential_pmos_net12", "fully_differential_pmos_LG_pnmos_4_cr13_2_LG_Vbiasp", "xiota|fully_differential_pmos_vdd!"], "edge_weight": [1, 2, 4], "values": 1, "sub_graph": null, "id": "xiota|fully_differential_pmos_MM5"}, {"inst_type": "net", "net_type": "internal", "id": "fully_differential_pmos_LG_pnmos_4_cr13_2_LG_Vbiasp"}, {"inst_type": "net", "net_type": "internal", "id": "xiota|fully_differential_pmos_vdd!"}, {"inst_type": "nmos", "ports": ["fully_differential_pmos_LG_pnmos_4_cr13_2_Voutp", "fully_differential_pmos_LG_pnmos_4_cr13_2_LG_Vbiasn", "xiota|fully_differential_pmos_gnd!"], "edge_weight": [1, 2, 4], "values": 1, "sub_graph": null, "id": "xiota|fully_differential_pmos_MM9"}, {"inst_type": "net", "net_type": "internal", "id": "fully_differential_pmos_LG_pnmos_4_cr13_2_LG_Vbiasn"}, {"inst_type": "net", "net_type": "internal", "id": "xiota|fully_differential_pmos_gnd!"}, {"inst_type": "nmos", "ports": ["fully_differential_pmos_LG_pnmos_4_cr13_2_Voutn", "fully_differential_pmos_LG_pnmos_4_cr13_2_LG_Vbiasn", "xiota|fully_differential_pmos_gnd!"], "edge_weight": [1, 2, 4], "values": 1, "sub_graph": null, "id": "xiota|fully_differential_pmos_MM8"}, {"inst_type": "nmos", "ports": ["fully_differential_pmos_LG_pnmos_4_cr13_2_LG_Vbiasn", "fully_differential_pmos_LG_pnmos_4_cr13_2_LG_Vbiasn", "xiLG_pnmos_4|LG_pnmos_4_gnd!"], "edge_weight": [1, 2, 4], "values": 1, "sub_graph": null, "id": "xiLG_pnmos_4|LG_pnmos_4_MM1"}, {"inst_type": "net", "net_type": "internal", "id": "xiLG_pnmos_4|LG_pnmos_4_gnd!"}, {"inst_type": "nmos", "ports": ["fully_differential_pmos_LG_pnmos_4_cr13_2_LG_Vbiasp", "xiLG_pnmos_4|LG_pnmos_4_net6", "xiLG_pnmos_4|LG_pnmos_4_gnd!"], "edge_weight": [1, 2, 4], "values": 1, "sub_graph": null, "id": "xiLG_pnmos_4|LG_pnmos_4_MM0"}, {"inst_type": "net", "net_type": "internal", "id": "xiLG_pnmos_4|LG_pnmos_4_net6"}, {"inst_type": "nmos", "ports": ["xiLG_pnmos_4|LG_pnmos_4_net6", "xiLG_pnmos_4|LG_pnmos_4_net6", "xiLG_pnmos_4|LG_pnmos_4_gnd!"], "edge_weight": [1, 2, 4], "values": 1, "sub_graph": null, "id": "xiLG_pnmos_4|LG_pnmos_4_MM8"}, {"inst_type": "pmos", "ports": ["fully_differential_pmos_LG_pnmos_4_cr13_2_LG_Vbiasn", "fully_differential_pmos_LG_pnmos_4_cr13_2_LG_Vbiasp", "xiLG_pnmos_4|LG_pnmos_4_vdd!"], "edge_weight": [1, 2, 4], "values": 1, "sub_graph": null, "id": "xiLG_pnmos_4|LG_pnmos_4_MM2"}, {"inst_type": "net", "net_type": "internal", "id": "xiLG_pnmos_4|LG_pnmos_4_vdd!"}, {"inst_type": "pmos", "ports": ["fully_differential_pmos_LG_pnmos_4_cr13_2_LG_Vbiasp", "fully_differential_pmos_LG_pnmos_4_cr13_2_LG_Vbiasp", "xiLG_pnmos_4|LG_pnmos_4_vdd!"], "edge_weight": [1, 2, 4], "values": 1, "sub_graph": null, "id": "xiLG_pnmos_4|LG_pnmos_4_MM3"}, {"inst_type": "pmos", "ports": ["xiLG_pnmos_4|LG_pnmos_4_net6", "fully_differential_pmos_LG_pnmos_4_cr13_2_Biasp", "xiLG_pnmos_4|LG_pnmos_4_vdd!"], "edge_weight": [1, 2, 4], "values": 1, "sub_graph": null, "id": "xiLG_pnmos_4|LG_pnmos_4_MM10"}, {"inst_type": "net", "net_type": "internal", "id": "fully_differential_pmos_LG_pnmos_4_cr13_2_Biasp"}, {"inst_type": "nmos", "ports": ["fully_differential_pmos_LG_pnmos_4_cr13_2_Biasp", "fully_differential_pmos_LG_pnmos_4_cr13_2_Biasn", "xibCR13_2|CR13_2_gnd!"], "edge_weight": [1, 2, 4], "values": 1, "sub_graph": null, "id": "xibCR13_2|CR13_2_MM2"}, {"inst_type": "net", "net_type": "internal", "id": "fully_differential_pmos_LG_pnmos_4_cr13_2_Biasn"}, {"inst_type": "net", "net_type": "internal", "id": "xibCR13_2|CR13_2_gnd!"}, {"inst_type": "nmos", "ports": ["fully_differential_pmos_LG_pnmos_4_cr13_2_Biasn", "fully_differential_pmos_LG_pnmos_4_cr13_2_Biasn", "xibCR13_2|CR13_2_gnd!"], "edge_weight": [1, 2, 4], "values": 1, "sub_graph": null, "id": "xibCR13_2|CR13_2_MM0"}, {"inst_type": "pmos", "ports": ["fully_differential_pmos_LG_pnmos_4_cr13_2_Biasp", "fully_differential_pmos_LG_pnmos_4_cr13_2_Biasp", "xibCR13_2|CR13_2_vdd!"], "edge_weight": [1, 2, 4], "values": 1, "sub_graph": null, "id": "xibCR13_2|CR13_2_MM3"}, {"inst_type": "net", "net_type": "internal", "id": "xibCR13_2|CR13_2_vdd!"}, {"inst_type": "pmos", "ports": ["fully_differential_pmos_LG_pnmos_4_cr13_2_Biasn", "fully_differential_pmos_LG_pnmos_4_cr13_2_Biasp", "xibCR13_2|CR13_2_vdd!"], "edge_weight": [1, 2, 4], "values": 1, "sub_graph": null, "id": "xibCR13_2|CR13_2_MM1"}], "links": [{"weight": 1, "source": "xiota|fully_differential_pmos_MM7", "target": "fully_differential_pmos_LG_pnmos_4_cr13_2_Voutp"}, {"weight": 2, "source": "xiota|fully_differential_pmos_MM7", "target": "fully_differential_pmos_LG_pnmos_4_cr13_2_Vinn"}, {"weight": 4, "source": "xiota|fully_differential_pmos_MM7", "target": "xiota|fully_differential_pmos_net12"}, {"weight": 1, "source": "fully_differential_pmos_LG_pnmos_4_cr13_2_Voutp", "target": "xiota|fully_differential_pmos_MM9"}, {"weight": 4, "source": "xiota|fully_differential_pmos_net12", "target": "xiota|fully_differential_pmos_MM6"}, {"weight": 1, "source": "xiota|fully_differential_pmos_net12", "target": "xiota|fully_differential_pmos_MM5"}, {"weight": 1, "source": "xiota|fully_differential_pmos_MM6", "target": "fully_differential_pmos_LG_pnmos_4_cr13_2_Voutn"}, {"weight": 2, "source": "xiota|fully_differential_pmos_MM6", "target": "fully_differential_pmos_LG_pnmos_4_cr13_2_Vinp"}, {"weight": 1, "source": "fully_differential_pmos_LG_pnmos_4_cr13_2_Voutn", "target": "xiota|fully_differential_pmos_MM8"}, {"weight": 2, "source": "xiota|fully_differential_pmos_MM5", "target": "fully_differential_pmos_LG_pnmos_4_cr13_2_LG_Vbiasp"}, {"weight": 4, "source": "xiota|fully_differential_pmos_MM5", "target": "xiota|fully_differential_pmos_vdd!"}, {"weight": 1, "source": "fully_differential_pmos_LG_pnmos_4_cr13_2_LG_Vbiasp", "target": "xiLG_pnmos_4|LG_pnmos_4_MM0"}, {"weight": 2, "source": "fully_differential_pmos_LG_pnmos_4_cr13_2_LG_Vbiasp", "target": "xiLG_pnmos_4|LG_pnmos_4_MM2"}, {"weight": 3, "source": "fully_differential_pmos_LG_pnmos_4_cr13_2_LG_Vbiasp", "target": "xiLG_pnmos_4|LG_pnmos_4_MM3"}, {"weight": 2, "source": "xiota|fully_differential_pmos_MM9", "target": "fully_differential_pmos_LG_pnmos_4_cr13_2_LG_Vbiasn"}, {"weight": 4, "source": "xiota|fully_differential_pmos_MM9", "target": "xiota|fully_differential_pmos_gnd!"}, {"weight": 2, "source": "fully_differential_pmos_LG_pnmos_4_cr13_2_LG_Vbiasn", "target": "xiota|fully_differential_pmos_MM8"}, {"weight": 3, "source": "fully_differential_pmos_LG_pnmos_4_cr13_2_LG_Vbiasn", "target": "xiLG_pnmos_4|LG_pnmos_4_MM1"}, {"weight": 1, "source": "fully_differential_pmos_LG_pnmos_4_cr13_2_LG_Vbiasn", "target": "xiLG_pnmos_4|LG_pnmos_4_MM2"}, {"weight": 4, "source": "xiota|fully_differential_pmos_gnd!", "target": "xiota|fully_differential_pmos_MM8"}, {"weight": 4, "source": "xiLG_pnmos_4|LG_pnmos_4_MM1", "target": "xiLG_pnmos_4|LG_pnmos_4_gnd!"}, {"weight": 4, "source": "xiLG_pnmos_4|LG_pnmos_4_gnd!", "target": "xiLG_pnmos_4|LG_pnmos_4_MM0"}, {"weight": 4, "source": "xiLG_pnmos_4|LG_pnmos_4_gnd!", "target": "xiLG_pnmos_4|LG_pnmos_4_MM8"}, {"weight": 2, "source": "xiLG_pnmos_4|LG_pnmos_4_MM0", "target": "xiLG_pnmos_4|LG_pnmos_4_net6"}, {"weight": 3, "source": "xiLG_pnmos_4|LG_pnmos_4_net6", "target": "xiLG_pnmos_4|LG_pnmos_4_MM8"}, {"weight": 1, "source": "xiLG_pnmos_4|LG_pnmos_4_net6", "target": "xiLG_pnmos_4|LG_pnmos_4_MM10"}, {"weight": 4, "source": "xiLG_pnmos_4|LG_pnmos_4_MM2", "target": "xiLG_pnmos_4|LG_pnmos_4_vdd!"}, {"weight": 4, "source": "xiLG_pnmos_4|LG_pnmos_4_vdd!", "target": "xiLG_pnmos_4|LG_pnmos_4_MM3"}, {"weight": 4, "source": "xiLG_pnmos_4|LG_pnmos_4_vdd!", "target": "xiLG_pnmos_4|LG_pnmos_4_MM10"}, {"weight": 2, "source": "xiLG_pnmos_4|LG_pnmos_4_MM10", "target": "fully_differential_pmos_LG_pnmos_4_cr13_2_Biasp"}, {"weight": 1, "source": "fully_differential_pmos_LG_pnmos_4_cr13_2_Biasp", "target": "xibCR13_2|CR13_2_MM2"}, {"weight": 3, "source": "fully_differential_pmos_LG_pnmos_4_cr13_2_Biasp", "target": "xibCR13_2|CR13_2_MM3"}, {"weight": 2, "source": "fully_differential_pmos_LG_pnmos_4_cr13_2_Biasp", "target": "xibCR13_2|CR13_2_MM1"}, {"weight": 2, "source": "xibCR13_2|CR13_2_MM2", "target": "fully_differential_pmos_LG_pnmos_4_cr13_2_Biasn"}, {"weight": 4, "source": "xibCR13_2|CR13_2_MM2", "target": "xibCR13_2|CR13_2_gnd!"}, {"weight": 3, "source": "fully_differential_pmos_LG_pnmos_4_cr13_2_Biasn", "target": "xibCR13_2|CR13_2_MM0"}, {"weight": 1, "source": "fully_differential_pmos_LG_pnmos_4_cr13_2_Biasn", "target": "xibCR13_2|CR13_2_MM1"}, {"weight": 4, "source": "xibCR13_2|CR13_2_gnd!", "target": "xibCR13_2|CR13_2_MM0"}, {"weight": 4, "source": "xibCR13_2|CR13_2_MM3", "target": "xibCR13_2|CR13_2_vdd!"}, {"weight": 4, "source": "xibCR13_2|CR13_2_vdd!", "target": "xibCR13_2|CR13_2_MM1"}]}