{"directed": false, "multigraph": false, "graph": {}, "nodes": [{"inst_type": "nmos", "ports": ["fully_differential_gain_boosting_LG_nmos_cr6_3_Voutn", "xiota|fully_differential_gain_boosting_net22", "xiota|fully_differential_gain_boosting_net23"], "edge_weight": [1, 2, 4], "values": 1, "sub_graph": null, "id": "xiota|fully_differential_gain_boosting_MM8"}, {"inst_type": "net", "net_type": "internal", "id": "fully_differential_gain_boosting_LG_nmos_cr6_3_Voutn"}, {"inst_type": "net", "net_type": "internal", "id": "xiota|fully_differential_gain_boosting_net22"}, {"inst_type": "net", "net_type": "internal", "id": "xiota|fully_differential_gain_boosting_net23"}, {"inst_type": "nmos", "ports": ["fully_differential_gain_boosting_LG_nmos_cr6_3_Voutp", "xiota|fully_differential_gain_boosting_net19", "xiota|fully_differential_gain_boosting_net21"], "edge_weight": [1, 2, 4], "values": 1, "sub_graph": null, "id": "xiota|fully_differential_gain_boosting_MM7"}, {"inst_type": "net", "net_type": "internal", "id": "fully_differential_gain_boosting_LG_nmos_cr6_3_Voutp"}, {"inst_type": "net", "net_type": "internal", "id": "xiota|fully_differential_gain_boosting_net19"}, {"inst_type": "net", "net_type": "internal", "id": "xiota|fully_differential_gain_boosting_net21"}, {"inst_type": "nmos", "ports": ["xiota|fully_differential_gain_boosting_net23", "fully_differential_gain_boosting_LG_nmos_cr6_3_Vinp", "xiota|fully_differential_gain_boosting_net15"], "edge_weight": [1, 2, 4], "values": 1, "sub_graph": null, "id": "xiota|fully_differential_gain_boosting_MM3"}, {"inst_type": "net", "net_type": "internal", "id": "fully_differential_gain_boosting_LG_nmos_cr6_3_Vinp"}, {"inst_type": "net", "net_type": "internal", "id": "xiota|fully_differential_gain_boosting_net15"}, {"inst_type": "nmos", "ports": ["xiota|fully_differential_gain_boosting_net21", "fully_differential_gain_boosting_LG_nmos_cr6_3_Vinn", "xiota|fully_differential_gain_boosting_net15"], "edge_weight": [1, 2, 4], "values": 1, "sub_graph": null, "id": "xiota|fully_differential_gain_boosting_MM0"}, {"inst_type": "net", "net_type": "internal", "id": "fully_differential_gain_boosting_LG_nmos_cr6_3_Vinn"}, {"inst_type": "nmos", "ports": ["xiota|fully_differential_gain_boosting_net15", "fully_differential_gain_boosting_LG_nmos_cr6_3_LG_Vbiasn", "xiota|fully_differential_gain_boosting_gnd!"], "edge_weight": [1, 2, 4], "values": 1, "sub_graph": null, "id": "xiota|fully_differential_gain_boosting_MM4"}, {"inst_type": "net", "net_type": "internal", "id": "fully_differential_gain_boosting_LG_nmos_cr6_3_LG_Vbiasn"}, {"inst_type": "net", "net_type": "internal", "id": "xiota|fully_differential_gain_boosting_gnd!"}, {"inst_type": "pmos", "ports": ["fully_differential_gain_boosting_LG_nmos_cr6_3_Voutn", "xiota|fully_differential_gain_boosting_net24", "xiota|fully_differential_gain_boosting_net25"], "edge_weight": [1, 2, 4], "values": 1, "sub_graph": null, "id": "xiota|fully_differential_gain_boosting_MM6"}, {"inst_type": "net", "net_type": "internal", "id": "xiota|fully_differential_gain_boosting_net24"}, {"inst_type": "net", "net_type": "internal", "id": "xiota|fully_differential_gain_boosting_net25"}, {"inst_type": "pmos", "ports": ["fully_differential_gain_boosting_LG_nmos_cr6_3_Voutp", "xiota|fully_differential_gain_boosting_net20", "xiota|fully_differential_gain_boosting_net12"], "edge_weight": [1, 2, 4], "values": 1, "sub_graph": null, "id": "xiota|fully_differential_gain_boosting_MM5"}, {"inst_type": "net", "net_type": "internal", "id": "xiota|fully_differential_gain_boosting_net20"}, {"inst_type": "net", "net_type": "internal", "id": "xiota|fully_differential_gain_boosting_net12"}, {"inst_type": "pmos", "ports": ["xiota|fully_differential_gain_boosting_net25", "fully_differential_gain_boosting_LG_nmos_cr6_3_LG_Vbiasp", "xiota|fully_differential_gain_boosting_vdd!"], "edge_weight": [1, 2, 4], "values": 1, "sub_graph": null, "id": "xiota|fully_differential_gain_boosting_MM1"}, {"inst_type": "net", "net_type": "internal", "id": "fully_differential_gain_boosting_LG_nmos_cr6_3_LG_Vbiasp"}, {"inst_type": "net", "net_type": "internal", "id": "xiota|fully_differential_gain_boosting_vdd!"}, {"inst_type": "pmos", "ports": ["xiota|fully_differential_gain_boosting_net12", "fully_differential_gain_boosting_LG_nmos_cr6_3_LG_Vbiasp", "xiota|fully_differential_gain_boosting_vdd!"], "edge_weight": [1, 2, 4], "values": 1, "sub_graph": null, "id": "xiota|fully_differential_gain_boosting_MM2"}, {"inst_type": "pmos", "ports": ["xiota|fully_differential_gain_boosting_net24", "xiota|XI3|fully_differential_Vbiasp", "xiota|XI3|fully_differential_vdd!"], "edge_weight": [1, 2, 4], "values": 1, "sub_graph": null, "id": "xiota|XI3|fully_differential_MM1"}, {"inst_type": "net", "net_type": "internal", "id": "xiota|XI3|fully_differential_Vbiasp"}, {"inst_type": "net", "net_type": "internal", "id": "xiota|XI3|fully_differential_vdd!"}, {"inst_type": "pmos", "ports": ["xiota|fully_differential_gain_boosting_net20", "xiota|XI3|fully_differential_Vbiasp", "xiota|XI3|fully_differential_vdd!"], "edge_weight": [1, 2, 4], "values": 1, "sub_graph": null, "id": "xiota|XI3|fully_differential_MM2"}, {"inst_type": "nmos", "ports": ["xiota|XI3|fully_differential_net14", "xiota|XI3|fully_differential_Vbiasn", "xiota|XI3|fully_differential_gnd!"], "edge_weight": [1, 2, 4], "values": 1, "sub_graph": null, "id": "xiota|XI3|fully_differential_MM4"}, {"inst_type": "net", "net_type": "internal", "id": "xiota|XI3|fully_differential_net14"}, {"inst_type": "net", "net_type": "internal", "id": "xiota|XI3|fully_differential_Vbiasn"}, {"inst_type": "net", "net_type": "internal", "id": "xiota|XI3|fully_differential_gnd!"}, {"inst_type": "nmos", "ports": ["xiota|fully_differential_gain_boosting_net24", "xiota|fully_differential_gain_boosting_net25", "xiota|XI3|fully_differential_net14"], "edge_weight": [1, 2, 4], "values": 1, "sub_graph": null, "id": "xiota|XI3|fully_differential_MM3"}, {"inst_type": "nmos", "ports": ["xiota|fully_differential_gain_boosting_net20", "xiota|fully_differential_gain_boosting_net12", "xiota|XI3|fully_differential_net14"], "edge_weight": [1, 2, 4], "values": 1, "sub_graph": null, "id": "xiota|XI3|fully_differential_MM0"}, {"inst_type": "pmos", "ports": ["xiota|fully_differential_gain_boosting_net19", "xiota|XI1|fully_differential_Vbiasp", "xiota|XI1|fully_differential_vdd!"], "edge_weight": [1, 2, 4], "values": 1, "sub_graph": null, "id": "xiota|XI1|fully_differential_MM1"}, {"inst_type": "net", "net_type": "internal", "id": "xiota|XI1|fully_differential_Vbiasp"}, {"inst_type": "net", "net_type": "internal", "id": "xiota|XI1|fully_differential_vdd!"}, {"inst_type": "pmos", "ports": ["xiota|fully_differential_gain_boosting_net22", "xiota|XI1|fully_differential_Vbiasp", "xiota|XI1|fully_differential_vdd!"], "edge_weight": [1, 2, 4], "values": 1, "sub_graph": null, "id": "xiota|XI1|fully_differential_MM2"}, {"inst_type": "nmos", "ports": ["xiota|XI1|fully_differential_net14", "xiota|XI1|fully_differential_Vbiasn", "xiota|XI1|fully_differential_gnd!"], "edge_weight": [1, 2, 4], "values": 1, "sub_graph": null, "id": "xiota|XI1|fully_differential_MM4"}, {"inst_type": "net", "net_type": "internal", "id": "xiota|XI1|fully_differential_net14"}, {"inst_type": "net", "net_type": "internal", "id": "xiota|XI1|fully_differential_Vbiasn"}, {"inst_type": "net", "net_type": "internal", "id": "xiota|XI1|fully_differential_gnd!"}, {"inst_type": "nmos", "ports": ["xiota|fully_differential_gain_boosting_net19", "xiota|fully_differential_gain_boosting_net21", "xiota|XI1|fully_differential_net14"], "edge_weight": [1, 2, 4], "values": 1, "sub_graph": null, "id": "xiota|XI1|fully_differential_MM3"}, {"inst_type": "nmos", "ports": ["xiota|fully_differential_gain_boosting_net22", "xiota|fully_differential_gain_boosting_net23", "xiota|XI1|fully_differential_net14"], "edge_weight": [1, 2, 4], "values": 1, "sub_graph": null, "id": "xiota|XI1|fully_differential_MM0"}, {"inst_type": "nmos", "ports": ["fully_differential_gain_boosting_LG_nmos_cr6_3_LG_Vbiasn", "fully_differential_gain_boosting_LG_nmos_cr6_3_LG_Vbiasn", "xiLG_nmos|LG_nmos_gnd!"], "edge_weight": [1, 2, 4], "values": 1, "sub_graph": null, "id": "xiLG_nmos|LG_nmos_MM8"}, {"inst_type": "net", "net_type": "internal", "id": "xiLG_nmos|LG_nmos_gnd!"}, {"inst_type": "pmos", "ports": ["fully_differential_gain_boosting_LG_nmos_cr6_3_LG_Vbiasn", "fully_differential_gain_boosting_LG_nmos_cr6_3_Biasp", "xiLG_nmos|LG_nmos_vdd!"], "edge_weight": [1, 2, 4], "values": 1, "sub_graph": null, "id": "xiLG_nmos|LG_nmos_MM10"}, {"inst_type": "net", "net_type": "internal", "id": "fully_differential_gain_boosting_LG_nmos_cr6_3_Biasp"}, {"inst_type": "net", "net_type": "internal", "id": "xiLG_nmos|LG_nmos_vdd!"}, {"inst_type": "nmos", "ports": ["fully_differential_gain_boosting_LG_nmos_cr6_3_Biasp", "fully_differential_gain_boosting_LG_nmos_cr6_3_Biasn2", "fully_differential_gain_boosting_LG_nmos_cr6_3_Biasn1"], "edge_weight": [1, 2, 4], "values": 1, "sub_graph": null, "id": "xibCR6_3|CR6_3_MM2"}, {"inst_type": "net", "net_type": "internal", "id": "fully_differential_gain_boosting_LG_nmos_cr6_3_Biasn2"}, {"inst_type": "net", "net_type": "internal", "id": "fully_differential_gain_boosting_LG_nmos_cr6_3_Biasn1"}, {"inst_type": "nmos", "ports": ["fully_differential_gain_boosting_LG_nmos_cr6_3_Biasn2", "fully_differential_gain_boosting_LG_nmos_cr6_3_Biasn1", "xibCR6_3|CR6_3_gnd!"], "edge_weight": [1, 2, 4], "values": 1, "sub_graph": null, "id": "xibCR6_3|CR6_3_MM0"}, {"inst_type": "net", "net_type": "internal", "id": "xibCR6_3|CR6_3_gnd!"}, {"inst_type": "nmos", "ports": ["fully_differential_gain_boosting_LG_nmos_cr6_3_Biasn1", "xibCR6_3|CR6_3_net15", "xibCR6_3|CR6_3_gnd!"], "edge_weight": [1, 2, 4], "values": 1, "sub_graph": null, "id": "xibCR6_3|CR6_3_MM4"}, {"inst_type": "net", "net_type": "internal", "id": "xibCR6_3|CR6_3_net15"}, {"inst_type": "nmos", "ports": ["xibCR6_3|CR6_3_net15", "xibCR6_3|CR6_3_net15", "xibCR6_3|CR6_3_gnd!"], "edge_weight": [1, 2, 4], "values": 1, "sub_graph": null, "id": "xibCR6_3|CR6_3_MM5"}, {"inst_type": "pmos", "ports": ["fully_differential_gain_boosting_LG_nmos_cr6_3_Biasp", "fully_differential_gain_boosting_LG_nmos_cr6_3_Biasp", "xibCR6_3|CR6_3_vdd!"], "edge_weight": [1, 2, 4], "values": 1, "sub_graph": null, "id": "xibCR6_3|CR6_3_MM3"}, {"inst_type": "net", "net_type": "internal", "id": "xibCR6_3|CR6_3_vdd!"}, {"inst_type": "pmos", "ports": ["fully_differential_gain_boosting_LG_nmos_cr6_3_Biasn2", "fully_differential_gain_boosting_LG_nmos_cr6_3_Biasp", "xibCR6_3|CR6_3_vdd!"], "edge_weight": [1, 2, 4], "values": 1, "sub_graph": null, "id": "xibCR6_3|CR6_3_MM1"}, {"inst_type": "pmos", "ports": ["xibCR6_3|CR6_3_net15", "fully_differential_gain_boosting_LG_nmos_cr6_3_Biasp", "xibCR6_3|CR6_3_vdd!"], "edge_weight": [1, 2, 4], "values": 1, "sub_graph": null, "id": "xibCR6_3|CR6_3_MM6"}], "links": [{"weight": 1, "source": "xiota|fully_differential_gain_boosting_MM8", "target": "fully_differential_gain_boosting_LG_nmos_cr6_3_Voutn"}, {"weight": 2, "source": "xiota|fully_differential_gain_boosting_MM8", "target": "xiota|fully_differential_gain_boosting_net22"}, {"weight": 4, "source": "xiota|fully_differential_gain_boosting_MM8", "target": "xiota|fully_differential_gain_boosting_net23"}, {"weight": 1, "source": "fully_differential_gain_boosting_LG_nmos_cr6_3_Voutn", "target": "xiota|fully_differential_gain_boosting_MM6"}, {"weight": 1, "source": "xiota|fully_differential_gain_boosting_net22", "target": "xiota|XI1|fully_differential_MM2"}, {"weight": 1, "source": "xiota|fully_differential_gain_boosting_net22", "target": "xiota|XI1|fully_differential_MM0"}, {"weight": 1, "source": "xiota|fully_differential_gain_boosting_net23", "target": "xiota|fully_differential_gain_boosting_MM3"}, {"weight": 2, "source": "xiota|fully_differential_gain_boosting_net23", "target": "xiota|XI1|fully_differential_MM0"}, {"weight": 1, "source": "xiota|fully_differential_gain_boosting_MM7", "target": "fully_differential_gain_boosting_LG_nmos_cr6_3_Voutp"}, {"weight": 2, "source": "xiota|fully_differential_gain_boosting_MM7", "target": "xiota|fully_differential_gain_boosting_net19"}, {"weight": 4, "source": "xiota|fully_differential_gain_boosting_MM7", "target": "xiota|fully_differential_gain_boosting_net21"}, {"weight": 1, "source": "fully_differential_gain_boosting_LG_nmos_cr6_3_Voutp", "target": "xiota|fully_differential_gain_boosting_MM5"}, {"weight": 1, "source": "xiota|fully_differential_gain_boosting_net19", "target": "xiota|XI1|fully_differential_MM1"}, {"weight": 1, "source": "xiota|fully_differential_gain_boosting_net19", "target": "xiota|XI1|fully_differential_MM3"}, {"weight": 1, "source": "xiota|fully_differential_gain_boosting_net21", "target": "xiota|fully_differential_gain_boosting_MM0"}, {"weight": 2, "source": "xiota|fully_differential_gain_boosting_net21", "target": "xiota|XI1|fully_differential_MM3"}, {"weight": 2, "source": "xiota|fully_differential_gain_boosting_MM3", "target": "fully_differential_gain_boosting_LG_nmos_cr6_3_Vinp"}, {"weight": 4, "source": "xiota|fully_differential_gain_boosting_MM3", "target": "xiota|fully_differential_gain_boosting_net15"}, {"weight": 4, "source": "xiota|fully_differential_gain_boosting_net15", "target": "xiota|fully_differential_gain_boosting_MM0"}, {"weight": 1, "source": "xiota|fully_differential_gain_boosting_net15", "target": "xiota|fully_differential_gain_boosting_MM4"}, {"weight": 2, "source": "xiota|fully_differential_gain_boosting_MM0", "target": "fully_differential_gain_boosting_LG_nmos_cr6_3_Vinn"}, {"weight": 2, "source": "xiota|fully_differential_gain_boosting_MM4", "target": "fully_differential_gain_boosting_LG_nmos_cr6_3_LG_Vbiasn"}, {"weight": 4, "source": "xiota|fully_differential_gain_boosting_MM4", "target": "xiota|fully_differential_gain_boosting_gnd!"}, {"weight": 3, "source": "fully_differential_gain_boosting_LG_nmos_cr6_3_LG_Vbiasn", "target": "xiLG_nmos|LG_nmos_MM8"}, {"weight": 1, "source": "fully_differential_gain_boosting_LG_nmos_cr6_3_LG_Vbiasn", "target": "xiLG_nmos|LG_nmos_MM10"}, {"weight": 2, "source": "xiota|fully_differential_gain_boosting_MM6", "target": "xiota|fully_differential_gain_boosting_net24"}, {"weight": 4, "source": "xiota|fully_differential_gain_boosting_MM6", "target": "xiota|fully_differential_gain_boosting_net25"}, {"weight": 1, "source": "xiota|fully_differential_gain_boosting_net24", "target": "xiota|XI3|fully_differential_MM1"}, {"weight": 1, "source": "xiota|fully_differential_gain_boosting_net24", "target": "xiota|XI3|fully_differential_MM3"}, {"weight": 1, "source": "xiota|fully_differential_gain_boosting_net25", "target": "xiota|fully_differential_gain_boosting_MM1"}, {"weight": 2, "source": "xiota|fully_differential_gain_boosting_net25", "target": "xiota|XI3|fully_differential_MM3"}, {"weight": 2, "source": "xiota|fully_differential_gain_boosting_MM5", "target": "xiota|fully_differential_gain_boosting_net20"}, {"weight": 4, "source": "xiota|fully_differential_gain_boosting_MM5", "target": "xiota|fully_differential_gain_boosting_net12"}, {"weight": 1, "source": "xiota|fully_differential_gain_boosting_net20", "target": "xiota|XI3|fully_differential_MM2"}, {"weight": 1, "source": "xiota|fully_differential_gain_boosting_net20", "target": "xiota|XI3|fully_differential_MM0"}, {"weight": 1, "source": "xiota|fully_differential_gain_boosting_net12", "target": "xiota|fully_differential_gain_boosting_MM2"}, {"weight": 2, "source": "xiota|fully_differential_gain_boosting_net12", "target": "xiota|XI3|fully_differential_MM0"}, {"weight": 2, "source": "xiota|fully_differential_gain_boosting_MM1", "target": "fully_differential_gain_boosting_LG_nmos_cr6_3_LG_Vbiasp"}, {"weight": 4, "source": "xiota|fully_differential_gain_boosting_MM1", "target": "xiota|fully_differential_gain_boosting_vdd!"}, {"weight": 2, "source": "fully_differential_gain_boosting_LG_nmos_cr6_3_LG_Vbiasp", "target": "xiota|fully_differential_gain_boosting_MM2"}, {"weight": 4, "source": "xiota|fully_differential_gain_boosting_vdd!", "target": "xiota|fully_differential_gain_boosting_MM2"}, {"weight": 2, "source": "xiota|XI3|fully_differential_MM1", "target": "xiota|XI3|fully_differential_Vbiasp"}, {"weight": 4, "source": "xiota|XI3|fully_differential_MM1", "target": "xiota|XI3|fully_differential_vdd!"}, {"weight": 2, "source": "xiota|XI3|fully_differential_Vbiasp", "target": "xiota|XI3|fully_differential_MM2"}, {"weight": 4, "source": "xiota|XI3|fully_differential_vdd!", "target": "xiota|XI3|fully_differential_MM2"}, {"weight": 1, "source": "xiota|XI3|fully_differential_MM4", "target": "xiota|XI3|fully_differential_net14"}, {"weight": 2, "source": "xiota|XI3|fully_differential_MM4", "target": "xiota|XI3|fully_differential_Vbiasn"}, {"weight": 4, "source": "xiota|XI3|fully_differential_MM4", "target": "xiota|XI3|fully_differential_gnd!"}, {"weight": 4, "source": "xiota|XI3|fully_differential_net14", "target": "xiota|XI3|fully_differential_MM3"}, {"weight": 4, "source": "xiota|XI3|fully_differential_net14", "target": "xiota|XI3|fully_differential_MM0"}, {"weight": 2, "source": "xiota|XI1|fully_differential_MM1", "target": "xiota|XI1|fully_differential_Vbiasp"}, {"weight": 4, "source": "xiota|XI1|fully_differential_MM1", "target": "xiota|XI1|fully_differential_vdd!"}, {"weight": 2, "source": "xiota|XI1|fully_differential_Vbiasp", "target": "xiota|XI1|fully_differential_MM2"}, {"weight": 4, "source": "xiota|XI1|fully_differential_vdd!", "target": "xiota|XI1|fully_differential_MM2"}, {"weight": 1, "source": "xiota|XI1|fully_differential_MM4", "target": "xiota|XI1|fully_differential_net14"}, {"weight": 2, "source": "xiota|XI1|fully_differential_MM4", "target": "xiota|XI1|fully_differential_Vbiasn"}, {"weight": 4, "source": "xiota|XI1|fully_differential_MM4", "target": "xiota|XI1|fully_differential_gnd!"}, {"weight": 4, "source": "xiota|XI1|fully_differential_net14", "target": "xiota|XI1|fully_differential_MM3"}, {"weight": 4, "source": "xiota|XI1|fully_differential_net14", "target": "xiota|XI1|fully_differential_MM0"}, {"weight": 4, "source": "xiLG_nmos|LG_nmos_MM8", "target": "xiLG_nmos|LG_nmos_gnd!"}, {"weight": 2, "source": "xiLG_nmos|LG_nmos_MM10", "target": "fully_differential_gain_boosting_LG_nmos_cr6_3_Biasp"}, {"weight": 4, "source": "xiLG_nmos|LG_nmos_MM10", "target": "xiLG_nmos|LG_nmos_vdd!"}, {"weight": 1, "source": "fully_differential_gain_boosting_LG_nmos_cr6_3_Biasp", "target": "xibCR6_3|CR6_3_MM2"}, {"weight": 3, "source": "fully_differential_gain_boosting_LG_nmos_cr6_3_Biasp", "target": "xibCR6_3|CR6_3_MM3"}, {"weight": 2, "source": "fully_differential_gain_boosting_LG_nmos_cr6_3_Biasp", "target": "xibCR6_3|CR6_3_MM1"}, {"weight": 2, "source": "fully_differential_gain_boosting_LG_nmos_cr6_3_Biasp", "target": "xibCR6_3|CR6_3_MM6"}, {"weight": 2, "source": "xibCR6_3|CR6_3_MM2", "target": "fully_differential_gain_boosting_LG_nmos_cr6_3_Biasn2"}, {"weight": 4, "source": "xibCR6_3|CR6_3_MM2", "target": "fully_differential_gain_boosting_LG_nmos_cr6_3_Biasn1"}, {"weight": 1, "source": "fully_differential_gain_boosting_LG_nmos_cr6_3_Biasn2", "target": "xibCR6_3|CR6_3_MM0"}, {"weight": 1, "source": "fully_differential_gain_boosting_LG_nmos_cr6_3_Biasn2", "target": "xibCR6_3|CR6_3_MM1"}, {"weight": 2, "source": "fully_differential_gain_boosting_LG_nmos_cr6_3_Biasn1", "target": "xibCR6_3|CR6_3_MM0"}, {"weight": 1, "source": "fully_differential_gain_boosting_LG_nmos_cr6_3_Biasn1", "target": "xibCR6_3|CR6_3_MM4"}, {"weight": 4, "source": "xibCR6_3|CR6_3_MM0", "target": "xibCR6_3|CR6_3_gnd!"}, {"weight": 4, "source": "xibCR6_3|CR6_3_gnd!", "target": "xibCR6_3|CR6_3_MM4"}, {"weight": 4, "source": "xibCR6_3|CR6_3_gnd!", "target": "xibCR6_3|CR6_3_MM5"}, {"weight": 2, "source": "xibCR6_3|CR6_3_MM4", "target": "xibCR6_3|CR6_3_net15"}, {"weight": 3, "source": "xibCR6_3|CR6_3_net15", "target": "xibCR6_3|CR6_3_MM5"}, {"weight": 1, "source": "xibCR6_3|CR6_3_net15", "target": "xibCR6_3|CR6_3_MM6"}, {"weight": 4, "source": "xibCR6_3|CR6_3_MM3", "target": "xibCR6_3|CR6_3_vdd!"}, {"weight": 4, "source": "xibCR6_3|CR6_3_vdd!", "target": "xibCR6_3|CR6_3_MM1"}, {"weight": 4, "source": "xibCR6_3|CR6_3_vdd!", "target": "xibCR6_3|CR6_3_MM6"}]}