{"directed": false, "multigraph": false, "graph": {}, "nodes": [{"inst_type": "pmos", "ports": ["fully_differential_miller_compensated_LG_pnmos_cr3_2_Voutp", "xiota|fully_differential_miller_compensated_net15", "xiota|fully_differential_miller_compensated_vdd!"], "edge_weight": [1, 2, 4], "values": 1, "sub_graph": null, "id": "xiota|fully_differential_miller_compensated_MM7"}, {"inst_type": "net", "net_type": "internal", "id": "fully_differential_miller_compensated_LG_pnmos_cr3_2_Voutp"}, {"inst_type": "net", "net_type": "internal", "id": "xiota|fully_differential_miller_compensated_net15"}, {"inst_type": "net", "net_type": "internal", "id": "xiota|fully_differential_miller_compensated_vdd!"}, {"inst_type": "pmos", "ports": ["xiota|fully_differential_miller_compensated_net22", "fully_differential_miller_compensated_LG_pnmos_cr3_2_LG_Vbiasp", "xiota|fully_differential_miller_compensated_vdd!"], "edge_weight": [1, 2, 4], "values": 1, "sub_graph": null, "id": "xiota|fully_differential_miller_compensated_MM1"}, {"inst_type": "net", "net_type": "internal", "id": "xiota|fully_differential_miller_compensated_net22"}, {"inst_type": "net", "net_type": "internal", "id": "fully_differential_miller_compensated_LG_pnmos_cr3_2_LG_Vbiasp"}, {"inst_type": "pmos", "ports": ["xiota|fully_differential_miller_compensated_net15", "fully_differential_miller_compensated_LG_pnmos_cr3_2_LG_Vbiasp", "xiota|fully_differential_miller_compensated_vdd!"], "edge_weight": [1, 2, 4], "values": 1, "sub_graph": null, "id": "xiota|fully_differential_miller_compensated_MM2"}, {"inst_type": "pmos", "ports": ["fully_differential_miller_compensated_LG_pnmos_cr3_2_Voutn", "xiota|fully_differential_miller_compensated_net22", "xiota|fully_differential_miller_compensated_vdd!"], "edge_weight": [1, 2, 4], "values": 1, "sub_graph": null, "id": "xiota|fully_differential_miller_compensated_MM5"}, {"inst_type": "net", "net_type": "internal", "id": "fully_differential_miller_compensated_LG_pnmos_cr3_2_Voutn"}, {"inst_type": "nmos", "ports": ["fully_differential_miller_compensated_LG_pnmos_cr3_2_Voutp", "fully_differential_miller_compensated_LG_pnmos_cr3_2_LG_Vbiasn", "xiota|fully_differential_miller_compensated_gnd!"], "edge_weight": [1, 2, 4], "values": 1, "sub_graph": null, "id": "xiota|fully_differential_miller_compensated_MM8"}, {"inst_type": "net", "net_type": "internal", "id": "fully_differential_miller_compensated_LG_pnmos_cr3_2_LG_Vbiasn"}, {"inst_type": "net", "net_type": "internal", "id": "xiota|fully_differential_miller_compensated_gnd!"}, {"inst_type": "nmos", "ports": ["xiota|fully_differential_miller_compensated_net22", "fully_differential_miller_compensated_LG_pnmos_cr3_2_Vinp", "xiota|fully_differential_miller_compensated_net21"], "edge_weight": [1, 2, 4], "values": 1, "sub_graph": null, "id": "xiota|fully_differential_miller_compensated_MM3"}, {"inst_type": "net", "net_type": "internal", "id": "fully_differential_miller_compensated_LG_pnmos_cr3_2_Vinp"}, {"inst_type": "net", "net_type": "internal", "id": "xiota|fully_differential_miller_compensated_net21"}, {"inst_type": "nmos", "ports": ["xiota|fully_differential_miller_compensated_net15", "fully_differential_miller_compensated_LG_pnmos_cr3_2_Vinn", "xiota|fully_differential_miller_compensated_net21"], "edge_weight": [1, 2, 4], "values": 1, "sub_graph": null, "id": "xiota|fully_differential_miller_compensated_MM0"}, {"inst_type": "net", "net_type": "internal", "id": "fully_differential_miller_compensated_LG_pnmos_cr3_2_Vinn"}, {"inst_type": "nmos", "ports": ["xiota|fully_differential_miller_compensated_net21", "fully_differential_miller_compensated_LG_pnmos_cr3_2_LG_Vbiasn", "xiota|fully_differential_miller_compensated_gnd!"], "edge_weight": [1, 2, 4], "values": 1, "sub_graph": null, "id": "xiota|fully_differential_miller_compensated_MM4"}, {"inst_type": "nmos", "ports": ["fully_differential_miller_compensated_LG_pnmos_cr3_2_Voutn", "fully_differential_miller_compensated_LG_pnmos_cr3_2_LG_Vbiasn", "xiota|fully_differential_miller_compensated_gnd!"], "edge_weight": [1, 2, 4], "values": 1, "sub_graph": null, "id": "xiota|fully_differential_miller_compensated_MM6"}, {"inst_type": "cap", "ports": ["fully_differential_miller_compensated_LG_pnmos_cr3_2_Voutp", "xiota|fully_differential_miller_compensated_net15"], "edge_weight": [8, 8], "values": 1.0, "sub_graph": null, "id": "xiota|fully_differential_miller_compensated_CC1"}, {"inst_type": "cap", "ports": ["fully_differential_miller_compensated_LG_pnmos_cr3_2_Voutn", "xiota|fully_differential_miller_compensated_net22"], "edge_weight": [8, 8], "values": 1.0, "sub_graph": null, "id": "xiota|fully_differential_miller_compensated_CC0"}, {"inst_type": "nmos", "ports": ["fully_differential_miller_compensated_LG_pnmos_cr3_2_LG_Vbiasn", "fully_differential_miller_compensated_LG_pnmos_cr3_2_LG_Vbiasn", "xiLG_pnmos|LG_pnmos_gnd!"], "edge_weight": [1, 2, 4], "values": 1, "sub_graph": null, "id": "xiLG_pnmos|LG_pnmos_MM1"}, {"inst_type": "net", "net_type": "internal", "id": "xiLG_pnmos|LG_pnmos_gnd!"}, {"inst_type": "nmos", "ports": ["fully_differential_miller_compensated_LG_pnmos_cr3_2_LG_Vbiasp", "xiLG_pnmos|LG_pnmos_net6", "xiLG_pnmos|LG_pnmos_gnd!"], "edge_weight": [1, 2, 4], "values": 1, "sub_graph": null, "id": "xiLG_pnmos|LG_pnmos_MM0"}, {"inst_type": "net", "net_type": "internal", "id": "xiLG_pnmos|LG_pnmos_net6"}, {"inst_type": "nmos", "ports": ["xiLG_pnmos|LG_pnmos_net6", "xiLG_pnmos|LG_pnmos_net6", "xiLG_pnmos|LG_pnmos_gnd!"], "edge_weight": [1, 2, 4], "values": 1, "sub_graph": null, "id": "xiLG_pnmos|LG_pnmos_MM8"}, {"inst_type": "pmos", "ports": ["fully_differential_miller_compensated_LG_pnmos_cr3_2_LG_Vbiasn", "fully_differential_miller_compensated_LG_pnmos_cr3_2_LG_Vbiasp", "xiLG_pnmos|LG_pnmos_vdd!"], "edge_weight": [1, 2, 4], "values": 1, "sub_graph": null, "id": "xiLG_pnmos|LG_pnmos_MM2"}, {"inst_type": "net", "net_type": "internal", "id": "xiLG_pnmos|LG_pnmos_vdd!"}, {"inst_type": "pmos", "ports": ["fully_differential_miller_compensated_LG_pnmos_cr3_2_LG_Vbiasp", "fully_differential_miller_compensated_LG_pnmos_cr3_2_LG_Vbiasp", "xiLG_pnmos|LG_pnmos_vdd!"], "edge_weight": [1, 2, 4], "values": 1, "sub_graph": null, "id": "xiLG_pnmos|LG_pnmos_MM3"}, {"inst_type": "pmos", "ports": ["xiLG_pnmos|LG_pnmos_net6", "fully_differential_miller_compensated_LG_pnmos_cr3_2_Biasp", "xiLG_pnmos|LG_pnmos_vdd!"], "edge_weight": [1, 2, 4], "values": 1, "sub_graph": null, "id": "xiLG_pnmos|LG_pnmos_MM10"}, {"inst_type": "net", "net_type": "internal", "id": "fully_differential_miller_compensated_LG_pnmos_cr3_2_Biasp"}, {"inst_type": "pmos", "ports": ["fully_differential_miller_compensated_LG_pnmos_cr3_2_Biasp", "fully_differential_miller_compensated_LG_pnmos_cr3_2_Biasp", "xibCR3_2|CR3_2_vdd!"], "edge_weight": [1, 2, 4], "values": 1, "sub_graph": null, "id": "xibCR3_2|CR3_2_MM3"}, {"inst_type": "net", "net_type": "internal", "id": "xibCR3_2|CR3_2_vdd!"}, {"inst_type": "pmos", "ports": ["fully_differential_miller_compensated_LG_pnmos_cr3_2_Biasn", "fully_differential_miller_compensated_LG_pnmos_cr3_2_Biasp", "xibCR3_2|CR3_2_vdd!"], "edge_weight": [1, 2, 4], "values": 1, "sub_graph": null, "id": "xibCR3_2|CR3_2_MM1"}, {"inst_type": "net", "net_type": "internal", "id": "fully_differential_miller_compensated_LG_pnmos_cr3_2_Biasn"}, {"inst_type": "res", "ports": ["xibCR3_2|CR3_2_net15", "xibCR3_2|CR3_2_gnd!"], "edge_weight": [8, 8], "values": 1, "sub_graph": null, "id": "xibCR3_2|CR3_2_RR0"}, {"inst_type": "net", "net_type": "internal", "id": "xibCR3_2|CR3_2_net15"}, {"inst_type": "net", "net_type": "internal", "id": "xibCR3_2|CR3_2_gnd!"}, {"inst_type": "nmos", "ports": ["fully_differential_miller_compensated_LG_pnmos_cr3_2_Biasn", "fully_differential_miller_compensated_LG_pnmos_cr3_2_Biasn", "xibCR3_2|CR3_2_gnd!"], "edge_weight": [1, 2, 4], "values": 1, "sub_graph": null, "id": "xibCR3_2|CR3_2_MM0"}, {"inst_type": "nmos", "ports": ["fully_differential_miller_compensated_LG_pnmos_cr3_2_Biasp", "fully_differential_miller_compensated_LG_pnmos_cr3_2_Biasn", "xibCR3_2|CR3_2_net15"], "edge_weight": [1, 2, 4], "values": 1, "sub_graph": null, "id": "xibCR3_2|CR3_2_MM2"}], "links": [{"weight": 1, "source": "xiota|fully_differential_miller_compensated_MM7", "target": "fully_differential_miller_compensated_LG_pnmos_cr3_2_Voutp"}, {"weight": 2, "source": "xiota|fully_differential_miller_compensated_MM7", "target": "xiota|fully_differential_miller_compensated_net15"}, {"weight": 4, "source": "xiota|fully_differential_miller_compensated_MM7", "target": "xiota|fully_differential_miller_compensated_vdd!"}, {"weight": 1, "source": "fully_differential_miller_compensated_LG_pnmos_cr3_2_Voutp", "target": "xiota|fully_differential_miller_compensated_MM8"}, {"weight": 8, "source": "fully_differential_miller_compensated_LG_pnmos_cr3_2_Voutp", "target": "xiota|fully_differential_miller_compensated_CC1"}, {"weight": 1, "source": "xiota|fully_differential_miller_compensated_net15", "target": "xiota|fully_differential_miller_compensated_MM2"}, {"weight": 1, "source": "xiota|fully_differential_miller_compensated_net15", "target": "xiota|fully_differential_miller_compensated_MM0"}, {"weight": 8, "source": "xiota|fully_differential_miller_compensated_net15", "target": "xiota|fully_differential_miller_compensated_CC1"}, {"weight": 4, "source": "xiota|fully_differential_miller_compensated_vdd!", "target": "xiota|fully_differential_miller_compensated_MM1"}, {"weight": 4, "source": "xiota|fully_differential_miller_compensated_vdd!", "target": "xiota|fully_differential_miller_compensated_MM2"}, {"weight": 4, "source": "xiota|fully_differential_miller_compensated_vdd!", "target": "xiota|fully_differential_miller_compensated_MM5"}, {"weight": 1, "source": "xiota|fully_differential_miller_compensated_MM1", "target": "xiota|fully_differential_miller_compensated_net22"}, {"weight": 2, "source": "xiota|fully_differential_miller_compensated_MM1", "target": "fully_differential_miller_compensated_LG_pnmos_cr3_2_LG_Vbiasp"}, {"weight": 2, "source": "xiota|fully_differential_miller_compensated_net22", "target": "xiota|fully_differential_miller_compensated_MM5"}, {"weight": 1, "source": "xiota|fully_differential_miller_compensated_net22", "target": "xiota|fully_differential_miller_compensated_MM3"}, {"weight": 8, "source": "xiota|fully_differential_miller_compensated_net22", "target": "xiota|fully_differential_miller_compensated_CC0"}, {"weight": 2, "source": "fully_differential_miller_compensated_LG_pnmos_cr3_2_LG_Vbiasp", "target": "xiota|fully_differential_miller_compensated_MM2"}, {"weight": 1, "source": "fully_differential_miller_compensated_LG_pnmos_cr3_2_LG_Vbiasp", "target": "xiLG_pnmos|LG_pnmos_MM0"}, {"weight": 2, "source": "fully_differential_miller_compensated_LG_pnmos_cr3_2_LG_Vbiasp", "target": "xiLG_pnmos|LG_pnmos_MM2"}, {"weight": 3, "source": "fully_differential_miller_compensated_LG_pnmos_cr3_2_LG_Vbiasp", "target": "xiLG_pnmos|LG_pnmos_MM3"}, {"weight": 1, "source": "xiota|fully_differential_miller_compensated_MM5", "target": "fully_differential_miller_compensated_LG_pnmos_cr3_2_Voutn"}, {"weight": 1, "source": "fully_differential_miller_compensated_LG_pnmos_cr3_2_Voutn", "target": "xiota|fully_differential_miller_compensated_MM6"}, {"weight": 8, "source": "fully_differential_miller_compensated_LG_pnmos_cr3_2_Voutn", "target": "xiota|fully_differential_miller_compensated_CC0"}, {"weight": 2, "source": "xiota|fully_differential_miller_compensated_MM8", "target": "fully_differential_miller_compensated_LG_pnmos_cr3_2_LG_Vbiasn"}, {"weight": 4, "source": "xiota|fully_differential_miller_compensated_MM8", "target": "xiota|fully_differential_miller_compensated_gnd!"}, {"weight": 2, "source": "fully_differential_miller_compensated_LG_pnmos_cr3_2_LG_Vbiasn", "target": "xiota|fully_differential_miller_compensated_MM4"}, {"weight": 2, "source": "fully_differential_miller_compensated_LG_pnmos_cr3_2_LG_Vbiasn", "target": "xiota|fully_differential_miller_compensated_MM6"}, {"weight": 3, "source": "fully_differential_miller_compensated_LG_pnmos_cr3_2_LG_Vbiasn", "target": "xiLG_pnmos|LG_pnmos_MM1"}, {"weight": 1, "source": "fully_differential_miller_compensated_LG_pnmos_cr3_2_LG_Vbiasn", "target": "xiLG_pnmos|LG_pnmos_MM2"}, {"weight": 4, "source": "xiota|fully_differential_miller_compensated_gnd!", "target": "xiota|fully_differential_miller_compensated_MM4"}, {"weight": 4, "source": "xiota|fully_differential_miller_compensated_gnd!", "target": "xiota|fully_differential_miller_compensated_MM6"}, {"weight": 2, "source": "xiota|fully_differential_miller_compensated_MM3", "target": "fully_differential_miller_compensated_LG_pnmos_cr3_2_Vinp"}, {"weight": 4, "source": "xiota|fully_differential_miller_compensated_MM3", "target": "xiota|fully_differential_miller_compensated_net21"}, {"weight": 4, "source": "xiota|fully_differential_miller_compensated_net21", "target": "xiota|fully_differential_miller_compensated_MM0"}, {"weight": 1, "source": "xiota|fully_differential_miller_compensated_net21", "target": "xiota|fully_differential_miller_compensated_MM4"}, {"weight": 2, "source": "xiota|fully_differential_miller_compensated_MM0", "target": "fully_differential_miller_compensated_LG_pnmos_cr3_2_Vinn"}, {"weight": 4, "source": "xiLG_pnmos|LG_pnmos_MM1", "target": "xiLG_pnmos|LG_pnmos_gnd!"}, {"weight": 4, "source": "xiLG_pnmos|LG_pnmos_gnd!", "target": "xiLG_pnmos|LG_pnmos_MM0"}, {"weight": 4, "source": "xiLG_pnmos|LG_pnmos_gnd!", "target": "xiLG_pnmos|LG_pnmos_MM8"}, {"weight": 2, "source": "xiLG_pnmos|LG_pnmos_MM0", "target": "xiLG_pnmos|LG_pnmos_net6"}, {"weight": 3, "source": "xiLG_pnmos|LG_pnmos_net6", "target": "xiLG_pnmos|LG_pnmos_MM8"}, {"weight": 1, "source": "xiLG_pnmos|LG_pnmos_net6", "target": "xiLG_pnmos|LG_pnmos_MM10"}, {"weight": 4, "source": "xiLG_pnmos|LG_pnmos_MM2", "target": "xiLG_pnmos|LG_pnmos_vdd!"}, {"weight": 4, "source": "xiLG_pnmos|LG_pnmos_vdd!", "target": "xiLG_pnmos|LG_pnmos_MM3"}, {"weight": 4, "source": "xiLG_pnmos|LG_pnmos_vdd!", "target": "xiLG_pnmos|LG_pnmos_MM10"}, {"weight": 2, "source": "xiLG_pnmos|LG_pnmos_MM10", "target": "fully_differential_miller_compensated_LG_pnmos_cr3_2_Biasp"}, {"weight": 3, "source": "fully_differential_miller_compensated_LG_pnmos_cr3_2_Biasp", "target": "xibCR3_2|CR3_2_MM3"}, {"weight": 2, "source": "fully_differential_miller_compensated_LG_pnmos_cr3_2_Biasp", "target": "xibCR3_2|CR3_2_MM1"}, {"weight": 1, "source": "fully_differential_miller_compensated_LG_pnmos_cr3_2_Biasp", "target": "xibCR3_2|CR3_2_MM2"}, {"weight": 4, "source": "xibCR3_2|CR3_2_MM3", "target": "xibCR3_2|CR3_2_vdd!"}, {"weight": 4, "source": "xibCR3_2|CR3_2_vdd!", "target": "xibCR3_2|CR3_2_MM1"}, {"weight": 1, "source": "xibCR3_2|CR3_2_MM1", "target": "fully_differential_miller_compensated_LG_pnmos_cr3_2_Biasn"}, {"weight": 3, "source": "fully_differential_miller_compensated_LG_pnmos_cr3_2_Biasn", "target": "xibCR3_2|CR3_2_MM0"}, {"weight": 2, "source": "fully_differential_miller_compensated_LG_pnmos_cr3_2_Biasn", "target": "xibCR3_2|CR3_2_MM2"}, {"weight": 8, "source": "xibCR3_2|CR3_2_RR0", "target": "xibCR3_2|CR3_2_net15"}, {"weight": 8, "source": "xibCR3_2|CR3_2_RR0", "target": "xibCR3_2|CR3_2_gnd!"}, {"weight": 4, "source": "xibCR3_2|CR3_2_net15", "target": "xibCR3_2|CR3_2_MM2"}, {"weight": 4, "source": "xibCR3_2|CR3_2_gnd!", "target": "xibCR3_2|CR3_2_MM0"}]}