{"directed": false, "multigraph": false, "graph": {}, "nodes": [{"inst_type": "pmos", "ports": ["fully_differential_LG_pmos_cr12_1_Voutn", "fully_differential_LG_pmos_cr12_1_LG_Vbiasp", "xiota|fully_differential_vdd!"], "edge_weight": [1, 2, 4], "values": 1, "sub_graph": null, "id": "xiota|fully_differential_MM1"}, {"inst_type": "net", "net_type": "internal", "id": "fully_differential_LG_pmos_cr12_1_Voutn"}, {"inst_type": "net", "net_type": "internal", "id": "fully_differential_LG_pmos_cr12_1_LG_Vbiasp"}, {"inst_type": "net", "net_type": "internal", "id": "xiota|fully_differential_vdd!"}, {"inst_type": "pmos", "ports": ["fully_differential_LG_pmos_cr12_1_Voutp", "fully_differential_LG_pmos_cr12_1_LG_Vbiasp", "xiota|fully_differential_vdd!"], "edge_weight": [1, 2, 4], "values": 1, "sub_graph": null, "id": "xiota|fully_differential_MM2"}, {"inst_type": "net", "net_type": "internal", "id": "fully_differential_LG_pmos_cr12_1_Voutp"}, {"inst_type": "nmos", "ports": ["xiota|fully_differential_net14", "fully_differential_LG_pmos_cr12_1_LG_Vbiasn", "xiota|fully_differential_gnd!"], "edge_weight": [1, 2, 4], "values": 1, "sub_graph": null, "id": "xiota|fully_differential_MM4"}, {"inst_type": "net", "net_type": "internal", "id": "xiota|fully_differential_net14"}, {"inst_type": "net", "net_type": "internal", "id": "fully_differential_LG_pmos_cr12_1_LG_Vbiasn"}, {"inst_type": "net", "net_type": "internal", "id": "xiota|fully_differential_gnd!"}, {"inst_type": "nmos", "ports": ["fully_differential_LG_pmos_cr12_1_Voutn", "fully_differential_LG_pmos_cr12_1_Vinp", "xiota|fully_differential_net14"], "edge_weight": [1, 2, 4], "values": 1, "sub_graph": null, "id": "xiota|fully_differential_MM3"}, {"inst_type": "net", "net_type": "internal", "id": "fully_differential_LG_pmos_cr12_1_Vinp"}, {"inst_type": "nmos", "ports": ["fully_differential_LG_pmos_cr12_1_Voutp", "fully_differential_LG_pmos_cr12_1_Vinn", "xiota|fully_differential_net14"], "edge_weight": [1, 2, 4], "values": 1, "sub_graph": null, "id": "xiota|fully_differential_MM0"}, {"inst_type": "net", "net_type": "internal", "id": "fully_differential_LG_pmos_cr12_1_Vinn"}, {"inst_type": "nmos", "ports": ["fully_differential_LG_pmos_cr12_1_LG_Vbiasp", "fully_differential_LG_pmos_cr12_1_Biasn", "xiLG_pmos|LG_pmos_gnd!"], "edge_weight": [1, 2, 4], "values": 1, "sub_graph": null, "id": "xiLG_pmos|LG_pmos_MM10"}, {"inst_type": "net", "net_type": "internal", "id": "fully_differential_LG_pmos_cr12_1_Biasn"}, {"inst_type": "net", "net_type": "internal", "id": "xiLG_pmos|LG_pmos_gnd!"}, {"inst_type": "pmos", "ports": ["fully_differential_LG_pmos_cr12_1_LG_Vbiasp", "fully_differential_LG_pmos_cr12_1_LG_Vbiasp", "xiLG_pmos|LG_pmos_vdd!"], "edge_weight": [1, 2, 4], "values": 1, "sub_graph": null, "id": "xiLG_pmos|LG_pmos_MM3"}, {"inst_type": "net", "net_type": "internal", "id": "xiLG_pmos|LG_pmos_vdd!"}, {"inst_type": "nmos", "ports": ["fully_differential_LG_pmos_cr12_1_Biasn", "fully_differential_LG_pmos_cr12_1_Biasn", "xibCR12_1|CR12_1_gnd!"], "edge_weight": [1, 2, 4], "values": 1, "sub_graph": null, "id": "xibCR12_1|CR12_1_MM0"}, {"inst_type": "net", "net_type": "internal", "id": "xibCR12_1|CR12_1_gnd!"}, {"inst_type": "nmos", "ports": ["xibCR12_1|CR12_1_net10", "fully_differential_LG_pmos_cr12_1_Biasn", "xibCR12_1|CR12_1_gnd!"], "edge_weight": [1, 2, 4], "values": 1, "sub_graph": null, "id": "xibCR12_1|CR12_1_MM1"}, {"inst_type": "net", "net_type": "internal", "id": "xibCR12_1|CR12_1_net10"}, {"inst_type": "pmos", "ports": ["fully_differential_LG_pmos_cr12_1_Biasn", "xibCR12_1|CR12_1_net10", "xibCR12_1|CR12_1_vdd!"], "edge_weight": [1, 2, 4], "values": 1, "sub_graph": null, "id": "xibCR12_1|CR12_1_MM2"}, {"inst_type": "net", "net_type": "internal", "id": "xibCR12_1|CR12_1_vdd!"}, {"inst_type": "res", "ports": ["xibCR12_1|CR12_1_vdd!", "fully_differential_LG_pmos_cr12_1_Biasn"], "edge_weight": [8, 8], "values": 1, "sub_graph": null, "id": "xibCR12_1|CR12_1_RRF"}, {"inst_type": "res", "ports": ["xibCR12_1|CR12_1_vdd!", "xibCR12_1|CR12_1_net10"], "edge_weight": [8, 8], "values": 1, "sub_graph": null, "id": "xibCR12_1|CR12_1_RR0"}], "links": [{"weight": 1, "source": "xiota|fully_differential_MM1", "target": "fully_differential_LG_pmos_cr12_1_Voutn"}, {"weight": 2, "source": "xiota|fully_differential_MM1", "target": "fully_differential_LG_pmos_cr12_1_LG_Vbiasp"}, {"weight": 4, "source": "xiota|fully_differential_MM1", "target": "xiota|fully_differential_vdd!"}, {"weight": 1, "source": "fully_differential_LG_pmos_cr12_1_Voutn", "target": "xiota|fully_differential_MM3"}, {"weight": 2, "source": "fully_differential_LG_pmos_cr12_1_LG_Vbiasp", "target": "xiota|fully_differential_MM2"}, {"weight": 1, "source": "fully_differential_LG_pmos_cr12_1_LG_Vbiasp", "target": "xiLG_pmos|LG_pmos_MM10"}, {"weight": 3, "source": "fully_differential_LG_pmos_cr12_1_LG_Vbiasp", "target": "xiLG_pmos|LG_pmos_MM3"}, {"weight": 4, "source": "xiota|fully_differential_vdd!", "target": "xiota|fully_differential_MM2"}, {"weight": 1, "source": "xiota|fully_differential_MM2", "target": "fully_differential_LG_pmos_cr12_1_Voutp"}, {"weight": 1, "source": "fully_differential_LG_pmos_cr12_1_Voutp", "target": "xiota|fully_differential_MM0"}, {"weight": 1, "source": "xiota|fully_differential_MM4", "target": "xiota|fully_differential_net14"}, {"weight": 2, "source": "xiota|fully_differential_MM4", "target": "fully_differential_LG_pmos_cr12_1_LG_Vbiasn"}, {"weight": 4, "source": "xiota|fully_differential_MM4", "target": "xiota|fully_differential_gnd!"}, {"weight": 4, "source": "xiota|fully_differential_net14", "target": "xiota|fully_differential_MM3"}, {"weight": 4, "source": "xiota|fully_differential_net14", "target": "xiota|fully_differential_MM0"}, {"weight": 2, "source": "xiota|fully_differential_MM3", "target": "fully_differential_LG_pmos_cr12_1_Vinp"}, {"weight": 2, "source": "xiota|fully_differential_MM0", "target": "fully_differential_LG_pmos_cr12_1_Vinn"}, {"weight": 2, "source": "xiLG_pmos|LG_pmos_MM10", "target": "fully_differential_LG_pmos_cr12_1_Biasn"}, {"weight": 4, "source": "xiLG_pmos|LG_pmos_MM10", "target": "xiLG_pmos|LG_pmos_gnd!"}, {"weight": 3, "source": "fully_differential_LG_pmos_cr12_1_Biasn", "target": "xibCR12_1|CR12_1_MM0"}, {"weight": 2, "source": "fully_differential_LG_pmos_cr12_1_Biasn", "target": "xibCR12_1|CR12_1_MM1"}, {"weight": 1, "source": "fully_differential_LG_pmos_cr12_1_Biasn", "target": "xibCR12_1|CR12_1_MM2"}, {"weight": 8, "source": "fully_differential_LG_pmos_cr12_1_Biasn", "target": "xibCR12_1|CR12_1_RRF"}, {"weight": 4, "source": "xiLG_pmos|LG_pmos_MM3", "target": "xiLG_pmos|LG_pmos_vdd!"}, {"weight": 4, "source": "xibCR12_1|CR12_1_MM0", "target": "xibCR12_1|CR12_1_gnd!"}, {"weight": 4, "source": "xibCR12_1|CR12_1_gnd!", "target": "xibCR12_1|CR12_1_MM1"}, {"weight": 1, "source": "xibCR12_1|CR12_1_MM1", "target": "xibCR12_1|CR12_1_net10"}, {"weight": 2, "source": "xibCR12_1|CR12_1_net10", "target": "xibCR12_1|CR12_1_MM2"}, {"weight": 8, "source": "xibCR12_1|CR12_1_net10", "target": "xibCR12_1|CR12_1_RR0"}, {"weight": 4, "source": "xibCR12_1|CR12_1_MM2", "target": "xibCR12_1|CR12_1_vdd!"}, {"weight": 8, "source": "xibCR12_1|CR12_1_vdd!", "target": "xibCR12_1|CR12_1_RRF"}, {"weight": 8, "source": "xibCR12_1|CR12_1_vdd!", "target": "xibCR12_1|CR12_1_RR0"}]}