{"directed": false, "multigraph": false, "graph": {}, "nodes": [{"inst_type": "nmos", "ports": ["fully_differential_cascode_LG_load_biasp_cr4_2_Voutn", "fully_differential_cascode_LG_load_biasp_cr4_2_Vinp", "xiota|fully_differential_cascode_net16"], "edge_weight": [1, 2, 4], "values": 1, "sub_graph": null, "id": "xiota|fully_differential_cascode_MM3"}, {"inst_type": "net", "net_type": "internal", "id": "fully_differential_cascode_LG_load_biasp_cr4_2_Voutn"}, {"inst_type": "net", "net_type": "internal", "id": "fully_differential_cascode_LG_load_biasp_cr4_2_Vinp"}, {"inst_type": "net", "net_type": "internal", "id": "xiota|fully_differential_cascode_net16"}, {"inst_type": "nmos", "ports": ["fully_differential_cascode_LG_load_biasp_cr4_2_Voutp", "fully_differential_cascode_LG_load_biasp_cr4_2_Vinn", "xiota|fully_differential_cascode_net16"], "edge_weight": [1, 2, 4], "values": 1, "sub_graph": null, "id": "xiota|fully_differential_cascode_MM0"}, {"inst_type": "net", "net_type": "internal", "id": "fully_differential_cascode_LG_load_biasp_cr4_2_Voutp"}, {"inst_type": "net", "net_type": "internal", "id": "fully_differential_cascode_LG_load_biasp_cr4_2_Vinn"}, {"inst_type": "nmos", "ports": ["xiota|fully_differential_cascode_net16", "fully_differential_cascode_LG_load_biasp_cr4_2_LG_Vbiasn", "xiota|fully_differential_cascode_gnd!"], "edge_weight": [1, 2, 4], "values": 1, "sub_graph": null, "id": "xiota|fully_differential_cascode_MM4"}, {"inst_type": "net", "net_type": "internal", "id": "fully_differential_cascode_LG_load_biasp_cr4_2_LG_Vbiasn"}, {"inst_type": "net", "net_type": "internal", "id": "xiota|fully_differential_cascode_gnd!"}, {"inst_type": "pmos", "ports": ["fully_differential_cascode_LG_load_biasp_cr4_2_Voutp", "fully_differential_cascode_LG_load_biasp_cr4_2_LG_Vbiasp2", "xiota|fully_differential_cascode_net22"], "edge_weight": [1, 2, 4], "values": 1, "sub_graph": null, "id": "xiota|fully_differential_cascode_MM6"}, {"inst_type": "net", "net_type": "internal", "id": "fully_differential_cascode_LG_load_biasp_cr4_2_LG_Vbiasp2"}, {"inst_type": "net", "net_type": "internal", "id": "xiota|fully_differential_cascode_net22"}, {"inst_type": "pmos", "ports": ["fully_differential_cascode_LG_load_biasp_cr4_2_Voutn", "fully_differential_cascode_LG_load_biasp_cr4_2_LG_Vbiasp2", "xiota|fully_differential_cascode_net21"], "edge_weight": [1, 2, 4], "values": 1, "sub_graph": null, "id": "xiota|fully_differential_cascode_MM5"}, {"inst_type": "net", "net_type": "internal", "id": "xiota|fully_differential_cascode_net21"}, {"inst_type": "pmos", "ports": ["xiota|fully_differential_cascode_net21", "fully_differential_cascode_LG_load_biasp_cr4_2_LG_Vbiasp1", "xiota|fully_differential_cascode_vdd!"], "edge_weight": [1, 2, 4], "values": 1, "sub_graph": null, "id": "xiota|fully_differential_cascode_MM1"}, {"inst_type": "net", "net_type": "internal", "id": "fully_differential_cascode_LG_load_biasp_cr4_2_LG_Vbiasp1"}, {"inst_type": "net", "net_type": "internal", "id": "xiota|fully_differential_cascode_vdd!"}, {"inst_type": "pmos", "ports": ["xiota|fully_differential_cascode_net22", "fully_differential_cascode_LG_load_biasp_cr4_2_LG_Vbiasp1", "xiota|fully_differential_cascode_vdd!"], "edge_weight": [1, 2, 4], "values": 1, "sub_graph": null, "id": "xiota|fully_differential_cascode_MM2"}, {"inst_type": "nmos", "ports": ["fully_differential_cascode_LG_load_biasp_cr4_2_LG_Vbiasp2", "fully_differential_cascode_LG_load_biasp_cr4_2_Biasn", "xiLG_load_biasp|LG_load_biasp_gnd!"], "edge_weight": [1, 2, 4], "values": 1, "sub_graph": null, "id": "xiLG_load_biasp|LG_load_biasp_MM0"}, {"inst_type": "net", "net_type": "internal", "id": "fully_differential_cascode_LG_load_biasp_cr4_2_Biasn"}, {"inst_type": "net", "net_type": "internal", "id": "xiLG_load_biasp|LG_load_biasp_gnd!"}, {"inst_type": "pmos", "ports": ["fully_differential_cascode_LG_load_biasp_cr4_2_LG_Vbiasp2", "fully_differential_cascode_LG_load_biasp_cr4_2_LG_Vbiasp2", "fully_differential_cascode_LG_load_biasp_cr4_2_LG_Vbiasp1"], "edge_weight": [1, 2, 4], "values": 1, "sub_graph": null, "id": "xiLG_load_biasp|LG_load_biasp_MM1"}, {"inst_type": "pmos", "ports": ["fully_differential_cascode_LG_load_biasp_cr4_2_LG_Vbiasp1", "fully_differential_cascode_LG_load_biasp_cr4_2_LG_Vbiasp1", "xiLG_load_biasp|LG_load_biasp_vdd!"], "edge_weight": [1, 2, 4], "values": 1, "sub_graph": null, "id": "xiLG_load_biasp|LG_load_biasp_MM3"}, {"inst_type": "net", "net_type": "internal", "id": "xiLG_load_biasp|LG_load_biasp_vdd!"}, {"inst_type": "nmos", "ports": ["xibCR4_2|CR4_2_net023", "xibCR4_2|CR4_2_net024", "fully_differential_cascode_LG_load_biasp_cr4_2_Biasn"], "edge_weight": [1, 2, 4], "values": 1, "sub_graph": null, "id": "xibCR4_2|CR4_2_MM11"}, {"inst_type": "net", "net_type": "internal", "id": "xibCR4_2|CR4_2_net023"}, {"inst_type": "net", "net_type": "internal", "id": "xibCR4_2|CR4_2_net024"}, {"inst_type": "nmos", "ports": ["xibCR4_2|CR4_2_net025", "xibCR4_2|CR4_2_net010", "xibCR4_2|CR4_2_net023"], "edge_weight": [1, 2, 4], "values": 1, "sub_graph": null, "id": "xibCR4_2|CR4_2_MM8"}, {"inst_type": "net", "net_type": "internal", "id": "xibCR4_2|CR4_2_net025"}, {"inst_type": "net", "net_type": "internal", "id": "xibCR4_2|CR4_2_net010"}, {"inst_type": "nmos", "ports": ["xibCR4_2|CR4_2_net024", "xibCR4_2|CR4_2_net024", "xibCR4_2|CR4_2_net023"], "edge_weight": [1, 2, 4], "values": 1, "sub_graph": null, "id": "xibCR4_2|CR4_2_MM9"}, {"inst_type": "nmos", "ports": ["xibCR4_2|CR4_2_net010", "xibCR4_2|CR4_2_net010", "xibCR4_2|CR4_2_net025"], "edge_weight": [1, 2, 4], "values": 1, "sub_graph": null, "id": "xibCR4_2|CR4_2_MM7"}, {"inst_type": "nmos", "ports": ["fully_differential_cascode_LG_load_biasp_cr4_2_Biasn", "fully_differential_cascode_LG_load_biasp_cr4_2_Biasn", "xibCR4_2|CR4_2_gnd!"], "edge_weight": [1, 2, 4], "values": 1, "sub_graph": null, "id": "xibCR4_2|CR4_2_MM2"}, {"inst_type": "net", "net_type": "internal", "id": "xibCR4_2|CR4_2_gnd!"}, {"inst_type": "nmos", "ports": ["fully_differential_cascode_LG_load_biasp_cr4_2_Vbiasp", "xibCR4_2|CR4_2_net025", "xibCR4_2|CR4_2_gnd!"], "edge_weight": [1, 2, 4], "values": 1, "sub_graph": null, "id": "xibCR4_2|CR4_2_MM0"}, {"inst_type": "net", "net_type": "internal", "id": "fully_differential_cascode_LG_load_biasp_cr4_2_Vbiasp"}, {"inst_type": "pmos", "ports": ["xibCR4_2|CR4_2_net024", "fully_differential_cascode_LG_load_biasp_cr4_2_Vbiasp", "xibCR4_2|CR4_2_vdd!"], "edge_weight": [1, 2, 4], "values": 1, "sub_graph": null, "id": "xibCR4_2|CR4_2_MM10"}, {"inst_type": "net", "net_type": "internal", "id": "xibCR4_2|CR4_2_vdd!"}, {"inst_type": "pmos", "ports": ["xibCR4_2|CR4_2_net010", "fully_differential_cascode_LG_load_biasp_cr4_2_Vbiasp", "xibCR4_2|CR4_2_vdd!"], "edge_weight": [1, 2, 4], "values": 1, "sub_graph": null, "id": "xibCR4_2|CR4_2_MM4"}, {"inst_type": "pmos", "ports": ["fully_differential_cascode_LG_load_biasp_cr4_2_Biasn", "fully_differential_cascode_LG_load_biasp_cr4_2_Vbiasp", "xibCR4_2|CR4_2_vdd!"], "edge_weight": [1, 2, 4], "values": 1, "sub_graph": null, "id": "xibCR4_2|CR4_2_MM3"}, {"inst_type": "pmos", "ports": ["fully_differential_cascode_LG_load_biasp_cr4_2_Vbiasp", "fully_differential_cascode_LG_load_biasp_cr4_2_Vbiasp", "xibCR4_2|CR4_2_vdd!"], "edge_weight": [1, 2, 4], "values": 1, "sub_graph": null, "id": "xibCR4_2|CR4_2_MM1"}], "links": [{"weight": 1, "source": "xiota|fully_differential_cascode_MM3", "target": "fully_differential_cascode_LG_load_biasp_cr4_2_Voutn"}, {"weight": 2, "source": "xiota|fully_differential_cascode_MM3", "target": "fully_differential_cascode_LG_load_biasp_cr4_2_Vinp"}, {"weight": 4, "source": "xiota|fully_differential_cascode_MM3", "target": "xiota|fully_differential_cascode_net16"}, {"weight": 1, "source": "fully_differential_cascode_LG_load_biasp_cr4_2_Voutn", "target": "xiota|fully_differential_cascode_MM5"}, {"weight": 4, "source": "xiota|fully_differential_cascode_net16", "target": "xiota|fully_differential_cascode_MM0"}, {"weight": 1, "source": "xiota|fully_differential_cascode_net16", "target": "xiota|fully_differential_cascode_MM4"}, {"weight": 1, "source": "xiota|fully_differential_cascode_MM0", "target": "fully_differential_cascode_LG_load_biasp_cr4_2_Voutp"}, {"weight": 2, "source": "xiota|fully_differential_cascode_MM0", "target": "fully_differential_cascode_LG_load_biasp_cr4_2_Vinn"}, {"weight": 1, "source": "fully_differential_cascode_LG_load_biasp_cr4_2_Voutp", "target": "xiota|fully_differential_cascode_MM6"}, {"weight": 2, "source": "xiota|fully_differential_cascode_MM4", "target": "fully_differential_cascode_LG_load_biasp_cr4_2_LG_Vbiasn"}, {"weight": 4, "source": "xiota|fully_differential_cascode_MM4", "target": "xiota|fully_differential_cascode_gnd!"}, {"weight": 2, "source": "xiota|fully_differential_cascode_MM6", "target": "fully_differential_cascode_LG_load_biasp_cr4_2_LG_Vbiasp2"}, {"weight": 4, "source": "xiota|fully_differential_cascode_MM6", "target": "xiota|fully_differential_cascode_net22"}, {"weight": 2, "source": "fully_differential_cascode_LG_load_biasp_cr4_2_LG_Vbiasp2", "target": "xiota|fully_differential_cascode_MM5"}, {"weight": 1, "source": "fully_differential_cascode_LG_load_biasp_cr4_2_LG_Vbiasp2", "target": "xiLG_load_biasp|LG_load_biasp_MM0"}, {"weight": 3, "source": "fully_differential_cascode_LG_load_biasp_cr4_2_LG_Vbiasp2", "target": "xiLG_load_biasp|LG_load_biasp_MM1"}, {"weight": 1, "source": "xiota|fully_differential_cascode_net22", "target": "xiota|fully_differential_cascode_MM2"}, {"weight": 4, "source": "xiota|fully_differential_cascode_MM5", "target": "xiota|fully_differential_cascode_net21"}, {"weight": 1, "source": "xiota|fully_differential_cascode_net21", "target": "xiota|fully_differential_cascode_MM1"}, {"weight": 2, "source": "xiota|fully_differential_cascode_MM1", "target": "fully_differential_cascode_LG_load_biasp_cr4_2_LG_Vbiasp1"}, {"weight": 4, "source": "xiota|fully_differential_cascode_MM1", "target": "xiota|fully_differential_cascode_vdd!"}, {"weight": 2, "source": "fully_differential_cascode_LG_load_biasp_cr4_2_LG_Vbiasp1", "target": "xiota|fully_differential_cascode_MM2"}, {"weight": 4, "source": "fully_differential_cascode_LG_load_biasp_cr4_2_LG_Vbiasp1", "target": "xiLG_load_biasp|LG_load_biasp_MM1"}, {"weight": 3, "source": "fully_differential_cascode_LG_load_biasp_cr4_2_LG_Vbiasp1", "target": "xiLG_load_biasp|LG_load_biasp_MM3"}, {"weight": 4, "source": "xiota|fully_differential_cascode_vdd!", "target": "xiota|fully_differential_cascode_MM2"}, {"weight": 2, "source": "xiLG_load_biasp|LG_load_biasp_MM0", "target": "fully_differential_cascode_LG_load_biasp_cr4_2_Biasn"}, {"weight": 4, "source": "xiLG_load_biasp|LG_load_biasp_MM0", "target": "xiLG_load_biasp|LG_load_biasp_gnd!"}, {"weight": 4, "source": "fully_differential_cascode_LG_load_biasp_cr4_2_Biasn", "target": "xibCR4_2|CR4_2_MM11"}, {"weight": 3, "source": "fully_differential_cascode_LG_load_biasp_cr4_2_Biasn", "target": "xibCR4_2|CR4_2_MM2"}, {"weight": 1, "source": "fully_differential_cascode_LG_load_biasp_cr4_2_Biasn", "target": "xibCR4_2|CR4_2_MM3"}, {"weight": 4, "source": "xiLG_load_biasp|LG_load_biasp_MM3", "target": "xiLG_load_biasp|LG_load_biasp_vdd!"}, {"weight": 1, "source": "xibCR4_2|CR4_2_MM11", "target": "xibCR4_2|CR4_2_net023"}, {"weight": 2, "source": "xibCR4_2|CR4_2_MM11", "target": "xibCR4_2|CR4_2_net024"}, {"weight": 4, "source": "xibCR4_2|CR4_2_net023", "target": "xibCR4_2|CR4_2_MM8"}, {"weight": 4, "source": "xibCR4_2|CR4_2_net023", "target": "xibCR4_2|CR4_2_MM9"}, {"weight": 3, "source": "xibCR4_2|CR4_2_net024", "target": "xibCR4_2|CR4_2_MM9"}, {"weight": 1, "source": "xibCR4_2|CR4_2_net024", "target": "xibCR4_2|CR4_2_MM10"}, {"weight": 1, "source": "xibCR4_2|CR4_2_MM8", "target": "xibCR4_2|CR4_2_net025"}, {"weight": 2, "source": "xibCR4_2|CR4_2_MM8", "target": "xibCR4_2|CR4_2_net010"}, {"weight": 4, "source": "xibCR4_2|CR4_2_net025", "target": "xibCR4_2|CR4_2_MM7"}, {"weight": 2, "source": "xibCR4_2|CR4_2_net025", "target": "xibCR4_2|CR4_2_MM0"}, {"weight": 3, "source": "xibCR4_2|CR4_2_net010", "target": "xibCR4_2|CR4_2_MM7"}, {"weight": 1, "source": "xibCR4_2|CR4_2_net010", "target": "xibCR4_2|CR4_2_MM4"}, {"weight": 4, "source": "xibCR4_2|CR4_2_MM2", "target": "xibCR4_2|CR4_2_gnd!"}, {"weight": 4, "source": "xibCR4_2|CR4_2_gnd!", "target": "xibCR4_2|CR4_2_MM0"}, {"weight": 1, "source": "xibCR4_2|CR4_2_MM0", "target": "fully_differential_cascode_LG_load_biasp_cr4_2_Vbiasp"}, {"weight": 2, "source": "fully_differential_cascode_LG_load_biasp_cr4_2_Vbiasp", "target": "xibCR4_2|CR4_2_MM10"}, {"weight": 2, "source": "fully_differential_cascode_LG_load_biasp_cr4_2_Vbiasp", "target": "xibCR4_2|CR4_2_MM4"}, {"weight": 2, "source": "fully_differential_cascode_LG_load_biasp_cr4_2_Vbiasp", "target": "xibCR4_2|CR4_2_MM3"}, {"weight": 3, "source": "fully_differential_cascode_LG_load_biasp_cr4_2_Vbiasp", "target": "xibCR4_2|CR4_2_MM1"}, {"weight": 4, "source": "xibCR4_2|CR4_2_MM10", "target": "xibCR4_2|CR4_2_vdd!"}, {"weight": 4, "source": "xibCR4_2|CR4_2_vdd!", "target": "xibCR4_2|CR4_2_MM4"}, {"weight": 4, "source": "xibCR4_2|CR4_2_vdd!", "target": "xibCR4_2|CR4_2_MM3"}, {"weight": 4, "source": "xibCR4_2|CR4_2_vdd!", "target": "xibCR4_2|CR4_2_MM1"}]}