{"directed": false, "multigraph": false, "graph": {}, "nodes": [{"inst_type": "pmos", "ports": ["single_ended_current_mirror_pmos_LG_nmos_l1_cr12_1_Voutp", "xiota|single_ended_current_mirror_pmos_net17", "xiota|single_ended_current_mirror_pmos_vdd!"], "edge_weight": [1, 2, 4], "values": 1, "sub_graph": null, "id": "xiota|single_ended_current_mirror_pmos_MM3"}, {"inst_type": "net", "net_type": "internal", "id": "single_ended_current_mirror_pmos_LG_nmos_l1_cr12_1_Voutp"}, {"inst_type": "net", "net_type": "internal", "id": "xiota|single_ended_current_mirror_pmos_net17"}, {"inst_type": "net", "net_type": "internal", "id": "xiota|single_ended_current_mirror_pmos_vdd!"}, {"inst_type": "pmos", "ports": ["xiota|single_ended_current_mirror_pmos_net17", "xiota|single_ended_current_mirror_pmos_net17", "xiota|single_ended_current_mirror_pmos_vdd!"], "edge_weight": [1, 2, 4], "values": 1, "sub_graph": null, "id": "xiota|single_ended_current_mirror_pmos_MM2"}, {"inst_type": "pmos", "ports": ["xiota|single_ended_current_mirror_pmos_net9", "single_ended_current_mirror_pmos_LG_nmos_l1_cr12_1_Vinn", "xiota|single_ended_current_mirror_pmos_net13"], "edge_weight": [1, 2, 4], "values": 1, "sub_graph": null, "id": "xiota|single_ended_current_mirror_pmos_MM7"}, {"inst_type": "net", "net_type": "internal", "id": "xiota|single_ended_current_mirror_pmos_net9"}, {"inst_type": "net", "net_type": "internal", "id": "single_ended_current_mirror_pmos_LG_nmos_l1_cr12_1_Vinn"}, {"inst_type": "net", "net_type": "internal", "id": "xiota|single_ended_current_mirror_pmos_net13"}, {"inst_type": "pmos", "ports": ["xiota|single_ended_current_mirror_pmos_net15", "single_ended_current_mirror_pmos_LG_nmos_l1_cr12_1_Vinp", "xiota|single_ended_current_mirror_pmos_net13"], "edge_weight": [1, 2, 4], "values": 1, "sub_graph": null, "id": "xiota|single_ended_current_mirror_pmos_MM6"}, {"inst_type": "net", "net_type": "internal", "id": "xiota|single_ended_current_mirror_pmos_net15"}, {"inst_type": "net", "net_type": "internal", "id": "single_ended_current_mirror_pmos_LG_nmos_l1_cr12_1_Vinp"}, {"inst_type": "pmos", "ports": ["xiota|single_ended_current_mirror_pmos_net13", "single_ended_current_mirror_pmos_LG_nmos_l1_cr12_1_LG_Vbiasp", "xiota|single_ended_current_mirror_pmos_vdd!"], "edge_weight": [1, 2, 4], "values": 1, "sub_graph": null, "id": "xiota|single_ended_current_mirror_pmos_MM5"}, {"inst_type": "net", "net_type": "internal", "id": "single_ended_current_mirror_pmos_LG_nmos_l1_cr12_1_LG_Vbiasp"}, {"inst_type": "nmos", "ports": ["single_ended_current_mirror_pmos_LG_nmos_l1_cr12_1_Voutp", "xiota|single_ended_current_mirror_pmos_net9", "xiota|single_ended_current_mirror_pmos_gnd!"], "edge_weight": [1, 2, 4], "values": 1, "sub_graph": null, "id": "xiota|single_ended_current_mirror_pmos_MM1"}, {"inst_type": "net", "net_type": "internal", "id": "xiota|single_ended_current_mirror_pmos_gnd!"}, {"inst_type": "nmos", "ports": ["xiota|single_ended_current_mirror_pmos_net17", "xiota|single_ended_current_mirror_pmos_net15", "xiota|single_ended_current_mirror_pmos_gnd!"], "edge_weight": [1, 2, 4], "values": 1, "sub_graph": null, "id": "xiota|single_ended_current_mirror_pmos_MM0"}, {"inst_type": "nmos", "ports": ["xiota|single_ended_current_mirror_pmos_net9", "xiota|single_ended_current_mirror_pmos_net9", "xiota|single_ended_current_mirror_pmos_gnd!"], "edge_weight": [1, 2, 4], "values": 1, "sub_graph": null, "id": "xiota|single_ended_current_mirror_pmos_MM9"}, {"inst_type": "nmos", "ports": ["xiota|single_ended_current_mirror_pmos_net15", "xiota|single_ended_current_mirror_pmos_net15", "xiota|single_ended_current_mirror_pmos_gnd!"], "edge_weight": [1, 2, 4], "values": 1, "sub_graph": null, "id": "xiota|single_ended_current_mirror_pmos_MM8"}, {"inst_type": "nmos", "ports": ["single_ended_current_mirror_pmos_LG_nmos_l1_cr12_1_LG_Vbiasn", "single_ended_current_mirror_pmos_LG_nmos_l1_cr12_1_LG_Vbiasn", "xiLG_nmos_l1|LG_nmos_l1_gnd!"], "edge_weight": [1, 2, 4], "values": 1, "sub_graph": null, "id": "xiLG_nmos_l1|LG_nmos_l1_MM2"}, {"inst_type": "net", "net_type": "internal", "id": "single_ended_current_mirror_pmos_LG_nmos_l1_cr12_1_LG_Vbiasn"}, {"inst_type": "net", "net_type": "internal", "id": "xiLG_nmos_l1|LG_nmos_l1_gnd!"}, {"inst_type": "nmos", "ports": ["single_ended_current_mirror_pmos_LG_nmos_l1_cr12_1_LG_Vbiasp", "single_ended_current_mirror_pmos_LG_nmos_l1_cr12_1_Biasn", "xiLG_nmos_l1|LG_nmos_l1_gnd!"], "edge_weight": [1, 2, 4], "values": 1, "sub_graph": null, "id": "xiLG_nmos_l1|LG_nmos_l1_MM10"}, {"inst_type": "net", "net_type": "internal", "id": "single_ended_current_mirror_pmos_LG_nmos_l1_cr12_1_Biasn"}, {"inst_type": "pmos", "ports": ["single_ended_current_mirror_pmos_LG_nmos_l1_cr12_1_LG_Vbiasn", "single_ended_current_mirror_pmos_LG_nmos_l1_cr12_1_LG_Vbiasp", "xiLG_nmos_l1|LG_nmos_l1_vdd!"], "edge_weight": [1, 2, 4], "values": 1, "sub_graph": null, "id": "xiLG_nmos_l1|LG_nmos_l1_MM1"}, {"inst_type": "net", "net_type": "internal", "id": "xiLG_nmos_l1|LG_nmos_l1_vdd!"}, {"inst_type": "pmos", "ports": ["single_ended_current_mirror_pmos_LG_nmos_l1_cr12_1_LG_Vbiasp", "single_ended_current_mirror_pmos_LG_nmos_l1_cr12_1_LG_Vbiasp", "xiLG_nmos_l1|LG_nmos_l1_vdd!"], "edge_weight": [1, 2, 4], "values": 1, "sub_graph": null, "id": "xiLG_nmos_l1|LG_nmos_l1_MM0"}, {"inst_type": "nmos", "ports": ["single_ended_current_mirror_pmos_LG_nmos_l1_cr12_1_Biasn", "single_ended_current_mirror_pmos_LG_nmos_l1_cr12_1_Biasn", "xibCR12_1|CR12_1_gnd!"], "edge_weight": [1, 2, 4], "values": 1, "sub_graph": null, "id": "xibCR12_1|CR12_1_MM0"}, {"inst_type": "net", "net_type": "internal", "id": "xibCR12_1|CR12_1_gnd!"}, {"inst_type": "nmos", "ports": ["xibCR12_1|CR12_1_net10", "single_ended_current_mirror_pmos_LG_nmos_l1_cr12_1_Biasn", "xibCR12_1|CR12_1_gnd!"], "edge_weight": [1, 2, 4], "values": 1, "sub_graph": null, "id": "xibCR12_1|CR12_1_MM1"}, {"inst_type": "net", "net_type": "internal", "id": "xibCR12_1|CR12_1_net10"}, {"inst_type": "pmos", "ports": ["single_ended_current_mirror_pmos_LG_nmos_l1_cr12_1_Biasn", "xibCR12_1|CR12_1_net10", "xibCR12_1|CR12_1_vdd!"], "edge_weight": [1, 2, 4], "values": 1, "sub_graph": null, "id": "xibCR12_1|CR12_1_MM2"}, {"inst_type": "net", "net_type": "internal", "id": "xibCR12_1|CR12_1_vdd!"}, {"inst_type": "res", "ports": ["xibCR12_1|CR12_1_vdd!", "single_ended_current_mirror_pmos_LG_nmos_l1_cr12_1_Biasn"], "edge_weight": [8, 8], "values": 1, "sub_graph": null, "id": "xibCR12_1|CR12_1_RRF"}, {"inst_type": "res", "ports": ["xibCR12_1|CR12_1_vdd!", "xibCR12_1|CR12_1_net10"], "edge_weight": [8, 8], "values": 1, "sub_graph": null, "id": "xibCR12_1|CR12_1_RR0"}], "links": [{"weight": 1, "source": "xiota|single_ended_current_mirror_pmos_MM3", "target": "single_ended_current_mirror_pmos_LG_nmos_l1_cr12_1_Voutp"}, {"weight": 2, "source": "xiota|single_ended_current_mirror_pmos_MM3", "target": "xiota|single_ended_current_mirror_pmos_net17"}, {"weight": 4, "source": "xiota|single_ended_current_mirror_pmos_MM3", "target": "xiota|single_ended_current_mirror_pmos_vdd!"}, {"weight": 1, "source": "single_ended_current_mirror_pmos_LG_nmos_l1_cr12_1_Voutp", "target": "xiota|single_ended_current_mirror_pmos_MM1"}, {"weight": 3, "source": "xiota|single_ended_current_mirror_pmos_net17", "target": "xiota|single_ended_current_mirror_pmos_MM2"}, {"weight": 1, "source": "xiota|single_ended_current_mirror_pmos_net17", "target": "xiota|single_ended_current_mirror_pmos_MM0"}, {"weight": 4, "source": "xiota|single_ended_current_mirror_pmos_vdd!", "target": "xiota|single_ended_current_mirror_pmos_MM2"}, {"weight": 4, "source": "xiota|single_ended_current_mirror_pmos_vdd!", "target": "xiota|single_ended_current_mirror_pmos_MM5"}, {"weight": 1, "source": "xiota|single_ended_current_mirror_pmos_MM7", "target": "xiota|single_ended_current_mirror_pmos_net9"}, {"weight": 2, "source": "xiota|single_ended_current_mirror_pmos_MM7", "target": "single_ended_current_mirror_pmos_LG_nmos_l1_cr12_1_Vinn"}, {"weight": 4, "source": "xiota|single_ended_current_mirror_pmos_MM7", "target": "xiota|single_ended_current_mirror_pmos_net13"}, {"weight": 2, "source": "xiota|single_ended_current_mirror_pmos_net9", "target": "xiota|single_ended_current_mirror_pmos_MM1"}, {"weight": 3, "source": "xiota|single_ended_current_mirror_pmos_net9", "target": "xiota|single_ended_current_mirror_pmos_MM9"}, {"weight": 4, "source": "xiota|single_ended_current_mirror_pmos_net13", "target": "xiota|single_ended_current_mirror_pmos_MM6"}, {"weight": 1, "source": "xiota|single_ended_current_mirror_pmos_net13", "target": "xiota|single_ended_current_mirror_pmos_MM5"}, {"weight": 1, "source": "xiota|single_ended_current_mirror_pmos_MM6", "target": "xiota|single_ended_current_mirror_pmos_net15"}, {"weight": 2, "source": "xiota|single_ended_current_mirror_pmos_MM6", "target": "single_ended_current_mirror_pmos_LG_nmos_l1_cr12_1_Vinp"}, {"weight": 2, "source": "xiota|single_ended_current_mirror_pmos_net15", "target": "xiota|single_ended_current_mirror_pmos_MM0"}, {"weight": 3, "source": "xiota|single_ended_current_mirror_pmos_net15", "target": "xiota|single_ended_current_mirror_pmos_MM8"}, {"weight": 2, "source": "xiota|single_ended_current_mirror_pmos_MM5", "target": "single_ended_current_mirror_pmos_LG_nmos_l1_cr12_1_LG_Vbiasp"}, {"weight": 1, "source": "single_ended_current_mirror_pmos_LG_nmos_l1_cr12_1_LG_Vbiasp", "target": "xiLG_nmos_l1|LG_nmos_l1_MM10"}, {"weight": 2, "source": "single_ended_current_mirror_pmos_LG_nmos_l1_cr12_1_LG_Vbiasp", "target": "xiLG_nmos_l1|LG_nmos_l1_MM1"}, {"weight": 3, "source": "single_ended_current_mirror_pmos_LG_nmos_l1_cr12_1_LG_Vbiasp", "target": "xiLG_nmos_l1|LG_nmos_l1_MM0"}, {"weight": 4, "source": "xiota|single_ended_current_mirror_pmos_MM1", "target": "xiota|single_ended_current_mirror_pmos_gnd!"}, {"weight": 4, "source": "xiota|single_ended_current_mirror_pmos_gnd!", "target": "xiota|single_ended_current_mirror_pmos_MM0"}, {"weight": 4, "source": "xiota|single_ended_current_mirror_pmos_gnd!", "target": "xiota|single_ended_current_mirror_pmos_MM9"}, {"weight": 4, "source": "xiota|single_ended_current_mirror_pmos_gnd!", "target": "xiota|single_ended_current_mirror_pmos_MM8"}, {"weight": 3, "source": "xiLG_nmos_l1|LG_nmos_l1_MM2", "target": "single_ended_current_mirror_pmos_LG_nmos_l1_cr12_1_LG_Vbiasn"}, {"weight": 4, "source": "xiLG_nmos_l1|LG_nmos_l1_MM2", "target": "xiLG_nmos_l1|LG_nmos_l1_gnd!"}, {"weight": 1, "source": "single_ended_current_mirror_pmos_LG_nmos_l1_cr12_1_LG_Vbiasn", "target": "xiLG_nmos_l1|LG_nmos_l1_MM1"}, {"weight": 4, "source": "xiLG_nmos_l1|LG_nmos_l1_gnd!", "target": "xiLG_nmos_l1|LG_nmos_l1_MM10"}, {"weight": 2, "source": "xiLG_nmos_l1|LG_nmos_l1_MM10", "target": "single_ended_current_mirror_pmos_LG_nmos_l1_cr12_1_Biasn"}, {"weight": 3, "source": "single_ended_current_mirror_pmos_LG_nmos_l1_cr12_1_Biasn", "target": "xibCR12_1|CR12_1_MM0"}, {"weight": 2, "source": "single_ended_current_mirror_pmos_LG_nmos_l1_cr12_1_Biasn", "target": "xibCR12_1|CR12_1_MM1"}, {"weight": 1, "source": "single_ended_current_mirror_pmos_LG_nmos_l1_cr12_1_Biasn", "target": "xibCR12_1|CR12_1_MM2"}, {"weight": 8, "source": "single_ended_current_mirror_pmos_LG_nmos_l1_cr12_1_Biasn", "target": "xibCR12_1|CR12_1_RRF"}, {"weight": 4, "source": "xiLG_nmos_l1|LG_nmos_l1_MM1", "target": "xiLG_nmos_l1|LG_nmos_l1_vdd!"}, {"weight": 4, "source": "xiLG_nmos_l1|LG_nmos_l1_vdd!", "target": "xiLG_nmos_l1|LG_nmos_l1_MM0"}, {"weight": 4, "source": "xibCR12_1|CR12_1_MM0", "target": "xibCR12_1|CR12_1_gnd!"}, {"weight": 4, "source": "xibCR12_1|CR12_1_gnd!", "target": "xibCR12_1|CR12_1_MM1"}, {"weight": 1, "source": "xibCR12_1|CR12_1_MM1", "target": "xibCR12_1|CR12_1_net10"}, {"weight": 2, "source": "xibCR12_1|CR12_1_net10", "target": "xibCR12_1|CR12_1_MM2"}, {"weight": 8, "source": "xibCR12_1|CR12_1_net10", "target": "xibCR12_1|CR12_1_RR0"}, {"weight": 4, "source": "xibCR12_1|CR12_1_MM2", "target": "xibCR12_1|CR12_1_vdd!"}, {"weight": 8, "source": "xibCR12_1|CR12_1_vdd!", "target": "xibCR12_1|CR12_1_RRF"}, {"weight": 8, "source": "xibCR12_1|CR12_1_vdd!", "target": "xibCR12_1|CR12_1_RR0"}]}