{"directed": false, "multigraph": false, "graph": {}, "nodes": [{"inst_type": "nmos", "ports": ["xiota|single_ended_current_mirror_net9", "xiota|single_ended_current_mirror_net9", "xiota|single_ended_current_mirror_gnd!"], "edge_weight": [1, 2, 4], "values": 1, "sub_graph": null, "id": "xiota|single_ended_current_mirror_MM8"}, {"inst_type": "net", "net_type": "internal", "id": "xiota|single_ended_current_mirror_net9"}, {"inst_type": "net", "net_type": "internal", "id": "xiota|single_ended_current_mirror_gnd!"}, {"inst_type": "nmos", "ports": ["single_ended_current_mirror_LG_pnmos_4_cr6_3_Voutn", "xiota|single_ended_current_mirror_net9", "xiota|single_ended_current_mirror_gnd!"], "edge_weight": [1, 2, 4], "values": 1, "sub_graph": null, "id": "xiota|single_ended_current_mirror_MM7"}, {"inst_type": "net", "net_type": "internal", "id": "single_ended_current_mirror_LG_pnmos_4_cr6_3_Voutn"}, {"inst_type": "nmos", "ports": ["xiota|single_ended_current_mirror_net20", "single_ended_current_mirror_LG_pnmos_4_cr6_3_Vinp", "xiota|single_ended_current_mirror_net16"], "edge_weight": [1, 2, 4], "values": 1, "sub_graph": null, "id": "xiota|single_ended_current_mirror_MM3"}, {"inst_type": "net", "net_type": "internal", "id": "xiota|single_ended_current_mirror_net20"}, {"inst_type": "net", "net_type": "internal", "id": "single_ended_current_mirror_LG_pnmos_4_cr6_3_Vinp"}, {"inst_type": "net", "net_type": "internal", "id": "xiota|single_ended_current_mirror_net16"}, {"inst_type": "nmos", "ports": ["xiota|single_ended_current_mirror_net11", "single_ended_current_mirror_LG_pnmos_4_cr6_3_Vinn", "xiota|single_ended_current_mirror_net16"], "edge_weight": [1, 2, 4], "values": 1, "sub_graph": null, "id": "xiota|single_ended_current_mirror_MM0"}, {"inst_type": "net", "net_type": "internal", "id": "xiota|single_ended_current_mirror_net11"}, {"inst_type": "net", "net_type": "internal", "id": "single_ended_current_mirror_LG_pnmos_4_cr6_3_Vinn"}, {"inst_type": "nmos", "ports": ["xiota|single_ended_current_mirror_net16", "single_ended_current_mirror_LG_pnmos_4_cr6_3_LG_Vbiasn", "xiota|single_ended_current_mirror_gnd!"], "edge_weight": [1, 2, 4], "values": 1, "sub_graph": null, "id": "xiota|single_ended_current_mirror_MM4"}, {"inst_type": "net", "net_type": "internal", "id": "single_ended_current_mirror_LG_pnmos_4_cr6_3_LG_Vbiasn"}, {"inst_type": "pmos", "ports": ["xiota|single_ended_current_mirror_net9", "xiota|single_ended_current_mirror_net11", "xiota|single_ended_current_mirror_vdd!"], "edge_weight": [1, 2, 4], "values": 1, "sub_graph": null, "id": "xiota|single_ended_current_mirror_MM6"}, {"inst_type": "net", "net_type": "internal", "id": "xiota|single_ended_current_mirror_vdd!"}, {"inst_type": "pmos", "ports": ["single_ended_current_mirror_LG_pnmos_4_cr6_3_Voutn", "xiota|single_ended_current_mirror_net20", "xiota|single_ended_current_mirror_vdd!"], "edge_weight": [1, 2, 4], "values": 1, "sub_graph": null, "id": "xiota|single_ended_current_mirror_MM5"}, {"inst_type": "pmos", "ports": ["xiota|single_ended_current_mirror_net20", "xiota|single_ended_current_mirror_net20", "xiota|single_ended_current_mirror_vdd!"], "edge_weight": [1, 2, 4], "values": 1, "sub_graph": null, "id": "xiota|single_ended_current_mirror_MM1"}, {"inst_type": "pmos", "ports": ["xiota|single_ended_current_mirror_net11", "xiota|single_ended_current_mirror_net11", "xiota|single_ended_current_mirror_vdd!"], "edge_weight": [1, 2, 4], "values": 1, "sub_graph": null, "id": "xiota|single_ended_current_mirror_MM2"}, {"inst_type": "nmos", "ports": ["single_ended_current_mirror_LG_pnmos_4_cr6_3_LG_Vbiasn", "single_ended_current_mirror_LG_pnmos_4_cr6_3_LG_Vbiasn", "xiLG_pnmos_4|LG_pnmos_4_gnd!"], "edge_weight": [1, 2, 4], "values": 1, "sub_graph": null, "id": "xiLG_pnmos_4|LG_pnmos_4_MM1"}, {"inst_type": "net", "net_type": "internal", "id": "xiLG_pnmos_4|LG_pnmos_4_gnd!"}, {"inst_type": "nmos", "ports": ["single_ended_current_mirror_LG_pnmos_4_cr6_3_LG_Vbiasp", "xiLG_pnmos_4|LG_pnmos_4_net6", "xiLG_pnmos_4|LG_pnmos_4_gnd!"], "edge_weight": [1, 2, 4], "values": 1, "sub_graph": null, "id": "xiLG_pnmos_4|LG_pnmos_4_MM0"}, {"inst_type": "net", "net_type": "internal", "id": "single_ended_current_mirror_LG_pnmos_4_cr6_3_LG_Vbiasp"}, {"inst_type": "net", "net_type": "internal", "id": "xiLG_pnmos_4|LG_pnmos_4_net6"}, {"inst_type": "nmos", "ports": ["xiLG_pnmos_4|LG_pnmos_4_net6", "xiLG_pnmos_4|LG_pnmos_4_net6", "xiLG_pnmos_4|LG_pnmos_4_gnd!"], "edge_weight": [1, 2, 4], "values": 1, "sub_graph": null, "id": "xiLG_pnmos_4|LG_pnmos_4_MM8"}, {"inst_type": "pmos", "ports": ["single_ended_current_mirror_LG_pnmos_4_cr6_3_LG_Vbiasn", "single_ended_current_mirror_LG_pnmos_4_cr6_3_LG_Vbiasp", "xiLG_pnmos_4|LG_pnmos_4_vdd!"], "edge_weight": [1, 2, 4], "values": 1, "sub_graph": null, "id": "xiLG_pnmos_4|LG_pnmos_4_MM2"}, {"inst_type": "net", "net_type": "internal", "id": "xiLG_pnmos_4|LG_pnmos_4_vdd!"}, {"inst_type": "pmos", "ports": ["single_ended_current_mirror_LG_pnmos_4_cr6_3_LG_Vbiasp", "single_ended_current_mirror_LG_pnmos_4_cr6_3_LG_Vbiasp", "xiLG_pnmos_4|LG_pnmos_4_vdd!"], "edge_weight": [1, 2, 4], "values": 1, "sub_graph": null, "id": "xiLG_pnmos_4|LG_pnmos_4_MM3"}, {"inst_type": "pmos", "ports": ["xiLG_pnmos_4|LG_pnmos_4_net6", "single_ended_current_mirror_LG_pnmos_4_cr6_3_Biasp", "xiLG_pnmos_4|LG_pnmos_4_vdd!"], "edge_weight": [1, 2, 4], "values": 1, "sub_graph": null, "id": "xiLG_pnmos_4|LG_pnmos_4_MM10"}, {"inst_type": "net", "net_type": "internal", "id": "single_ended_current_mirror_LG_pnmos_4_cr6_3_Biasp"}, {"inst_type": "nmos", "ports": ["single_ended_current_mirror_LG_pnmos_4_cr6_3_Biasp", "single_ended_current_mirror_LG_pnmos_4_cr6_3_Biasn2", "single_ended_current_mirror_LG_pnmos_4_cr6_3_Biasn1"], "edge_weight": [1, 2, 4], "values": 1, "sub_graph": null, "id": "xibCR6_3|CR6_3_MM2"}, {"inst_type": "net", "net_type": "internal", "id": "single_ended_current_mirror_LG_pnmos_4_cr6_3_Biasn2"}, {"inst_type": "net", "net_type": "internal", "id": "single_ended_current_mirror_LG_pnmos_4_cr6_3_Biasn1"}, {"inst_type": "nmos", "ports": ["single_ended_current_mirror_LG_pnmos_4_cr6_3_Biasn2", "single_ended_current_mirror_LG_pnmos_4_cr6_3_Biasn1", "xibCR6_3|CR6_3_gnd!"], "edge_weight": [1, 2, 4], "values": 1, "sub_graph": null, "id": "xibCR6_3|CR6_3_MM0"}, {"inst_type": "net", "net_type": "internal", "id": "xibCR6_3|CR6_3_gnd!"}, {"inst_type": "nmos", "ports": ["single_ended_current_mirror_LG_pnmos_4_cr6_3_Biasn1", "xibCR6_3|CR6_3_net15", "xibCR6_3|CR6_3_gnd!"], "edge_weight": [1, 2, 4], "values": 1, "sub_graph": null, "id": "xibCR6_3|CR6_3_MM4"}, {"inst_type": "net", "net_type": "internal", "id": "xibCR6_3|CR6_3_net15"}, {"inst_type": "nmos", "ports": ["xibCR6_3|CR6_3_net15", "xibCR6_3|CR6_3_net15", "xibCR6_3|CR6_3_gnd!"], "edge_weight": [1, 2, 4], "values": 1, "sub_graph": null, "id": "xibCR6_3|CR6_3_MM5"}, {"inst_type": "pmos", "ports": ["single_ended_current_mirror_LG_pnmos_4_cr6_3_Biasp", "single_ended_current_mirror_LG_pnmos_4_cr6_3_Biasp", "xibCR6_3|CR6_3_vdd!"], "edge_weight": [1, 2, 4], "values": 1, "sub_graph": null, "id": "xibCR6_3|CR6_3_MM3"}, {"inst_type": "net", "net_type": "internal", "id": "xibCR6_3|CR6_3_vdd!"}, {"inst_type": "pmos", "ports": ["single_ended_current_mirror_LG_pnmos_4_cr6_3_Biasn2", "single_ended_current_mirror_LG_pnmos_4_cr6_3_Biasp", "xibCR6_3|CR6_3_vdd!"], "edge_weight": [1, 2, 4], "values": 1, "sub_graph": null, "id": "xibCR6_3|CR6_3_MM1"}, {"inst_type": "pmos", "ports": ["xibCR6_3|CR6_3_net15", "single_ended_current_mirror_LG_pnmos_4_cr6_3_Biasp", "xibCR6_3|CR6_3_vdd!"], "edge_weight": [1, 2, 4], "values": 1, "sub_graph": null, "id": "xibCR6_3|CR6_3_MM6"}], "links": [{"weight": 3, "source": "xiota|single_ended_current_mirror_MM8", "target": "xiota|single_ended_current_mirror_net9"}, {"weight": 4, "source": "xiota|single_ended_current_mirror_MM8", "target": "xiota|single_ended_current_mirror_gnd!"}, {"weight": 2, "source": "xiota|single_ended_current_mirror_net9", "target": "xiota|single_ended_current_mirror_MM7"}, {"weight": 1, "source": "xiota|single_ended_current_mirror_net9", "target": "xiota|single_ended_current_mirror_MM6"}, {"weight": 4, "source": "xiota|single_ended_current_mirror_gnd!", "target": "xiota|single_ended_current_mirror_MM7"}, {"weight": 4, "source": "xiota|single_ended_current_mirror_gnd!", "target": "xiota|single_ended_current_mirror_MM4"}, {"weight": 1, "source": "xiota|single_ended_current_mirror_MM7", "target": "single_ended_current_mirror_LG_pnmos_4_cr6_3_Voutn"}, {"weight": 1, "source": "single_ended_current_mirror_LG_pnmos_4_cr6_3_Voutn", "target": "xiota|single_ended_current_mirror_MM5"}, {"weight": 1, "source": "xiota|single_ended_current_mirror_MM3", "target": "xiota|single_ended_current_mirror_net20"}, {"weight": 2, "source": "xiota|single_ended_current_mirror_MM3", "target": "single_ended_current_mirror_LG_pnmos_4_cr6_3_Vinp"}, {"weight": 4, "source": "xiota|single_ended_current_mirror_MM3", "target": "xiota|single_ended_current_mirror_net16"}, {"weight": 2, "source": "xiota|single_ended_current_mirror_net20", "target": "xiota|single_ended_current_mirror_MM5"}, {"weight": 3, "source": "xiota|single_ended_current_mirror_net20", "target": "xiota|single_ended_current_mirror_MM1"}, {"weight": 4, "source": "xiota|single_ended_current_mirror_net16", "target": "xiota|single_ended_current_mirror_MM0"}, {"weight": 1, "source": "xiota|single_ended_current_mirror_net16", "target": "xiota|single_ended_current_mirror_MM4"}, {"weight": 1, "source": "xiota|single_ended_current_mirror_MM0", "target": "xiota|single_ended_current_mirror_net11"}, {"weight": 2, "source": "xiota|single_ended_current_mirror_MM0", "target": "single_ended_current_mirror_LG_pnmos_4_cr6_3_Vinn"}, {"weight": 2, "source": "xiota|single_ended_current_mirror_net11", "target": "xiota|single_ended_current_mirror_MM6"}, {"weight": 3, "source": "xiota|single_ended_current_mirror_net11", "target": "xiota|single_ended_current_mirror_MM2"}, {"weight": 2, "source": "xiota|single_ended_current_mirror_MM4", "target": "single_ended_current_mirror_LG_pnmos_4_cr6_3_LG_Vbiasn"}, {"weight": 3, "source": "single_ended_current_mirror_LG_pnmos_4_cr6_3_LG_Vbiasn", "target": "xiLG_pnmos_4|LG_pnmos_4_MM1"}, {"weight": 1, "source": "single_ended_current_mirror_LG_pnmos_4_cr6_3_LG_Vbiasn", "target": "xiLG_pnmos_4|LG_pnmos_4_MM2"}, {"weight": 4, "source": "xiota|single_ended_current_mirror_MM6", "target": "xiota|single_ended_current_mirror_vdd!"}, {"weight": 4, "source": "xiota|single_ended_current_mirror_vdd!", "target": "xiota|single_ended_current_mirror_MM5"}, {"weight": 4, "source": "xiota|single_ended_current_mirror_vdd!", "target": "xiota|single_ended_current_mirror_MM1"}, {"weight": 4, "source": "xiota|single_ended_current_mirror_vdd!", "target": "xiota|single_ended_current_mirror_MM2"}, {"weight": 4, "source": "xiLG_pnmos_4|LG_pnmos_4_MM1", "target": "xiLG_pnmos_4|LG_pnmos_4_gnd!"}, {"weight": 4, "source": "xiLG_pnmos_4|LG_pnmos_4_gnd!", "target": "xiLG_pnmos_4|LG_pnmos_4_MM0"}, {"weight": 4, "source": "xiLG_pnmos_4|LG_pnmos_4_gnd!", "target": "xiLG_pnmos_4|LG_pnmos_4_MM8"}, {"weight": 1, "source": "xiLG_pnmos_4|LG_pnmos_4_MM0", "target": "single_ended_current_mirror_LG_pnmos_4_cr6_3_LG_Vbiasp"}, {"weight": 2, "source": "xiLG_pnmos_4|LG_pnmos_4_MM0", "target": "xiLG_pnmos_4|LG_pnmos_4_net6"}, {"weight": 2, "source": "single_ended_current_mirror_LG_pnmos_4_cr6_3_LG_Vbiasp", "target": "xiLG_pnmos_4|LG_pnmos_4_MM2"}, {"weight": 3, "source": "single_ended_current_mirror_LG_pnmos_4_cr6_3_LG_Vbiasp", "target": "xiLG_pnmos_4|LG_pnmos_4_MM3"}, {"weight": 3, "source": "xiLG_pnmos_4|LG_pnmos_4_net6", "target": "xiLG_pnmos_4|LG_pnmos_4_MM8"}, {"weight": 1, "source": "xiLG_pnmos_4|LG_pnmos_4_net6", "target": "xiLG_pnmos_4|LG_pnmos_4_MM10"}, {"weight": 4, "source": "xiLG_pnmos_4|LG_pnmos_4_MM2", "target": "xiLG_pnmos_4|LG_pnmos_4_vdd!"}, {"weight": 4, "source": "xiLG_pnmos_4|LG_pnmos_4_vdd!", "target": "xiLG_pnmos_4|LG_pnmos_4_MM3"}, {"weight": 4, "source": "xiLG_pnmos_4|LG_pnmos_4_vdd!", "target": "xiLG_pnmos_4|LG_pnmos_4_MM10"}, {"weight": 2, "source": "xiLG_pnmos_4|LG_pnmos_4_MM10", "target": "single_ended_current_mirror_LG_pnmos_4_cr6_3_Biasp"}, {"weight": 1, "source": "single_ended_current_mirror_LG_pnmos_4_cr6_3_Biasp", "target": "xibCR6_3|CR6_3_MM2"}, {"weight": 3, "source": "single_ended_current_mirror_LG_pnmos_4_cr6_3_Biasp", "target": "xibCR6_3|CR6_3_MM3"}, {"weight": 2, "source": "single_ended_current_mirror_LG_pnmos_4_cr6_3_Biasp", "target": "xibCR6_3|CR6_3_MM1"}, {"weight": 2, "source": "single_ended_current_mirror_LG_pnmos_4_cr6_3_Biasp", "target": "xibCR6_3|CR6_3_MM6"}, {"weight": 2, "source": "xibCR6_3|CR6_3_MM2", "target": "single_ended_current_mirror_LG_pnmos_4_cr6_3_Biasn2"}, {"weight": 4, "source": "xibCR6_3|CR6_3_MM2", "target": "single_ended_current_mirror_LG_pnmos_4_cr6_3_Biasn1"}, {"weight": 1, "source": "single_ended_current_mirror_LG_pnmos_4_cr6_3_Biasn2", "target": "xibCR6_3|CR6_3_MM0"}, {"weight": 1, "source": "single_ended_current_mirror_LG_pnmos_4_cr6_3_Biasn2", "target": "xibCR6_3|CR6_3_MM1"}, {"weight": 2, "source": "single_ended_current_mirror_LG_pnmos_4_cr6_3_Biasn1", "target": "xibCR6_3|CR6_3_MM0"}, {"weight": 1, "source": "single_ended_current_mirror_LG_pnmos_4_cr6_3_Biasn1", "target": "xibCR6_3|CR6_3_MM4"}, {"weight": 4, "source": "xibCR6_3|CR6_3_MM0", "target": "xibCR6_3|CR6_3_gnd!"}, {"weight": 4, "source": "xibCR6_3|CR6_3_gnd!", "target": "xibCR6_3|CR6_3_MM4"}, {"weight": 4, "source": "xibCR6_3|CR6_3_gnd!", "target": "xibCR6_3|CR6_3_MM5"}, {"weight": 2, "source": "xibCR6_3|CR6_3_MM4", "target": "xibCR6_3|CR6_3_net15"}, {"weight": 3, "source": "xibCR6_3|CR6_3_net15", "target": "xibCR6_3|CR6_3_MM5"}, {"weight": 1, "source": "xibCR6_3|CR6_3_net15", "target": "xibCR6_3|CR6_3_MM6"}, {"weight": 4, "source": "xibCR6_3|CR6_3_MM3", "target": "xibCR6_3|CR6_3_vdd!"}, {"weight": 4, "source": "xibCR6_3|CR6_3_vdd!", "target": "xibCR6_3|CR6_3_MM1"}, {"weight": 4, "source": "xibCR6_3|CR6_3_vdd!", "target": "xibCR6_3|CR6_3_MM6"}]}