{"directed": false, "multigraph": false, "graph": {}, "nodes": [{"inst_type": "pmos", "ports": ["xiota|single_ended_cascode_current_mirror_pmos_net025", "xiota|single_ended_cascode_current_mirror_pmos_net012", "xiota|single_ended_cascode_current_mirror_pmos_vdd!"], "edge_weight": [1, 2, 4], "values": 1, "sub_graph": null, "id": "xiota|single_ended_cascode_current_mirror_pmos_MM14"}, {"inst_type": "net", "net_type": "internal", "id": "xiota|single_ended_cascode_current_mirror_pmos_net025"}, {"inst_type": "net", "net_type": "internal", "id": "xiota|single_ended_cascode_current_mirror_pmos_net012"}, {"inst_type": "net", "net_type": "internal", "id": "xiota|single_ended_cascode_current_mirror_pmos_vdd!"}, {"inst_type": "pmos", "ports": ["xiota|single_ended_cascode_current_mirror_pmos_net024", "xiota|single_ended_cascode_current_mirror_pmos_net012", "xiota|single_ended_cascode_current_mirror_pmos_vdd!"], "edge_weight": [1, 2, 4], "values": 1, "sub_graph": null, "id": "xiota|single_ended_cascode_current_mirror_pmos_MM13"}, {"inst_type": "net", "net_type": "internal", "id": "xiota|single_ended_cascode_current_mirror_pmos_net024"}, {"inst_type": "pmos", "ports": ["single_ended_cascode_current_mirror_pmos_LG_load_biasn_LV_cr15_1_Voutp", "single_ended_cascode_current_mirror_pmos_LG_load_biasn_LV_cr15_1_LG_Vbiasp2", "xiota|single_ended_cascode_current_mirror_pmos_net025"], "edge_weight": [1, 2, 4], "values": 1, "sub_graph": null, "id": "xiota|single_ended_cascode_current_mirror_pmos_MM3"}, {"inst_type": "net", "net_type": "internal", "id": "single_ended_cascode_current_mirror_pmos_LG_load_biasn_LV_cr15_1_Voutp"}, {"inst_type": "net", "net_type": "internal", "id": "single_ended_cascode_current_mirror_pmos_LG_load_biasn_LV_cr15_1_LG_Vbiasp2"}, {"inst_type": "pmos", "ports": ["xiota|single_ended_cascode_current_mirror_pmos_net012", "single_ended_cascode_current_mirror_pmos_LG_load_biasn_LV_cr15_1_LG_Vbiasp2", "xiota|single_ended_cascode_current_mirror_pmos_net024"], "edge_weight": [1, 2, 4], "values": 1, "sub_graph": null, "id": "xiota|single_ended_cascode_current_mirror_pmos_MM2"}, {"inst_type": "pmos", "ports": ["xiota|single_ended_cascode_current_mirror_pmos_net11", "single_ended_cascode_current_mirror_pmos_LG_load_biasn_LV_cr15_1_Vinn", "xiota|single_ended_cascode_current_mirror_pmos_net14"], "edge_weight": [1, 2, 4], "values": 1, "sub_graph": null, "id": "xiota|single_ended_cascode_current_mirror_pmos_MM7"}, {"inst_type": "net", "net_type": "internal", "id": "xiota|single_ended_cascode_current_mirror_pmos_net11"}, {"inst_type": "net", "net_type": "internal", "id": "single_ended_cascode_current_mirror_pmos_LG_load_biasn_LV_cr15_1_Vinn"}, {"inst_type": "net", "net_type": "internal", "id": "xiota|single_ended_cascode_current_mirror_pmos_net14"}, {"inst_type": "pmos", "ports": ["xiota|single_ended_cascode_current_mirror_pmos_net16", "single_ended_cascode_current_mirror_pmos_LG_load_biasn_LV_cr15_1_Vinp", "xiota|single_ended_cascode_current_mirror_pmos_net14"], "edge_weight": [1, 2, 4], "values": 1, "sub_graph": null, "id": "xiota|single_ended_cascode_current_mirror_pmos_MM6"}, {"inst_type": "net", "net_type": "internal", "id": "xiota|single_ended_cascode_current_mirror_pmos_net16"}, {"inst_type": "net", "net_type": "internal", "id": "single_ended_cascode_current_mirror_pmos_LG_load_biasn_LV_cr15_1_Vinp"}, {"inst_type": "pmos", "ports": ["xiota|single_ended_cascode_current_mirror_pmos_net14", "single_ended_cascode_current_mirror_pmos_LG_load_biasn_LV_cr15_1_LG_Vbiasp", "xiota|single_ended_cascode_current_mirror_pmos_vdd!"], "edge_weight": [1, 2, 4], "values": 1, "sub_graph": null, "id": "xiota|single_ended_cascode_current_mirror_pmos_MM5"}, {"inst_type": "net", "net_type": "internal", "id": "single_ended_cascode_current_mirror_pmos_LG_load_biasn_LV_cr15_1_LG_Vbiasp"}, {"inst_type": "nmos", "ports": ["xiota|single_ended_cascode_current_mirror_pmos_net29", "xiota|single_ended_cascode_current_mirror_pmos_net11", "xiota|single_ended_cascode_current_mirror_pmos_gnd!"], "edge_weight": [1, 2, 4], "values": 1, "sub_graph": null, "id": "xiota|single_ended_cascode_current_mirror_pmos_MM12"}, {"inst_type": "net", "net_type": "internal", "id": "xiota|single_ended_cascode_current_mirror_pmos_net29"}, {"inst_type": "net", "net_type": "internal", "id": "xiota|single_ended_cascode_current_mirror_pmos_gnd!"}, {"inst_type": "nmos", "ports": ["xiota|single_ended_cascode_current_mirror_pmos_net32", "xiota|single_ended_cascode_current_mirror_pmos_net16", "xiota|single_ended_cascode_current_mirror_pmos_gnd!"], "edge_weight": [1, 2, 4], "values": 1, "sub_graph": null, "id": "xiota|single_ended_cascode_current_mirror_pmos_MM11"}, {"inst_type": "net", "net_type": "internal", "id": "xiota|single_ended_cascode_current_mirror_pmos_net32"}, {"inst_type": "nmos", "ports": ["xiota|single_ended_cascode_current_mirror_pmos_net33", "xiota|single_ended_cascode_current_mirror_pmos_net11", "xiota|single_ended_cascode_current_mirror_pmos_gnd!"], "edge_weight": [1, 2, 4], "values": 1, "sub_graph": null, "id": "xiota|single_ended_cascode_current_mirror_pmos_MM10"}, {"inst_type": "net", "net_type": "internal", "id": "xiota|single_ended_cascode_current_mirror_pmos_net33"}, {"inst_type": "nmos", "ports": ["xiota|single_ended_cascode_current_mirror_pmos_net26", "xiota|single_ended_cascode_current_mirror_pmos_net16", "xiota|single_ended_cascode_current_mirror_pmos_gnd!"], "edge_weight": [1, 2, 4], "values": 1, "sub_graph": null, "id": "xiota|single_ended_cascode_current_mirror_pmos_MM4"}, {"inst_type": "net", "net_type": "internal", "id": "xiota|single_ended_cascode_current_mirror_pmos_net26"}, {"inst_type": "nmos", "ports": ["single_ended_cascode_current_mirror_pmos_LG_load_biasn_LV_cr15_1_Voutp", "single_ended_cascode_current_mirror_pmos_LG_load_biasn_LV_cr15_1_LG_Vbiasn2", "xiota|single_ended_cascode_current_mirror_pmos_net29"], "edge_weight": [1, 2, 4], "values": 1, "sub_graph": null, "id": "xiota|single_ended_cascode_current_mirror_pmos_MM1"}, {"inst_type": "net", "net_type": "internal", "id": "single_ended_cascode_current_mirror_pmos_LG_load_biasn_LV_cr15_1_LG_Vbiasn2"}, {"inst_type": "nmos", "ports": ["xiota|single_ended_cascode_current_mirror_pmos_net012", "single_ended_cascode_current_mirror_pmos_LG_load_biasn_LV_cr15_1_LG_Vbiasn2", "xiota|single_ended_cascode_current_mirror_pmos_net32"], "edge_weight": [1, 2, 4], "values": 1, "sub_graph": null, "id": "xiota|single_ended_cascode_current_mirror_pmos_MM0"}, {"inst_type": "nmos", "ports": ["xiota|single_ended_cascode_current_mirror_pmos_net11", "single_ended_cascode_current_mirror_pmos_LG_load_biasn_LV_cr15_1_LG_Vbiasn2", "xiota|single_ended_cascode_current_mirror_pmos_net33"], "edge_weight": [1, 2, 4], "values": 1, "sub_graph": null, "id": "xiota|single_ended_cascode_current_mirror_pmos_MM9"}, {"inst_type": "nmos", "ports": ["xiota|single_ended_cascode_current_mirror_pmos_net16", "single_ended_cascode_current_mirror_pmos_LG_load_biasn_LV_cr15_1_LG_Vbiasn2", "xiota|single_ended_cascode_current_mirror_pmos_net26"], "edge_weight": [1, 2, 4], "values": 1, "sub_graph": null, "id": "xiota|single_ended_cascode_current_mirror_pmos_MM8"}, {"inst_type": "nmos", "ports": ["xiLG_load_biasn_LV|LG_load_biasn_LV_net9", "single_ended_cascode_current_mirror_pmos_LG_load_biasn_LV_cr15_1_Biasp", "xiLG_load_biasn_LV|LG_load_biasn_LV_gnd!"], "edge_weight": [1, 2, 4], "values": 1, "sub_graph": null, "id": "xiLG_load_biasn_LV|LG_load_biasn_LV_MM13"}, {"inst_type": "net", "net_type": "internal", "id": "xiLG_load_biasn_LV|LG_load_biasn_LV_net9"}, {"inst_type": "net", "net_type": "internal", "id": "single_ended_cascode_current_mirror_pmos_LG_load_biasn_LV_cr15_1_Biasp"}, {"inst_type": "net", "net_type": "internal", "id": "xiLG_load_biasn_LV|LG_load_biasn_LV_gnd!"}, {"inst_type": "nmos", "ports": ["single_ended_cascode_current_mirror_pmos_LG_load_biasn_LV_cr15_1_Biasp", "single_ended_cascode_current_mirror_pmos_LG_load_biasn_LV_cr15_1_Biasp", "xiLG_load_biasn_LV|LG_load_biasn_LV_net9"], "edge_weight": [1, 2, 4], "values": 1, "sub_graph": null, "id": "xiLG_load_biasn_LV|LG_load_biasn_LV_MM15"}, {"inst_type": "pmos", "ports": ["single_ended_cascode_current_mirror_pmos_LG_load_biasn_LV_cr15_1_Biasp", "single_ended_cascode_current_mirror_pmos_LG_load_biasn_LV_cr15_1_LG_Vbiasn2", "xiLG_load_biasn_LV|LG_load_biasn_LV_vdd!"], "edge_weight": [1, 2, 4], "values": 1, "sub_graph": null, "id": "xiLG_load_biasn_LV|LG_load_biasn_LV_MM14"}, {"inst_type": "net", "net_type": "internal", "id": "xiLG_load_biasn_LV|LG_load_biasn_LV_vdd!"}, {"inst_type": "res", "ports": ["single_ended_cascode_current_mirror_pmos_LG_load_biasn_LV_cr15_1_Biasp", "xibCR15_1|CR15_1_gnd!"], "edge_weight": [8, 8], "values": 1, "sub_graph": null, "id": "xibCR15_1|CR15_1_RR1"}, {"inst_type": "net", "net_type": "internal", "id": "xibCR15_1|CR15_1_gnd!"}, {"inst_type": "pmos", "ports": ["single_ended_cascode_current_mirror_pmos_LG_load_biasn_LV_cr15_1_Biasp", "single_ended_cascode_current_mirror_pmos_LG_load_biasn_LV_cr15_1_Biasp", "xibCR15_1|CR15_1_vdd!"], "edge_weight": [1, 2, 4], "values": 1, "sub_graph": null, "id": "xibCR15_1|CR15_1_MM2"}, {"inst_type": "net", "net_type": "internal", "id": "xibCR15_1|CR15_1_vdd!"}], "links": [{"weight": 1, "source": "xiota|single_ended_cascode_current_mirror_pmos_MM14", "target": "xiota|single_ended_cascode_current_mirror_pmos_net025"}, {"weight": 2, "source": "xiota|single_ended_cascode_current_mirror_pmos_MM14", "target": "xiota|single_ended_cascode_current_mirror_pmos_net012"}, {"weight": 4, "source": "xiota|single_ended_cascode_current_mirror_pmos_MM14", "target": "xiota|single_ended_cascode_current_mirror_pmos_vdd!"}, {"weight": 4, "source": "xiota|single_ended_cascode_current_mirror_pmos_net025", "target": "xiota|single_ended_cascode_current_mirror_pmos_MM3"}, {"weight": 2, "source": "xiota|single_ended_cascode_current_mirror_pmos_net012", "target": "xiota|single_ended_cascode_current_mirror_pmos_MM13"}, {"weight": 1, "source": "xiota|single_ended_cascode_current_mirror_pmos_net012", "target": "xiota|single_ended_cascode_current_mirror_pmos_MM2"}, {"weight": 1, "source": "xiota|single_ended_cascode_current_mirror_pmos_net012", "target": "xiota|single_ended_cascode_current_mirror_pmos_MM0"}, {"weight": 4, "source": "xiota|single_ended_cascode_current_mirror_pmos_vdd!", "target": "xiota|single_ended_cascode_current_mirror_pmos_MM13"}, {"weight": 4, "source": "xiota|single_ended_cascode_current_mirror_pmos_vdd!", "target": "xiota|single_ended_cascode_current_mirror_pmos_MM5"}, {"weight": 1, "source": "xiota|single_ended_cascode_current_mirror_pmos_MM13", "target": "xiota|single_ended_cascode_current_mirror_pmos_net024"}, {"weight": 4, "source": "xiota|single_ended_cascode_current_mirror_pmos_net024", "target": "xiota|single_ended_cascode_current_mirror_pmos_MM2"}, {"weight": 1, "source": "xiota|single_ended_cascode_current_mirror_pmos_MM3", "target": "single_ended_cascode_current_mirror_pmos_LG_load_biasn_LV_cr15_1_Voutp"}, {"weight": 2, "source": "xiota|single_ended_cascode_current_mirror_pmos_MM3", "target": "single_ended_cascode_current_mirror_pmos_LG_load_biasn_LV_cr15_1_LG_Vbiasp2"}, {"weight": 1, "source": "single_ended_cascode_current_mirror_pmos_LG_load_biasn_LV_cr15_1_Voutp", "target": "xiota|single_ended_cascode_current_mirror_pmos_MM1"}, {"weight": 2, "source": "single_ended_cascode_current_mirror_pmos_LG_load_biasn_LV_cr15_1_LG_Vbiasp2", "target": "xiota|single_ended_cascode_current_mirror_pmos_MM2"}, {"weight": 1, "source": "xiota|single_ended_cascode_current_mirror_pmos_MM7", "target": "xiota|single_ended_cascode_current_mirror_pmos_net11"}, {"weight": 2, "source": "xiota|single_ended_cascode_current_mirror_pmos_MM7", "target": "single_ended_cascode_current_mirror_pmos_LG_load_biasn_LV_cr15_1_Vinn"}, {"weight": 4, "source": "xiota|single_ended_cascode_current_mirror_pmos_MM7", "target": "xiota|single_ended_cascode_current_mirror_pmos_net14"}, {"weight": 2, "source": "xiota|single_ended_cascode_current_mirror_pmos_net11", "target": "xiota|single_ended_cascode_current_mirror_pmos_MM12"}, {"weight": 2, "source": "xiota|single_ended_cascode_current_mirror_pmos_net11", "target": "xiota|single_ended_cascode_current_mirror_pmos_MM10"}, {"weight": 1, "source": "xiota|single_ended_cascode_current_mirror_pmos_net11", "target": "xiota|single_ended_cascode_current_mirror_pmos_MM9"}, {"weight": 4, "source": "xiota|single_ended_cascode_current_mirror_pmos_net14", "target": "xiota|single_ended_cascode_current_mirror_pmos_MM6"}, {"weight": 1, "source": "xiota|single_ended_cascode_current_mirror_pmos_net14", "target": "xiota|single_ended_cascode_current_mirror_pmos_MM5"}, {"weight": 1, "source": "xiota|single_ended_cascode_current_mirror_pmos_MM6", "target": "xiota|single_ended_cascode_current_mirror_pmos_net16"}, {"weight": 2, "source": "xiota|single_ended_cascode_current_mirror_pmos_MM6", "target": "single_ended_cascode_current_mirror_pmos_LG_load_biasn_LV_cr15_1_Vinp"}, {"weight": 2, "source": "xiota|single_ended_cascode_current_mirror_pmos_net16", "target": "xiota|single_ended_cascode_current_mirror_pmos_MM11"}, {"weight": 2, "source": "xiota|single_ended_cascode_current_mirror_pmos_net16", "target": "xiota|single_ended_cascode_current_mirror_pmos_MM4"}, {"weight": 1, "source": "xiota|single_ended_cascode_current_mirror_pmos_net16", "target": "xiota|single_ended_cascode_current_mirror_pmos_MM8"}, {"weight": 2, "source": "xiota|single_ended_cascode_current_mirror_pmos_MM5", "target": "single_ended_cascode_current_mirror_pmos_LG_load_biasn_LV_cr15_1_LG_Vbiasp"}, {"weight": 1, "source": "xiota|single_ended_cascode_current_mirror_pmos_MM12", "target": "xiota|single_ended_cascode_current_mirror_pmos_net29"}, {"weight": 4, "source": "xiota|single_ended_cascode_current_mirror_pmos_MM12", "target": "xiota|single_ended_cascode_current_mirror_pmos_gnd!"}, {"weight": 4, "source": "xiota|single_ended_cascode_current_mirror_pmos_net29", "target": "xiota|single_ended_cascode_current_mirror_pmos_MM1"}, {"weight": 4, "source": "xiota|single_ended_cascode_current_mirror_pmos_gnd!", "target": "xiota|single_ended_cascode_current_mirror_pmos_MM11"}, {"weight": 4, "source": "xiota|single_ended_cascode_current_mirror_pmos_gnd!", "target": "xiota|single_ended_cascode_current_mirror_pmos_MM10"}, {"weight": 4, "source": "xiota|single_ended_cascode_current_mirror_pmos_gnd!", "target": "xiota|single_ended_cascode_current_mirror_pmos_MM4"}, {"weight": 1, "source": "xiota|single_ended_cascode_current_mirror_pmos_MM11", "target": "xiota|single_ended_cascode_current_mirror_pmos_net32"}, {"weight": 4, "source": "xiota|single_ended_cascode_current_mirror_pmos_net32", "target": "xiota|single_ended_cascode_current_mirror_pmos_MM0"}, {"weight": 1, "source": "xiota|single_ended_cascode_current_mirror_pmos_MM10", "target": "xiota|single_ended_cascode_current_mirror_pmos_net33"}, {"weight": 4, "source": "xiota|single_ended_cascode_current_mirror_pmos_net33", "target": "xiota|single_ended_cascode_current_mirror_pmos_MM9"}, {"weight": 1, "source": "xiota|single_ended_cascode_current_mirror_pmos_MM4", "target": "xiota|single_ended_cascode_current_mirror_pmos_net26"}, {"weight": 4, "source": "xiota|single_ended_cascode_current_mirror_pmos_net26", "target": "xiota|single_ended_cascode_current_mirror_pmos_MM8"}, {"weight": 2, "source": "xiota|single_ended_cascode_current_mirror_pmos_MM1", "target": "single_ended_cascode_current_mirror_pmos_LG_load_biasn_LV_cr15_1_LG_Vbiasn2"}, {"weight": 2, "source": "single_ended_cascode_current_mirror_pmos_LG_load_biasn_LV_cr15_1_LG_Vbiasn2", "target": "xiota|single_ended_cascode_current_mirror_pmos_MM0"}, {"weight": 2, "source": "single_ended_cascode_current_mirror_pmos_LG_load_biasn_LV_cr15_1_LG_Vbiasn2", "target": "xiota|single_ended_cascode_current_mirror_pmos_MM9"}, {"weight": 2, "source": "single_ended_cascode_current_mirror_pmos_LG_load_biasn_LV_cr15_1_LG_Vbiasn2", "target": "xiota|single_ended_cascode_current_mirror_pmos_MM8"}, {"weight": 2, "source": "single_ended_cascode_current_mirror_pmos_LG_load_biasn_LV_cr15_1_LG_Vbiasn2", "target": "xiLG_load_biasn_LV|LG_load_biasn_LV_MM14"}, {"weight": 1, "source": "xiLG_load_biasn_LV|LG_load_biasn_LV_MM13", "target": "xiLG_load_biasn_LV|LG_load_biasn_LV_net9"}, {"weight": 2, "source": "xiLG_load_biasn_LV|LG_load_biasn_LV_MM13", "target": "single_ended_cascode_current_mirror_pmos_LG_load_biasn_LV_cr15_1_Biasp"}, {"weight": 4, "source": "xiLG_load_biasn_LV|LG_load_biasn_LV_MM13", "target": "xiLG_load_biasn_LV|LG_load_biasn_LV_gnd!"}, {"weight": 4, "source": "xiLG_load_biasn_LV|LG_load_biasn_LV_net9", "target": "xiLG_load_biasn_LV|LG_load_biasn_LV_MM15"}, {"weight": 3, "source": "single_ended_cascode_current_mirror_pmos_LG_load_biasn_LV_cr15_1_Biasp", "target": "xiLG_load_biasn_LV|LG_load_biasn_LV_MM15"}, {"weight": 1, "source": "single_ended_cascode_current_mirror_pmos_LG_load_biasn_LV_cr15_1_Biasp", "target": "xiLG_load_biasn_LV|LG_load_biasn_LV_MM14"}, {"weight": 8, "source": "single_ended_cascode_current_mirror_pmos_LG_load_biasn_LV_cr15_1_Biasp", "target": "xibCR15_1|CR15_1_RR1"}, {"weight": 3, "source": "single_ended_cascode_current_mirror_pmos_LG_load_biasn_LV_cr15_1_Biasp", "target": "xibCR15_1|CR15_1_MM2"}, {"weight": 4, "source": "xiLG_load_biasn_LV|LG_load_biasn_LV_MM14", "target": "xiLG_load_biasn_LV|LG_load_biasn_LV_vdd!"}, {"weight": 8, "source": "xibCR15_1|CR15_1_RR1", "target": "xibCR15_1|CR15_1_gnd!"}, {"weight": 4, "source": "xibCR15_1|CR15_1_MM2", "target": "xibCR15_1|CR15_1_vdd!"}]}