{"directed": false, "multigraph": false, "graph": {}, "nodes": [{"inst_type": "pmos", "ports": ["xiota|single_ended_cascode_current_mirror_net12", "single_ended_cascode_current_mirror_LG_load_biasn_LV_cr6_3_LG_Vbiasp2", "xiota|single_ended_cascode_current_mirror_net37"], "edge_weight": [1, 2, 4], "values": 1, "sub_graph": null, "id": "xiota|single_ended_cascode_current_mirror_MM12"}, {"inst_type": "net", "net_type": "internal", "id": "xiota|single_ended_cascode_current_mirror_net12"}, {"inst_type": "net", "net_type": "internal", "id": "single_ended_cascode_current_mirror_LG_load_biasn_LV_cr6_3_LG_Vbiasp2"}, {"inst_type": "net", "net_type": "internal", "id": "xiota|single_ended_cascode_current_mirror_net37"}, {"inst_type": "pmos", "ports": ["xiota|single_ended_cascode_current_mirror_net23", "single_ended_cascode_current_mirror_LG_load_biasn_LV_cr6_3_LG_Vbiasp2", "xiota|single_ended_cascode_current_mirror_net36"], "edge_weight": [1, 2, 4], "values": 1, "sub_graph": null, "id": "xiota|single_ended_cascode_current_mirror_MM11"}, {"inst_type": "net", "net_type": "internal", "id": "xiota|single_ended_cascode_current_mirror_net23"}, {"inst_type": "net", "net_type": "internal", "id": "xiota|single_ended_cascode_current_mirror_net36"}, {"inst_type": "pmos", "ports": ["xiota|single_ended_cascode_current_mirror_net10", "single_ended_cascode_current_mirror_LG_load_biasn_LV_cr6_3_LG_Vbiasp2", "xiota|single_ended_cascode_current_mirror_net35"], "edge_weight": [1, 2, 4], "values": 1, "sub_graph": null, "id": "xiota|single_ended_cascode_current_mirror_MM10"}, {"inst_type": "net", "net_type": "internal", "id": "xiota|single_ended_cascode_current_mirror_net10"}, {"inst_type": "net", "net_type": "internal", "id": "xiota|single_ended_cascode_current_mirror_net35"}, {"inst_type": "pmos", "ports": ["single_ended_cascode_current_mirror_LG_load_biasn_LV_cr6_3_Voutn", "single_ended_cascode_current_mirror_LG_load_biasn_LV_cr6_3_LG_Vbiasp2", "xiota|single_ended_cascode_current_mirror_net34"], "edge_weight": [1, 2, 4], "values": 1, "sub_graph": null, "id": "xiota|single_ended_cascode_current_mirror_MM9"}, {"inst_type": "net", "net_type": "internal", "id": "single_ended_cascode_current_mirror_LG_load_biasn_LV_cr6_3_Voutn"}, {"inst_type": "net", "net_type": "internal", "id": "xiota|single_ended_cascode_current_mirror_net34"}, {"inst_type": "pmos", "ports": ["xiota|single_ended_cascode_current_mirror_net37", "xiota|single_ended_cascode_current_mirror_net12", "xiota|single_ended_cascode_current_mirror_vdd!"], "edge_weight": [1, 2, 4], "values": 1, "sub_graph": null, "id": "xiota|single_ended_cascode_current_mirror_MM2"}, {"inst_type": "net", "net_type": "internal", "id": "xiota|single_ended_cascode_current_mirror_vdd!"}, {"inst_type": "pmos", "ports": ["xiota|single_ended_cascode_current_mirror_net36", "xiota|single_ended_cascode_current_mirror_net23", "xiota|single_ended_cascode_current_mirror_vdd!"], "edge_weight": [1, 2, 4], "values": 1, "sub_graph": null, "id": "xiota|single_ended_cascode_current_mirror_MM1"}, {"inst_type": "pmos", "ports": ["xiota|single_ended_cascode_current_mirror_net35", "xiota|single_ended_cascode_current_mirror_net12", "xiota|single_ended_cascode_current_mirror_vdd!"], "edge_weight": [1, 2, 4], "values": 1, "sub_graph": null, "id": "xiota|single_ended_cascode_current_mirror_MM6"}, {"inst_type": "pmos", "ports": ["xiota|single_ended_cascode_current_mirror_net34", "xiota|single_ended_cascode_current_mirror_net23", "xiota|single_ended_cascode_current_mirror_vdd!"], "edge_weight": [1, 2, 4], "values": 1, "sub_graph": null, "id": "xiota|single_ended_cascode_current_mirror_MM5"}, {"inst_type": "nmos", "ports": ["xiota|single_ended_cascode_current_mirror_net10", "single_ended_cascode_current_mirror_LG_load_biasn_LV_cr6_3_LG_Vbiasn2", "xiota|single_ended_cascode_current_mirror_net33"], "edge_weight": [1, 2, 4], "values": 1, "sub_graph": null, "id": "xiota|single_ended_cascode_current_mirror_MM14"}, {"inst_type": "net", "net_type": "internal", "id": "single_ended_cascode_current_mirror_LG_load_biasn_LV_cr6_3_LG_Vbiasn2"}, {"inst_type": "net", "net_type": "internal", "id": "xiota|single_ended_cascode_current_mirror_net33"}, {"inst_type": "nmos", "ports": ["single_ended_cascode_current_mirror_LG_load_biasn_LV_cr6_3_Voutn", "single_ended_cascode_current_mirror_LG_load_biasn_LV_cr6_3_LG_Vbiasn2", "xiota|single_ended_cascode_current_mirror_net31"], "edge_weight": [1, 2, 4], "values": 1, "sub_graph": null, "id": "xiota|single_ended_cascode_current_mirror_MM13"}, {"inst_type": "net", "net_type": "internal", "id": "xiota|single_ended_cascode_current_mirror_net31"}, {"inst_type": "nmos", "ports": ["xiota|single_ended_cascode_current_mirror_net23", "single_ended_cascode_current_mirror_LG_load_biasn_LV_cr6_3_Vinp", "xiota|single_ended_cascode_current_mirror_net17"], "edge_weight": [1, 2, 4], "values": 1, "sub_graph": null, "id": "xiota|single_ended_cascode_current_mirror_MM3"}, {"inst_type": "net", "net_type": "internal", "id": "single_ended_cascode_current_mirror_LG_load_biasn_LV_cr6_3_Vinp"}, {"inst_type": "net", "net_type": "internal", "id": "xiota|single_ended_cascode_current_mirror_net17"}, {"inst_type": "nmos", "ports": ["xiota|single_ended_cascode_current_mirror_net12", "single_ended_cascode_current_mirror_LG_load_biasn_LV_cr6_3_Vinn", "xiota|single_ended_cascode_current_mirror_net17"], "edge_weight": [1, 2, 4], "values": 1, "sub_graph": null, "id": "xiota|single_ended_cascode_current_mirror_MM0"}, {"inst_type": "net", "net_type": "internal", "id": "single_ended_cascode_current_mirror_LG_load_biasn_LV_cr6_3_Vinn"}, {"inst_type": "nmos", "ports": ["xiota|single_ended_cascode_current_mirror_net17", "single_ended_cascode_current_mirror_LG_load_biasn_LV_cr6_3_LG_Vbiasn", "xiota|single_ended_cascode_current_mirror_gnd!"], "edge_weight": [1, 2, 4], "values": 1, "sub_graph": null, "id": "xiota|single_ended_cascode_current_mirror_MM4"}, {"inst_type": "net", "net_type": "internal", "id": "single_ended_cascode_current_mirror_LG_load_biasn_LV_cr6_3_LG_Vbiasn"}, {"inst_type": "net", "net_type": "internal", "id": "xiota|single_ended_cascode_current_mirror_gnd!"}, {"inst_type": "nmos", "ports": ["xiota|single_ended_cascode_current_mirror_net33", "xiota|single_ended_cascode_current_mirror_net10", "xiota|single_ended_cascode_current_mirror_gnd!"], "edge_weight": [1, 2, 4], "values": 1, "sub_graph": null, "id": "xiota|single_ended_cascode_current_mirror_MM8"}, {"inst_type": "nmos", "ports": ["xiota|single_ended_cascode_current_mirror_net31", "xiota|single_ended_cascode_current_mirror_net10", "xiota|single_ended_cascode_current_mirror_gnd!"], "edge_weight": [1, 2, 4], "values": 1, "sub_graph": null, "id": "xiota|single_ended_cascode_current_mirror_MM7"}, {"inst_type": "nmos", "ports": ["xiLG_load_biasn_LV|LG_load_biasn_LV_net9", "single_ended_cascode_current_mirror_LG_load_biasn_LV_cr6_3_Biasp", "xiLG_load_biasn_LV|LG_load_biasn_LV_gnd!"], "edge_weight": [1, 2, 4], "values": 1, "sub_graph": null, "id": "xiLG_load_biasn_LV|LG_load_biasn_LV_MM13"}, {"inst_type": "net", "net_type": "internal", "id": "xiLG_load_biasn_LV|LG_load_biasn_LV_net9"}, {"inst_type": "net", "net_type": "internal", "id": "single_ended_cascode_current_mirror_LG_load_biasn_LV_cr6_3_Biasp"}, {"inst_type": "net", "net_type": "internal", "id": "xiLG_load_biasn_LV|LG_load_biasn_LV_gnd!"}, {"inst_type": "nmos", "ports": ["single_ended_cascode_current_mirror_LG_load_biasn_LV_cr6_3_Biasp", "single_ended_cascode_current_mirror_LG_load_biasn_LV_cr6_3_Biasp", "xiLG_load_biasn_LV|LG_load_biasn_LV_net9"], "edge_weight": [1, 2, 4], "values": 1, "sub_graph": null, "id": "xiLG_load_biasn_LV|LG_load_biasn_LV_MM15"}, {"inst_type": "pmos", "ports": ["single_ended_cascode_current_mirror_LG_load_biasn_LV_cr6_3_Biasp", "single_ended_cascode_current_mirror_LG_load_biasn_LV_cr6_3_LG_Vbiasn2", "xiLG_load_biasn_LV|LG_load_biasn_LV_vdd!"], "edge_weight": [1, 2, 4], "values": 1, "sub_graph": null, "id": "xiLG_load_biasn_LV|LG_load_biasn_LV_MM14"}, {"inst_type": "net", "net_type": "internal", "id": "xiLG_load_biasn_LV|LG_load_biasn_LV_vdd!"}, {"inst_type": "nmos", "ports": ["single_ended_cascode_current_mirror_LG_load_biasn_LV_cr6_3_Biasp", "single_ended_cascode_current_mirror_LG_load_biasn_LV_cr6_3_Biasn2", "single_ended_cascode_current_mirror_LG_load_biasn_LV_cr6_3_Biasn1"], "edge_weight": [1, 2, 4], "values": 1, "sub_graph": null, "id": "xibCR6_3|CR6_3_MM2"}, {"inst_type": "net", "net_type": "internal", "id": "single_ended_cascode_current_mirror_LG_load_biasn_LV_cr6_3_Biasn2"}, {"inst_type": "net", "net_type": "internal", "id": "single_ended_cascode_current_mirror_LG_load_biasn_LV_cr6_3_Biasn1"}, {"inst_type": "nmos", "ports": ["single_ended_cascode_current_mirror_LG_load_biasn_LV_cr6_3_Biasn2", "single_ended_cascode_current_mirror_LG_load_biasn_LV_cr6_3_Biasn1", "xibCR6_3|CR6_3_gnd!"], "edge_weight": [1, 2, 4], "values": 1, "sub_graph": null, "id": "xibCR6_3|CR6_3_MM0"}, {"inst_type": "net", "net_type": "internal", "id": "xibCR6_3|CR6_3_gnd!"}, {"inst_type": "nmos", "ports": ["single_ended_cascode_current_mirror_LG_load_biasn_LV_cr6_3_Biasn1", "xibCR6_3|CR6_3_net15", "xibCR6_3|CR6_3_gnd!"], "edge_weight": [1, 2, 4], "values": 1, "sub_graph": null, "id": "xibCR6_3|CR6_3_MM4"}, {"inst_type": "net", "net_type": "internal", "id": "xibCR6_3|CR6_3_net15"}, {"inst_type": "nmos", "ports": ["xibCR6_3|CR6_3_net15", "xibCR6_3|CR6_3_net15", "xibCR6_3|CR6_3_gnd!"], "edge_weight": [1, 2, 4], "values": 1, "sub_graph": null, "id": "xibCR6_3|CR6_3_MM5"}, {"inst_type": "pmos", "ports": ["single_ended_cascode_current_mirror_LG_load_biasn_LV_cr6_3_Biasp", "single_ended_cascode_current_mirror_LG_load_biasn_LV_cr6_3_Biasp", "xibCR6_3|CR6_3_vdd!"], "edge_weight": [1, 2, 4], "values": 1, "sub_graph": null, "id": "xibCR6_3|CR6_3_MM3"}, {"inst_type": "net", "net_type": "internal", "id": "xibCR6_3|CR6_3_vdd!"}, {"inst_type": "pmos", "ports": ["single_ended_cascode_current_mirror_LG_load_biasn_LV_cr6_3_Biasn2", "single_ended_cascode_current_mirror_LG_load_biasn_LV_cr6_3_Biasp", "xibCR6_3|CR6_3_vdd!"], "edge_weight": [1, 2, 4], "values": 1, "sub_graph": null, "id": "xibCR6_3|CR6_3_MM1"}, {"inst_type": "pmos", "ports": ["xibCR6_3|CR6_3_net15", "single_ended_cascode_current_mirror_LG_load_biasn_LV_cr6_3_Biasp", "xibCR6_3|CR6_3_vdd!"], "edge_weight": [1, 2, 4], "values": 1, "sub_graph": null, "id": "xibCR6_3|CR6_3_MM6"}], "links": [{"weight": 1, "source": "xiota|single_ended_cascode_current_mirror_MM12", "target": "xiota|single_ended_cascode_current_mirror_net12"}, {"weight": 2, "source": "xiota|single_ended_cascode_current_mirror_MM12", "target": "single_ended_cascode_current_mirror_LG_load_biasn_LV_cr6_3_LG_Vbiasp2"}, {"weight": 4, "source": "xiota|single_ended_cascode_current_mirror_MM12", "target": "xiota|single_ended_cascode_current_mirror_net37"}, {"weight": 2, "source": "xiota|single_ended_cascode_current_mirror_net12", "target": "xiota|single_ended_cascode_current_mirror_MM2"}, {"weight": 2, "source": "xiota|single_ended_cascode_current_mirror_net12", "target": "xiota|single_ended_cascode_current_mirror_MM6"}, {"weight": 1, "source": "xiota|single_ended_cascode_current_mirror_net12", "target": "xiota|single_ended_cascode_current_mirror_MM0"}, {"weight": 2, "source": "single_ended_cascode_current_mirror_LG_load_biasn_LV_cr6_3_LG_Vbiasp2", "target": "xiota|single_ended_cascode_current_mirror_MM11"}, {"weight": 2, "source": "single_ended_cascode_current_mirror_LG_load_biasn_LV_cr6_3_LG_Vbiasp2", "target": "xiota|single_ended_cascode_current_mirror_MM10"}, {"weight": 2, "source": "single_ended_cascode_current_mirror_LG_load_biasn_LV_cr6_3_LG_Vbiasp2", "target": "xiota|single_ended_cascode_current_mirror_MM9"}, {"weight": 1, "source": "xiota|single_ended_cascode_current_mirror_net37", "target": "xiota|single_ended_cascode_current_mirror_MM2"}, {"weight": 1, "source": "xiota|single_ended_cascode_current_mirror_MM11", "target": "xiota|single_ended_cascode_current_mirror_net23"}, {"weight": 4, "source": "xiota|single_ended_cascode_current_mirror_MM11", "target": "xiota|single_ended_cascode_current_mirror_net36"}, {"weight": 2, "source": "xiota|single_ended_cascode_current_mirror_net23", "target": "xiota|single_ended_cascode_current_mirror_MM1"}, {"weight": 2, "source": "xiota|single_ended_cascode_current_mirror_net23", "target": "xiota|single_ended_cascode_current_mirror_MM5"}, {"weight": 1, "source": "xiota|single_ended_cascode_current_mirror_net23", "target": "xiota|single_ended_cascode_current_mirror_MM3"}, {"weight": 1, "source": "xiota|single_ended_cascode_current_mirror_net36", "target": "xiota|single_ended_cascode_current_mirror_MM1"}, {"weight": 1, "source": "xiota|single_ended_cascode_current_mirror_MM10", "target": "xiota|single_ended_cascode_current_mirror_net10"}, {"weight": 4, "source": "xiota|single_ended_cascode_current_mirror_MM10", "target": "xiota|single_ended_cascode_current_mirror_net35"}, {"weight": 1, "source": "xiota|single_ended_cascode_current_mirror_net10", "target": "xiota|single_ended_cascode_current_mirror_MM14"}, {"weight": 2, "source": "xiota|single_ended_cascode_current_mirror_net10", "target": "xiota|single_ended_cascode_current_mirror_MM8"}, {"weight": 2, "source": "xiota|single_ended_cascode_current_mirror_net10", "target": "xiota|single_ended_cascode_current_mirror_MM7"}, {"weight": 1, "source": "xiota|single_ended_cascode_current_mirror_net35", "target": "xiota|single_ended_cascode_current_mirror_MM6"}, {"weight": 1, "source": "xiota|single_ended_cascode_current_mirror_MM9", "target": "single_ended_cascode_current_mirror_LG_load_biasn_LV_cr6_3_Voutn"}, {"weight": 4, "source": "xiota|single_ended_cascode_current_mirror_MM9", "target": "xiota|single_ended_cascode_current_mirror_net34"}, {"weight": 1, "source": "single_ended_cascode_current_mirror_LG_load_biasn_LV_cr6_3_Voutn", "target": "xiota|single_ended_cascode_current_mirror_MM13"}, {"weight": 1, "source": "xiota|single_ended_cascode_current_mirror_net34", "target": "xiota|single_ended_cascode_current_mirror_MM5"}, {"weight": 4, "source": "xiota|single_ended_cascode_current_mirror_MM2", "target": "xiota|single_ended_cascode_current_mirror_vdd!"}, {"weight": 4, "source": "xiota|single_ended_cascode_current_mirror_vdd!", "target": "xiota|single_ended_cascode_current_mirror_MM1"}, {"weight": 4, "source": "xiota|single_ended_cascode_current_mirror_vdd!", "target": "xiota|single_ended_cascode_current_mirror_MM6"}, {"weight": 4, "source": "xiota|single_ended_cascode_current_mirror_vdd!", "target": "xiota|single_ended_cascode_current_mirror_MM5"}, {"weight": 2, "source": "xiota|single_ended_cascode_current_mirror_MM14", "target": "single_ended_cascode_current_mirror_LG_load_biasn_LV_cr6_3_LG_Vbiasn2"}, {"weight": 4, "source": "xiota|single_ended_cascode_current_mirror_MM14", "target": "xiota|single_ended_cascode_current_mirror_net33"}, {"weight": 2, "source": "single_ended_cascode_current_mirror_LG_load_biasn_LV_cr6_3_LG_Vbiasn2", "target": "xiota|single_ended_cascode_current_mirror_MM13"}, {"weight": 2, "source": "single_ended_cascode_current_mirror_LG_load_biasn_LV_cr6_3_LG_Vbiasn2", "target": "xiLG_load_biasn_LV|LG_load_biasn_LV_MM14"}, {"weight": 1, "source": "xiota|single_ended_cascode_current_mirror_net33", "target": "xiota|single_ended_cascode_current_mirror_MM8"}, {"weight": 4, "source": "xiota|single_ended_cascode_current_mirror_MM13", "target": "xiota|single_ended_cascode_current_mirror_net31"}, {"weight": 1, "source": "xiota|single_ended_cascode_current_mirror_net31", "target": "xiota|single_ended_cascode_current_mirror_MM7"}, {"weight": 2, "source": "xiota|single_ended_cascode_current_mirror_MM3", "target": "single_ended_cascode_current_mirror_LG_load_biasn_LV_cr6_3_Vinp"}, {"weight": 4, "source": "xiota|single_ended_cascode_current_mirror_MM3", "target": "xiota|single_ended_cascode_current_mirror_net17"}, {"weight": 4, "source": "xiota|single_ended_cascode_current_mirror_net17", "target": "xiota|single_ended_cascode_current_mirror_MM0"}, {"weight": 1, "source": "xiota|single_ended_cascode_current_mirror_net17", "target": "xiota|single_ended_cascode_current_mirror_MM4"}, {"weight": 2, "source": "xiota|single_ended_cascode_current_mirror_MM0", "target": "single_ended_cascode_current_mirror_LG_load_biasn_LV_cr6_3_Vinn"}, {"weight": 2, "source": "xiota|single_ended_cascode_current_mirror_MM4", "target": "single_ended_cascode_current_mirror_LG_load_biasn_LV_cr6_3_LG_Vbiasn"}, {"weight": 4, "source": "xiota|single_ended_cascode_current_mirror_MM4", "target": "xiota|single_ended_cascode_current_mirror_gnd!"}, {"weight": 4, "source": "xiota|single_ended_cascode_current_mirror_gnd!", "target": "xiota|single_ended_cascode_current_mirror_MM8"}, {"weight": 4, "source": "xiota|single_ended_cascode_current_mirror_gnd!", "target": "xiota|single_ended_cascode_current_mirror_MM7"}, {"weight": 1, "source": "xiLG_load_biasn_LV|LG_load_biasn_LV_MM13", "target": "xiLG_load_biasn_LV|LG_load_biasn_LV_net9"}, {"weight": 2, "source": "xiLG_load_biasn_LV|LG_load_biasn_LV_MM13", "target": "single_ended_cascode_current_mirror_LG_load_biasn_LV_cr6_3_Biasp"}, {"weight": 4, "source": "xiLG_load_biasn_LV|LG_load_biasn_LV_MM13", "target": "xiLG_load_biasn_LV|LG_load_biasn_LV_gnd!"}, {"weight": 4, "source": "xiLG_load_biasn_LV|LG_load_biasn_LV_net9", "target": "xiLG_load_biasn_LV|LG_load_biasn_LV_MM15"}, {"weight": 3, "source": "single_ended_cascode_current_mirror_LG_load_biasn_LV_cr6_3_Biasp", "target": "xiLG_load_biasn_LV|LG_load_biasn_LV_MM15"}, {"weight": 1, "source": "single_ended_cascode_current_mirror_LG_load_biasn_LV_cr6_3_Biasp", "target": "xiLG_load_biasn_LV|LG_load_biasn_LV_MM14"}, {"weight": 1, "source": "single_ended_cascode_current_mirror_LG_load_biasn_LV_cr6_3_Biasp", "target": "xibCR6_3|CR6_3_MM2"}, {"weight": 3, "source": "single_ended_cascode_current_mirror_LG_load_biasn_LV_cr6_3_Biasp", "target": "xibCR6_3|CR6_3_MM3"}, {"weight": 2, "source": "single_ended_cascode_current_mirror_LG_load_biasn_LV_cr6_3_Biasp", "target": "xibCR6_3|CR6_3_MM1"}, {"weight": 2, "source": "single_ended_cascode_current_mirror_LG_load_biasn_LV_cr6_3_Biasp", "target": "xibCR6_3|CR6_3_MM6"}, {"weight": 4, "source": "xiLG_load_biasn_LV|LG_load_biasn_LV_MM14", "target": "xiLG_load_biasn_LV|LG_load_biasn_LV_vdd!"}, {"weight": 2, "source": "xibCR6_3|CR6_3_MM2", "target": "single_ended_cascode_current_mirror_LG_load_biasn_LV_cr6_3_Biasn2"}, {"weight": 4, "source": "xibCR6_3|CR6_3_MM2", "target": "single_ended_cascode_current_mirror_LG_load_biasn_LV_cr6_3_Biasn1"}, {"weight": 1, "source": "single_ended_cascode_current_mirror_LG_load_biasn_LV_cr6_3_Biasn2", "target": "xibCR6_3|CR6_3_MM0"}, {"weight": 1, "source": "single_ended_cascode_current_mirror_LG_load_biasn_LV_cr6_3_Biasn2", "target": "xibCR6_3|CR6_3_MM1"}, {"weight": 2, "source": "single_ended_cascode_current_mirror_LG_load_biasn_LV_cr6_3_Biasn1", "target": "xibCR6_3|CR6_3_MM0"}, {"weight": 1, "source": "single_ended_cascode_current_mirror_LG_load_biasn_LV_cr6_3_Biasn1", "target": "xibCR6_3|CR6_3_MM4"}, {"weight": 4, "source": "xibCR6_3|CR6_3_MM0", "target": "xibCR6_3|CR6_3_gnd!"}, {"weight": 4, "source": "xibCR6_3|CR6_3_gnd!", "target": "xibCR6_3|CR6_3_MM4"}, {"weight": 4, "source": "xibCR6_3|CR6_3_gnd!", "target": "xibCR6_3|CR6_3_MM5"}, {"weight": 2, "source": "xibCR6_3|CR6_3_MM4", "target": "xibCR6_3|CR6_3_net15"}, {"weight": 3, "source": "xibCR6_3|CR6_3_net15", "target": "xibCR6_3|CR6_3_MM5"}, {"weight": 1, "source": "xibCR6_3|CR6_3_net15", "target": "xibCR6_3|CR6_3_MM6"}, {"weight": 4, "source": "xibCR6_3|CR6_3_MM3", "target": "xibCR6_3|CR6_3_vdd!"}, {"weight": 4, "source": "xibCR6_3|CR6_3_vdd!", "target": "xibCR6_3|CR6_3_MM1"}, {"weight": 4, "source": "xibCR6_3|CR6_3_vdd!", "target": "xibCR6_3|CR6_3_MM6"}]}