{"directed": false, "multigraph": false, "graph": {}, "nodes": [{"inst_type": "pmos", "ports": ["single_ended_current_mirror_pmos_LG_nmos_l1_cr5_2_Voutp", "xiota|single_ended_current_mirror_pmos_net17", "xiota|single_ended_current_mirror_pmos_vdd!"], "edge_weight": [1, 2, 4], "values": 1, "sub_graph": null, "id": "xiota|single_ended_current_mirror_pmos_MM3"}, {"inst_type": "net", "net_type": "internal", "id": "single_ended_current_mirror_pmos_LG_nmos_l1_cr5_2_Voutp"}, {"inst_type": "net", "net_type": "internal", "id": "xiota|single_ended_current_mirror_pmos_net17"}, {"inst_type": "net", "net_type": "internal", "id": "xiota|single_ended_current_mirror_pmos_vdd!"}, {"inst_type": "pmos", "ports": ["xiota|single_ended_current_mirror_pmos_net17", "xiota|single_ended_current_mirror_pmos_net17", "xiota|single_ended_current_mirror_pmos_vdd!"], "edge_weight": [1, 2, 4], "values": 1, "sub_graph": null, "id": "xiota|single_ended_current_mirror_pmos_MM2"}, {"inst_type": "pmos", "ports": ["xiota|single_ended_current_mirror_pmos_net9", "single_ended_current_mirror_pmos_LG_nmos_l1_cr5_2_Vinn", "xiota|single_ended_current_mirror_pmos_net13"], "edge_weight": [1, 2, 4], "values": 1, "sub_graph": null, "id": "xiota|single_ended_current_mirror_pmos_MM7"}, {"inst_type": "net", "net_type": "internal", "id": "xiota|single_ended_current_mirror_pmos_net9"}, {"inst_type": "net", "net_type": "internal", "id": "single_ended_current_mirror_pmos_LG_nmos_l1_cr5_2_Vinn"}, {"inst_type": "net", "net_type": "internal", "id": "xiota|single_ended_current_mirror_pmos_net13"}, {"inst_type": "pmos", "ports": ["xiota|single_ended_current_mirror_pmos_net15", "single_ended_current_mirror_pmos_LG_nmos_l1_cr5_2_Vinp", "xiota|single_ended_current_mirror_pmos_net13"], "edge_weight": [1, 2, 4], "values": 1, "sub_graph": null, "id": "xiota|single_ended_current_mirror_pmos_MM6"}, {"inst_type": "net", "net_type": "internal", "id": "xiota|single_ended_current_mirror_pmos_net15"}, {"inst_type": "net", "net_type": "internal", "id": "single_ended_current_mirror_pmos_LG_nmos_l1_cr5_2_Vinp"}, {"inst_type": "pmos", "ports": ["xiota|single_ended_current_mirror_pmos_net13", "single_ended_current_mirror_pmos_LG_nmos_l1_cr5_2_LG_Vbiasp", "xiota|single_ended_current_mirror_pmos_vdd!"], "edge_weight": [1, 2, 4], "values": 1, "sub_graph": null, "id": "xiota|single_ended_current_mirror_pmos_MM5"}, {"inst_type": "net", "net_type": "internal", "id": "single_ended_current_mirror_pmos_LG_nmos_l1_cr5_2_LG_Vbiasp"}, {"inst_type": "nmos", "ports": ["single_ended_current_mirror_pmos_LG_nmos_l1_cr5_2_Voutp", "xiota|single_ended_current_mirror_pmos_net9", "xiota|single_ended_current_mirror_pmos_gnd!"], "edge_weight": [1, 2, 4], "values": 1, "sub_graph": null, "id": "xiota|single_ended_current_mirror_pmos_MM1"}, {"inst_type": "net", "net_type": "internal", "id": "xiota|single_ended_current_mirror_pmos_gnd!"}, {"inst_type": "nmos", "ports": ["xiota|single_ended_current_mirror_pmos_net17", "xiota|single_ended_current_mirror_pmos_net15", "xiota|single_ended_current_mirror_pmos_gnd!"], "edge_weight": [1, 2, 4], "values": 1, "sub_graph": null, "id": "xiota|single_ended_current_mirror_pmos_MM0"}, {"inst_type": "nmos", "ports": ["xiota|single_ended_current_mirror_pmos_net9", "xiota|single_ended_current_mirror_pmos_net9", "xiota|single_ended_current_mirror_pmos_gnd!"], "edge_weight": [1, 2, 4], "values": 1, "sub_graph": null, "id": "xiota|single_ended_current_mirror_pmos_MM9"}, {"inst_type": "nmos", "ports": ["xiota|single_ended_current_mirror_pmos_net15", "xiota|single_ended_current_mirror_pmos_net15", "xiota|single_ended_current_mirror_pmos_gnd!"], "edge_weight": [1, 2, 4], "values": 1, "sub_graph": null, "id": "xiota|single_ended_current_mirror_pmos_MM8"}, {"inst_type": "nmos", "ports": ["single_ended_current_mirror_pmos_LG_nmos_l1_cr5_2_LG_Vbiasn", "single_ended_current_mirror_pmos_LG_nmos_l1_cr5_2_LG_Vbiasn", "xiLG_nmos_l1|LG_nmos_l1_gnd!"], "edge_weight": [1, 2, 4], "values": 1, "sub_graph": null, "id": "xiLG_nmos_l1|LG_nmos_l1_MM2"}, {"inst_type": "net", "net_type": "internal", "id": "single_ended_current_mirror_pmos_LG_nmos_l1_cr5_2_LG_Vbiasn"}, {"inst_type": "net", "net_type": "internal", "id": "xiLG_nmos_l1|LG_nmos_l1_gnd!"}, {"inst_type": "nmos", "ports": ["single_ended_current_mirror_pmos_LG_nmos_l1_cr5_2_LG_Vbiasp", "single_ended_current_mirror_pmos_LG_nmos_l1_cr5_2_Biasn", "xiLG_nmos_l1|LG_nmos_l1_gnd!"], "edge_weight": [1, 2, 4], "values": 1, "sub_graph": null, "id": "xiLG_nmos_l1|LG_nmos_l1_MM10"}, {"inst_type": "net", "net_type": "internal", "id": "single_ended_current_mirror_pmos_LG_nmos_l1_cr5_2_Biasn"}, {"inst_type": "pmos", "ports": ["single_ended_current_mirror_pmos_LG_nmos_l1_cr5_2_LG_Vbiasn", "single_ended_current_mirror_pmos_LG_nmos_l1_cr5_2_LG_Vbiasp", "xiLG_nmos_l1|LG_nmos_l1_vdd!"], "edge_weight": [1, 2, 4], "values": 1, "sub_graph": null, "id": "xiLG_nmos_l1|LG_nmos_l1_MM1"}, {"inst_type": "net", "net_type": "internal", "id": "xiLG_nmos_l1|LG_nmos_l1_vdd!"}, {"inst_type": "pmos", "ports": ["single_ended_current_mirror_pmos_LG_nmos_l1_cr5_2_LG_Vbiasp", "single_ended_current_mirror_pmos_LG_nmos_l1_cr5_2_LG_Vbiasp", "xiLG_nmos_l1|LG_nmos_l1_vdd!"], "edge_weight": [1, 2, 4], "values": 1, "sub_graph": null, "id": "xiLG_nmos_l1|LG_nmos_l1_MM0"}, {"inst_type": "nmos", "ports": ["xibCR5_2|CR5_2_net014", "xibCR5_2|CR5_2_net014", "xibCR5_2|CR5_2_gnd!"], "edge_weight": [1, 2, 4], "values": 1, "sub_graph": null, "id": "xibCR5_2|CR5_2_MM5"}, {"inst_type": "net", "net_type": "internal", "id": "xibCR5_2|CR5_2_net014"}, {"inst_type": "net", "net_type": "internal", "id": "xibCR5_2|CR5_2_gnd!"}, {"inst_type": "nmos", "ports": ["xibCR5_2|CR5_2_net15", "xibCR5_2|CR5_2_net014", "xibCR5_2|CR5_2_gnd!"], "edge_weight": [1, 2, 4], "values": 1, "sub_graph": null, "id": "xibCR5_2|CR5_2_MM4"}, {"inst_type": "net", "net_type": "internal", "id": "xibCR5_2|CR5_2_net15"}, {"inst_type": "nmos", "ports": ["single_ended_current_mirror_pmos_LG_nmos_l1_cr5_2_Vbiasp", "single_ended_current_mirror_pmos_LG_nmos_l1_cr5_2_Biasn", "xibCR5_2|CR5_2_net15"], "edge_weight": [1, 2, 4], "values": 1, "sub_graph": null, "id": "xibCR5_2|CR5_2_MM2"}, {"inst_type": "net", "net_type": "internal", "id": "single_ended_current_mirror_pmos_LG_nmos_l1_cr5_2_Vbiasp"}, {"inst_type": "nmos", "ports": ["single_ended_current_mirror_pmos_LG_nmos_l1_cr5_2_Biasn", "single_ended_current_mirror_pmos_LG_nmos_l1_cr5_2_Biasn", "xibCR5_2|CR5_2_gnd!"], "edge_weight": [1, 2, 4], "values": 1, "sub_graph": null, "id": "xibCR5_2|CR5_2_MM0"}, {"inst_type": "pmos", "ports": ["xibCR5_2|CR5_2_net014", "single_ended_current_mirror_pmos_LG_nmos_l1_cr5_2_Vbiasp", "xibCR5_2|CR5_2_vdd!"], "edge_weight": [1, 2, 4], "values": 1, "sub_graph": null, "id": "xibCR5_2|CR5_2_MM6"}, {"inst_type": "net", "net_type": "internal", "id": "xibCR5_2|CR5_2_vdd!"}, {"inst_type": "pmos", "ports": ["single_ended_current_mirror_pmos_LG_nmos_l1_cr5_2_Vbiasp", "single_ended_current_mirror_pmos_LG_nmos_l1_cr5_2_Vbiasp", "xibCR5_2|CR5_2_vdd!"], "edge_weight": [1, 2, 4], "values": 1, "sub_graph": null, "id": "xibCR5_2|CR5_2_MM3"}, {"inst_type": "pmos", "ports": ["single_ended_current_mirror_pmos_LG_nmos_l1_cr5_2_Biasn", "single_ended_current_mirror_pmos_LG_nmos_l1_cr5_2_Vbiasp", "xibCR5_2|CR5_2_vdd!"], "edge_weight": [1, 2, 4], "values": 1, "sub_graph": null, "id": "xibCR5_2|CR5_2_MM1"}], "links": [{"weight": 1, "source": "xiota|single_ended_current_mirror_pmos_MM3", "target": "single_ended_current_mirror_pmos_LG_nmos_l1_cr5_2_Voutp"}, {"weight": 2, "source": "xiota|single_ended_current_mirror_pmos_MM3", "target": "xiota|single_ended_current_mirror_pmos_net17"}, {"weight": 4, "source": "xiota|single_ended_current_mirror_pmos_MM3", "target": "xiota|single_ended_current_mirror_pmos_vdd!"}, {"weight": 1, "source": "single_ended_current_mirror_pmos_LG_nmos_l1_cr5_2_Voutp", "target": "xiota|single_ended_current_mirror_pmos_MM1"}, {"weight": 3, "source": "xiota|single_ended_current_mirror_pmos_net17", "target": "xiota|single_ended_current_mirror_pmos_MM2"}, {"weight": 1, "source": "xiota|single_ended_current_mirror_pmos_net17", "target": "xiota|single_ended_current_mirror_pmos_MM0"}, {"weight": 4, "source": "xiota|single_ended_current_mirror_pmos_vdd!", "target": "xiota|single_ended_current_mirror_pmos_MM2"}, {"weight": 4, "source": "xiota|single_ended_current_mirror_pmos_vdd!", "target": "xiota|single_ended_current_mirror_pmos_MM5"}, {"weight": 1, "source": "xiota|single_ended_current_mirror_pmos_MM7", "target": "xiota|single_ended_current_mirror_pmos_net9"}, {"weight": 2, "source": "xiota|single_ended_current_mirror_pmos_MM7", "target": "single_ended_current_mirror_pmos_LG_nmos_l1_cr5_2_Vinn"}, {"weight": 4, "source": "xiota|single_ended_current_mirror_pmos_MM7", "target": "xiota|single_ended_current_mirror_pmos_net13"}, {"weight": 2, "source": "xiota|single_ended_current_mirror_pmos_net9", "target": "xiota|single_ended_current_mirror_pmos_MM1"}, {"weight": 3, "source": "xiota|single_ended_current_mirror_pmos_net9", "target": "xiota|single_ended_current_mirror_pmos_MM9"}, {"weight": 4, "source": "xiota|single_ended_current_mirror_pmos_net13", "target": "xiota|single_ended_current_mirror_pmos_MM6"}, {"weight": 1, "source": "xiota|single_ended_current_mirror_pmos_net13", "target": "xiota|single_ended_current_mirror_pmos_MM5"}, {"weight": 1, "source": "xiota|single_ended_current_mirror_pmos_MM6", "target": "xiota|single_ended_current_mirror_pmos_net15"}, {"weight": 2, "source": "xiota|single_ended_current_mirror_pmos_MM6", "target": "single_ended_current_mirror_pmos_LG_nmos_l1_cr5_2_Vinp"}, {"weight": 2, "source": "xiota|single_ended_current_mirror_pmos_net15", "target": "xiota|single_ended_current_mirror_pmos_MM0"}, {"weight": 3, "source": "xiota|single_ended_current_mirror_pmos_net15", "target": "xiota|single_ended_current_mirror_pmos_MM8"}, {"weight": 2, "source": "xiota|single_ended_current_mirror_pmos_MM5", "target": "single_ended_current_mirror_pmos_LG_nmos_l1_cr5_2_LG_Vbiasp"}, {"weight": 1, "source": "single_ended_current_mirror_pmos_LG_nmos_l1_cr5_2_LG_Vbiasp", "target": "xiLG_nmos_l1|LG_nmos_l1_MM10"}, {"weight": 2, "source": "single_ended_current_mirror_pmos_LG_nmos_l1_cr5_2_LG_Vbiasp", "target": "xiLG_nmos_l1|LG_nmos_l1_MM1"}, {"weight": 3, "source": "single_ended_current_mirror_pmos_LG_nmos_l1_cr5_2_LG_Vbiasp", "target": "xiLG_nmos_l1|LG_nmos_l1_MM0"}, {"weight": 4, "source": "xiota|single_ended_current_mirror_pmos_MM1", "target": "xiota|single_ended_current_mirror_pmos_gnd!"}, {"weight": 4, "source": "xiota|single_ended_current_mirror_pmos_gnd!", "target": "xiota|single_ended_current_mirror_pmos_MM0"}, {"weight": 4, "source": "xiota|single_ended_current_mirror_pmos_gnd!", "target": "xiota|single_ended_current_mirror_pmos_MM9"}, {"weight": 4, "source": "xiota|single_ended_current_mirror_pmos_gnd!", "target": "xiota|single_ended_current_mirror_pmos_MM8"}, {"weight": 3, "source": "xiLG_nmos_l1|LG_nmos_l1_MM2", "target": "single_ended_current_mirror_pmos_LG_nmos_l1_cr5_2_LG_Vbiasn"}, {"weight": 4, "source": "xiLG_nmos_l1|LG_nmos_l1_MM2", "target": "xiLG_nmos_l1|LG_nmos_l1_gnd!"}, {"weight": 1, "source": "single_ended_current_mirror_pmos_LG_nmos_l1_cr5_2_LG_Vbiasn", "target": "xiLG_nmos_l1|LG_nmos_l1_MM1"}, {"weight": 4, "source": "xiLG_nmos_l1|LG_nmos_l1_gnd!", "target": "xiLG_nmos_l1|LG_nmos_l1_MM10"}, {"weight": 2, "source": "xiLG_nmos_l1|LG_nmos_l1_MM10", "target": "single_ended_current_mirror_pmos_LG_nmos_l1_cr5_2_Biasn"}, {"weight": 2, "source": "single_ended_current_mirror_pmos_LG_nmos_l1_cr5_2_Biasn", "target": "xibCR5_2|CR5_2_MM2"}, {"weight": 3, "source": "single_ended_current_mirror_pmos_LG_nmos_l1_cr5_2_Biasn", "target": "xibCR5_2|CR5_2_MM0"}, {"weight": 1, "source": "single_ended_current_mirror_pmos_LG_nmos_l1_cr5_2_Biasn", "target": "xibCR5_2|CR5_2_MM1"}, {"weight": 4, "source": "xiLG_nmos_l1|LG_nmos_l1_MM1", "target": "xiLG_nmos_l1|LG_nmos_l1_vdd!"}, {"weight": 4, "source": "xiLG_nmos_l1|LG_nmos_l1_vdd!", "target": "xiLG_nmos_l1|LG_nmos_l1_MM0"}, {"weight": 3, "source": "xibCR5_2|CR5_2_MM5", "target": "xibCR5_2|CR5_2_net014"}, {"weight": 4, "source": "xibCR5_2|CR5_2_MM5", "target": "xibCR5_2|CR5_2_gnd!"}, {"weight": 2, "source": "xibCR5_2|CR5_2_net014", "target": "xibCR5_2|CR5_2_MM4"}, {"weight": 1, "source": "xibCR5_2|CR5_2_net014", "target": "xibCR5_2|CR5_2_MM6"}, {"weight": 4, "source": "xibCR5_2|CR5_2_gnd!", "target": "xibCR5_2|CR5_2_MM4"}, {"weight": 4, "source": "xibCR5_2|CR5_2_gnd!", "target": "xibCR5_2|CR5_2_MM0"}, {"weight": 1, "source": "xibCR5_2|CR5_2_MM4", "target": "xibCR5_2|CR5_2_net15"}, {"weight": 4, "source": "xibCR5_2|CR5_2_net15", "target": "xibCR5_2|CR5_2_MM2"}, {"weight": 1, "source": "xibCR5_2|CR5_2_MM2", "target": "single_ended_current_mirror_pmos_LG_nmos_l1_cr5_2_Vbiasp"}, {"weight": 2, "source": "single_ended_current_mirror_pmos_LG_nmos_l1_cr5_2_Vbiasp", "target": "xibCR5_2|CR5_2_MM6"}, {"weight": 3, "source": "single_ended_current_mirror_pmos_LG_nmos_l1_cr5_2_Vbiasp", "target": "xibCR5_2|CR5_2_MM3"}, {"weight": 2, "source": "single_ended_current_mirror_pmos_LG_nmos_l1_cr5_2_Vbiasp", "target": "xibCR5_2|CR5_2_MM1"}, {"weight": 4, "source": "xibCR5_2|CR5_2_MM6", "target": "xibCR5_2|CR5_2_vdd!"}, {"weight": 4, "source": "xibCR5_2|CR5_2_vdd!", "target": "xibCR5_2|CR5_2_MM3"}, {"weight": 4, "source": "xibCR5_2|CR5_2_vdd!", "target": "xibCR5_2|CR5_2_MM1"}]}