{"directed": false, "multigraph": false, "graph": {}, "nodes": [{"inst_type": "nmos", "ports": ["xiota|single_ended_current_mirror_net9", "xiota|single_ended_current_mirror_net9", "xiota|single_ended_current_mirror_gnd!"], "edge_weight": [1, 2, 4], "values": 1, "sub_graph": null, "id": "xiota|single_ended_current_mirror_MM8"}, {"inst_type": "net", "net_type": "internal", "id": "xiota|single_ended_current_mirror_net9"}, {"inst_type": "net", "net_type": "internal", "id": "xiota|single_ended_current_mirror_gnd!"}, {"inst_type": "nmos", "ports": ["single_ended_current_mirror_LG_npmos_cr13_2_Voutn", "xiota|single_ended_current_mirror_net9", "xiota|single_ended_current_mirror_gnd!"], "edge_weight": [1, 2, 4], "values": 1, "sub_graph": null, "id": "xiota|single_ended_current_mirror_MM7"}, {"inst_type": "net", "net_type": "internal", "id": "single_ended_current_mirror_LG_npmos_cr13_2_Voutn"}, {"inst_type": "nmos", "ports": ["xiota|single_ended_current_mirror_net20", "single_ended_current_mirror_LG_npmos_cr13_2_Vinp", "xiota|single_ended_current_mirror_net16"], "edge_weight": [1, 2, 4], "values": 1, "sub_graph": null, "id": "xiota|single_ended_current_mirror_MM3"}, {"inst_type": "net", "net_type": "internal", "id": "xiota|single_ended_current_mirror_net20"}, {"inst_type": "net", "net_type": "internal", "id": "single_ended_current_mirror_LG_npmos_cr13_2_Vinp"}, {"inst_type": "net", "net_type": "internal", "id": "xiota|single_ended_current_mirror_net16"}, {"inst_type": "nmos", "ports": ["xiota|single_ended_current_mirror_net11", "single_ended_current_mirror_LG_npmos_cr13_2_Vinn", "xiota|single_ended_current_mirror_net16"], "edge_weight": [1, 2, 4], "values": 1, "sub_graph": null, "id": "xiota|single_ended_current_mirror_MM0"}, {"inst_type": "net", "net_type": "internal", "id": "xiota|single_ended_current_mirror_net11"}, {"inst_type": "net", "net_type": "internal", "id": "single_ended_current_mirror_LG_npmos_cr13_2_Vinn"}, {"inst_type": "nmos", "ports": ["xiota|single_ended_current_mirror_net16", "single_ended_current_mirror_LG_npmos_cr13_2_LG_Vbiasn", "xiota|single_ended_current_mirror_gnd!"], "edge_weight": [1, 2, 4], "values": 1, "sub_graph": null, "id": "xiota|single_ended_current_mirror_MM4"}, {"inst_type": "net", "net_type": "internal", "id": "single_ended_current_mirror_LG_npmos_cr13_2_LG_Vbiasn"}, {"inst_type": "pmos", "ports": ["xiota|single_ended_current_mirror_net9", "xiota|single_ended_current_mirror_net11", "xiota|single_ended_current_mirror_vdd!"], "edge_weight": [1, 2, 4], "values": 1, "sub_graph": null, "id": "xiota|single_ended_current_mirror_MM6"}, {"inst_type": "net", "net_type": "internal", "id": "xiota|single_ended_current_mirror_vdd!"}, {"inst_type": "pmos", "ports": ["single_ended_current_mirror_LG_npmos_cr13_2_Voutn", "xiota|single_ended_current_mirror_net20", "xiota|single_ended_current_mirror_vdd!"], "edge_weight": [1, 2, 4], "values": 1, "sub_graph": null, "id": "xiota|single_ended_current_mirror_MM5"}, {"inst_type": "pmos", "ports": ["xiota|single_ended_current_mirror_net20", "xiota|single_ended_current_mirror_net20", "xiota|single_ended_current_mirror_vdd!"], "edge_weight": [1, 2, 4], "values": 1, "sub_graph": null, "id": "xiota|single_ended_current_mirror_MM1"}, {"inst_type": "pmos", "ports": ["xiota|single_ended_current_mirror_net11", "xiota|single_ended_current_mirror_net11", "xiota|single_ended_current_mirror_vdd!"], "edge_weight": [1, 2, 4], "values": 1, "sub_graph": null, "id": "xiota|single_ended_current_mirror_MM2"}, {"inst_type": "nmos", "ports": ["single_ended_current_mirror_LG_npmos_cr13_2_LG_Vbiasp", "single_ended_current_mirror_LG_npmos_cr13_2_LG_Vbiasn", "xiLG_npmos|LG_npmos_gnd!"], "edge_weight": [1, 2, 4], "values": 1, "sub_graph": null, "id": "xiLG_npmos|LG_npmos_MM4"}, {"inst_type": "net", "net_type": "internal", "id": "single_ended_current_mirror_LG_npmos_cr13_2_LG_Vbiasp"}, {"inst_type": "net", "net_type": "internal", "id": "xiLG_npmos|LG_npmos_gnd!"}, {"inst_type": "nmos", "ports": ["single_ended_current_mirror_LG_npmos_cr13_2_LG_Vbiasn", "single_ended_current_mirror_LG_npmos_cr13_2_LG_Vbiasn", "xiLG_npmos|LG_npmos_gnd!"], "edge_weight": [1, 2, 4], "values": 1, "sub_graph": null, "id": "xiLG_npmos|LG_npmos_MM2"}, {"inst_type": "nmos", "ports": ["xiLG_npmos|LG_npmos_neta", "single_ended_current_mirror_LG_npmos_cr13_2_Biasn", "xiLG_npmos|LG_npmos_gnd!"], "edge_weight": [1, 2, 4], "values": 1, "sub_graph": null, "id": "xiLG_npmos|LG_npmos_MM10"}, {"inst_type": "net", "net_type": "internal", "id": "xiLG_npmos|LG_npmos_neta"}, {"inst_type": "net", "net_type": "internal", "id": "single_ended_current_mirror_LG_npmos_cr13_2_Biasn"}, {"inst_type": "pmos", "ports": ["single_ended_current_mirror_LG_npmos_cr13_2_LG_Vbiasp", "single_ended_current_mirror_LG_npmos_cr13_2_LG_Vbiasp", "xiLG_npmos|LG_npmos_vdd!"], "edge_weight": [1, 2, 4], "values": 1, "sub_graph": null, "id": "xiLG_npmos|LG_npmos_MM3"}, {"inst_type": "net", "net_type": "internal", "id": "xiLG_npmos|LG_npmos_vdd!"}, {"inst_type": "pmos", "ports": ["single_ended_current_mirror_LG_npmos_cr13_2_LG_Vbiasn", "xiLG_npmos|LG_npmos_neta", "xiLG_npmos|LG_npmos_vdd!"], "edge_weight": [1, 2, 4], "values": 1, "sub_graph": null, "id": "xiLG_npmos|LG_npmos_MM1"}, {"inst_type": "pmos", "ports": ["xiLG_npmos|LG_npmos_neta", "xiLG_npmos|LG_npmos_neta", "xiLG_npmos|LG_npmos_vdd!"], "edge_weight": [1, 2, 4], "values": 1, "sub_graph": null, "id": "xiLG_npmos|LG_npmos_MM0"}, {"inst_type": "nmos", "ports": ["single_ended_current_mirror_LG_npmos_cr13_2_Vbiasp", "single_ended_current_mirror_LG_npmos_cr13_2_Biasn", "xibCR13_2|CR13_2_gnd!"], "edge_weight": [1, 2, 4], "values": 1, "sub_graph": null, "id": "xibCR13_2|CR13_2_MM2"}, {"inst_type": "net", "net_type": "internal", "id": "single_ended_current_mirror_LG_npmos_cr13_2_Vbiasp"}, {"inst_type": "net", "net_type": "internal", "id": "xibCR13_2|CR13_2_gnd!"}, {"inst_type": "nmos", "ports": ["single_ended_current_mirror_LG_npmos_cr13_2_Biasn", "single_ended_current_mirror_LG_npmos_cr13_2_Biasn", "xibCR13_2|CR13_2_gnd!"], "edge_weight": [1, 2, 4], "values": 1, "sub_graph": null, "id": "xibCR13_2|CR13_2_MM0"}, {"inst_type": "pmos", "ports": ["single_ended_current_mirror_LG_npmos_cr13_2_Vbiasp", "single_ended_current_mirror_LG_npmos_cr13_2_Vbiasp", "xibCR13_2|CR13_2_vdd!"], "edge_weight": [1, 2, 4], "values": 1, "sub_graph": null, "id": "xibCR13_2|CR13_2_MM3"}, {"inst_type": "net", "net_type": "internal", "id": "xibCR13_2|CR13_2_vdd!"}, {"inst_type": "pmos", "ports": ["single_ended_current_mirror_LG_npmos_cr13_2_Biasn", "single_ended_current_mirror_LG_npmos_cr13_2_Vbiasp", "xibCR13_2|CR13_2_vdd!"], "edge_weight": [1, 2, 4], "values": 1, "sub_graph": null, "id": "xibCR13_2|CR13_2_MM1"}], "links": [{"weight": 3, "source": "xiota|single_ended_current_mirror_MM8", "target": "xiota|single_ended_current_mirror_net9"}, {"weight": 4, "source": "xiota|single_ended_current_mirror_MM8", "target": "xiota|single_ended_current_mirror_gnd!"}, {"weight": 2, "source": "xiota|single_ended_current_mirror_net9", "target": "xiota|single_ended_current_mirror_MM7"}, {"weight": 1, "source": "xiota|single_ended_current_mirror_net9", "target": "xiota|single_ended_current_mirror_MM6"}, {"weight": 4, "source": "xiota|single_ended_current_mirror_gnd!", "target": "xiota|single_ended_current_mirror_MM7"}, {"weight": 4, "source": "xiota|single_ended_current_mirror_gnd!", "target": "xiota|single_ended_current_mirror_MM4"}, {"weight": 1, "source": "xiota|single_ended_current_mirror_MM7", "target": "single_ended_current_mirror_LG_npmos_cr13_2_Voutn"}, {"weight": 1, "source": "single_ended_current_mirror_LG_npmos_cr13_2_Voutn", "target": "xiota|single_ended_current_mirror_MM5"}, {"weight": 1, "source": "xiota|single_ended_current_mirror_MM3", "target": "xiota|single_ended_current_mirror_net20"}, {"weight": 2, "source": "xiota|single_ended_current_mirror_MM3", "target": "single_ended_current_mirror_LG_npmos_cr13_2_Vinp"}, {"weight": 4, "source": "xiota|single_ended_current_mirror_MM3", "target": "xiota|single_ended_current_mirror_net16"}, {"weight": 2, "source": "xiota|single_ended_current_mirror_net20", "target": "xiota|single_ended_current_mirror_MM5"}, {"weight": 3, "source": "xiota|single_ended_current_mirror_net20", "target": "xiota|single_ended_current_mirror_MM1"}, {"weight": 4, "source": "xiota|single_ended_current_mirror_net16", "target": "xiota|single_ended_current_mirror_MM0"}, {"weight": 1, "source": "xiota|single_ended_current_mirror_net16", "target": "xiota|single_ended_current_mirror_MM4"}, {"weight": 1, "source": "xiota|single_ended_current_mirror_MM0", "target": "xiota|single_ended_current_mirror_net11"}, {"weight": 2, "source": "xiota|single_ended_current_mirror_MM0", "target": "single_ended_current_mirror_LG_npmos_cr13_2_Vinn"}, {"weight": 2, "source": "xiota|single_ended_current_mirror_net11", "target": "xiota|single_ended_current_mirror_MM6"}, {"weight": 3, "source": "xiota|single_ended_current_mirror_net11", "target": "xiota|single_ended_current_mirror_MM2"}, {"weight": 2, "source": "xiota|single_ended_current_mirror_MM4", "target": "single_ended_current_mirror_LG_npmos_cr13_2_LG_Vbiasn"}, {"weight": 2, "source": "single_ended_current_mirror_LG_npmos_cr13_2_LG_Vbiasn", "target": "xiLG_npmos|LG_npmos_MM4"}, {"weight": 3, "source": "single_ended_current_mirror_LG_npmos_cr13_2_LG_Vbiasn", "target": "xiLG_npmos|LG_npmos_MM2"}, {"weight": 1, "source": "single_ended_current_mirror_LG_npmos_cr13_2_LG_Vbiasn", "target": "xiLG_npmos|LG_npmos_MM1"}, {"weight": 4, "source": "xiota|single_ended_current_mirror_MM6", "target": "xiota|single_ended_current_mirror_vdd!"}, {"weight": 4, "source": "xiota|single_ended_current_mirror_vdd!", "target": "xiota|single_ended_current_mirror_MM5"}, {"weight": 4, "source": "xiota|single_ended_current_mirror_vdd!", "target": "xiota|single_ended_current_mirror_MM1"}, {"weight": 4, "source": "xiota|single_ended_current_mirror_vdd!", "target": "xiota|single_ended_current_mirror_MM2"}, {"weight": 1, "source": "xiLG_npmos|LG_npmos_MM4", "target": "single_ended_current_mirror_LG_npmos_cr13_2_LG_Vbiasp"}, {"weight": 4, "source": "xiLG_npmos|LG_npmos_MM4", "target": "xiLG_npmos|LG_npmos_gnd!"}, {"weight": 3, "source": "single_ended_current_mirror_LG_npmos_cr13_2_LG_Vbiasp", "target": "xiLG_npmos|LG_npmos_MM3"}, {"weight": 4, "source": "xiLG_npmos|LG_npmos_gnd!", "target": "xiLG_npmos|LG_npmos_MM2"}, {"weight": 4, "source": "xiLG_npmos|LG_npmos_gnd!", "target": "xiLG_npmos|LG_npmos_MM10"}, {"weight": 1, "source": "xiLG_npmos|LG_npmos_MM10", "target": "xiLG_npmos|LG_npmos_neta"}, {"weight": 2, "source": "xiLG_npmos|LG_npmos_MM10", "target": "single_ended_current_mirror_LG_npmos_cr13_2_Biasn"}, {"weight": 2, "source": "xiLG_npmos|LG_npmos_neta", "target": "xiLG_npmos|LG_npmos_MM1"}, {"weight": 3, "source": "xiLG_npmos|LG_npmos_neta", "target": "xiLG_npmos|LG_npmos_MM0"}, {"weight": 2, "source": "single_ended_current_mirror_LG_npmos_cr13_2_Biasn", "target": "xibCR13_2|CR13_2_MM2"}, {"weight": 3, "source": "single_ended_current_mirror_LG_npmos_cr13_2_Biasn", "target": "xibCR13_2|CR13_2_MM0"}, {"weight": 1, "source": "single_ended_current_mirror_LG_npmos_cr13_2_Biasn", "target": "xibCR13_2|CR13_2_MM1"}, {"weight": 4, "source": "xiLG_npmos|LG_npmos_MM3", "target": "xiLG_npmos|LG_npmos_vdd!"}, {"weight": 4, "source": "xiLG_npmos|LG_npmos_vdd!", "target": "xiLG_npmos|LG_npmos_MM1"}, {"weight": 4, "source": "xiLG_npmos|LG_npmos_vdd!", "target": "xiLG_npmos|LG_npmos_MM0"}, {"weight": 1, "source": "xibCR13_2|CR13_2_MM2", "target": "single_ended_current_mirror_LG_npmos_cr13_2_Vbiasp"}, {"weight": 4, "source": "xibCR13_2|CR13_2_MM2", "target": "xibCR13_2|CR13_2_gnd!"}, {"weight": 3, "source": "single_ended_current_mirror_LG_npmos_cr13_2_Vbiasp", "target": "xibCR13_2|CR13_2_MM3"}, {"weight": 2, "source": "single_ended_current_mirror_LG_npmos_cr13_2_Vbiasp", "target": "xibCR13_2|CR13_2_MM1"}, {"weight": 4, "source": "xibCR13_2|CR13_2_gnd!", "target": "xibCR13_2|CR13_2_MM0"}, {"weight": 4, "source": "xibCR13_2|CR13_2_MM3", "target": "xibCR13_2|CR13_2_vdd!"}, {"weight": 4, "source": "xibCR13_2|CR13_2_vdd!", "target": "xibCR13_2|CR13_2_MM1"}]}