{"directed": false, "multigraph": false, "graph": {}, "nodes": [{"inst_type": "nmos", "ports": ["xiota|single_ended_current_mirror_net9", "xiota|single_ended_current_mirror_net9", "xiota|single_ended_current_mirror_gnd!"], "edge_weight": [1, 2, 4], "values": 1, "sub_graph": null, "id": "xiota|single_ended_current_mirror_MM8"}, {"inst_type": "net", "net_type": "internal", "id": "xiota|single_ended_current_mirror_net9"}, {"inst_type": "net", "net_type": "internal", "id": "xiota|single_ended_current_mirror_gnd!"}, {"inst_type": "nmos", "ports": ["single_ended_current_mirror_LG_pnmos_4_cr15_1_Voutn", "xiota|single_ended_current_mirror_net9", "xiota|single_ended_current_mirror_gnd!"], "edge_weight": [1, 2, 4], "values": 1, "sub_graph": null, "id": "xiota|single_ended_current_mirror_MM7"}, {"inst_type": "net", "net_type": "internal", "id": "single_ended_current_mirror_LG_pnmos_4_cr15_1_Voutn"}, {"inst_type": "nmos", "ports": ["xiota|single_ended_current_mirror_net20", "single_ended_current_mirror_LG_pnmos_4_cr15_1_Vinp", "xiota|single_ended_current_mirror_net16"], "edge_weight": [1, 2, 4], "values": 1, "sub_graph": null, "id": "xiota|single_ended_current_mirror_MM3"}, {"inst_type": "net", "net_type": "internal", "id": "xiota|single_ended_current_mirror_net20"}, {"inst_type": "net", "net_type": "internal", "id": "single_ended_current_mirror_LG_pnmos_4_cr15_1_Vinp"}, {"inst_type": "net", "net_type": "internal", "id": "xiota|single_ended_current_mirror_net16"}, {"inst_type": "nmos", "ports": ["xiota|single_ended_current_mirror_net11", "single_ended_current_mirror_LG_pnmos_4_cr15_1_Vinn", "xiota|single_ended_current_mirror_net16"], "edge_weight": [1, 2, 4], "values": 1, "sub_graph": null, "id": "xiota|single_ended_current_mirror_MM0"}, {"inst_type": "net", "net_type": "internal", "id": "xiota|single_ended_current_mirror_net11"}, {"inst_type": "net", "net_type": "internal", "id": "single_ended_current_mirror_LG_pnmos_4_cr15_1_Vinn"}, {"inst_type": "nmos", "ports": ["xiota|single_ended_current_mirror_net16", "single_ended_current_mirror_LG_pnmos_4_cr15_1_LG_Vbiasn", "xiota|single_ended_current_mirror_gnd!"], "edge_weight": [1, 2, 4], "values": 1, "sub_graph": null, "id": "xiota|single_ended_current_mirror_MM4"}, {"inst_type": "net", "net_type": "internal", "id": "single_ended_current_mirror_LG_pnmos_4_cr15_1_LG_Vbiasn"}, {"inst_type": "pmos", "ports": ["xiota|single_ended_current_mirror_net9", "xiota|single_ended_current_mirror_net11", "xiota|single_ended_current_mirror_vdd!"], "edge_weight": [1, 2, 4], "values": 1, "sub_graph": null, "id": "xiota|single_ended_current_mirror_MM6"}, {"inst_type": "net", "net_type": "internal", "id": "xiota|single_ended_current_mirror_vdd!"}, {"inst_type": "pmos", "ports": ["single_ended_current_mirror_LG_pnmos_4_cr15_1_Voutn", "xiota|single_ended_current_mirror_net20", "xiota|single_ended_current_mirror_vdd!"], "edge_weight": [1, 2, 4], "values": 1, "sub_graph": null, "id": "xiota|single_ended_current_mirror_MM5"}, {"inst_type": "pmos", "ports": ["xiota|single_ended_current_mirror_net20", "xiota|single_ended_current_mirror_net20", "xiota|single_ended_current_mirror_vdd!"], "edge_weight": [1, 2, 4], "values": 1, "sub_graph": null, "id": "xiota|single_ended_current_mirror_MM1"}, {"inst_type": "pmos", "ports": ["xiota|single_ended_current_mirror_net11", "xiota|single_ended_current_mirror_net11", "xiota|single_ended_current_mirror_vdd!"], "edge_weight": [1, 2, 4], "values": 1, "sub_graph": null, "id": "xiota|single_ended_current_mirror_MM2"}, {"inst_type": "nmos", "ports": ["single_ended_current_mirror_LG_pnmos_4_cr15_1_LG_Vbiasn", "single_ended_current_mirror_LG_pnmos_4_cr15_1_LG_Vbiasn", "xiLG_pnmos_4|LG_pnmos_4_gnd!"], "edge_weight": [1, 2, 4], "values": 1, "sub_graph": null, "id": "xiLG_pnmos_4|LG_pnmos_4_MM1"}, {"inst_type": "net", "net_type": "internal", "id": "xiLG_pnmos_4|LG_pnmos_4_gnd!"}, {"inst_type": "nmos", "ports": ["single_ended_current_mirror_LG_pnmos_4_cr15_1_LG_Vbiasp", "xiLG_pnmos_4|LG_pnmos_4_net6", "xiLG_pnmos_4|LG_pnmos_4_gnd!"], "edge_weight": [1, 2, 4], "values": 1, "sub_graph": null, "id": "xiLG_pnmos_4|LG_pnmos_4_MM0"}, {"inst_type": "net", "net_type": "internal", "id": "single_ended_current_mirror_LG_pnmos_4_cr15_1_LG_Vbiasp"}, {"inst_type": "net", "net_type": "internal", "id": "xiLG_pnmos_4|LG_pnmos_4_net6"}, {"inst_type": "nmos", "ports": ["xiLG_pnmos_4|LG_pnmos_4_net6", "xiLG_pnmos_4|LG_pnmos_4_net6", "xiLG_pnmos_4|LG_pnmos_4_gnd!"], "edge_weight": [1, 2, 4], "values": 1, "sub_graph": null, "id": "xiLG_pnmos_4|LG_pnmos_4_MM8"}, {"inst_type": "pmos", "ports": ["single_ended_current_mirror_LG_pnmos_4_cr15_1_LG_Vbiasn", "single_ended_current_mirror_LG_pnmos_4_cr15_1_LG_Vbiasp", "xiLG_pnmos_4|LG_pnmos_4_vdd!"], "edge_weight": [1, 2, 4], "values": 1, "sub_graph": null, "id": "xiLG_pnmos_4|LG_pnmos_4_MM2"}, {"inst_type": "net", "net_type": "internal", "id": "xiLG_pnmos_4|LG_pnmos_4_vdd!"}, {"inst_type": "pmos", "ports": ["single_ended_current_mirror_LG_pnmos_4_cr15_1_LG_Vbiasp", "single_ended_current_mirror_LG_pnmos_4_cr15_1_LG_Vbiasp", "xiLG_pnmos_4|LG_pnmos_4_vdd!"], "edge_weight": [1, 2, 4], "values": 1, "sub_graph": null, "id": "xiLG_pnmos_4|LG_pnmos_4_MM3"}, {"inst_type": "pmos", "ports": ["xiLG_pnmos_4|LG_pnmos_4_net6", "single_ended_current_mirror_LG_pnmos_4_cr15_1_Biasp", "xiLG_pnmos_4|LG_pnmos_4_vdd!"], "edge_weight": [1, 2, 4], "values": 1, "sub_graph": null, "id": "xiLG_pnmos_4|LG_pnmos_4_MM10"}, {"inst_type": "net", "net_type": "internal", "id": "single_ended_current_mirror_LG_pnmos_4_cr15_1_Biasp"}, {"inst_type": "res", "ports": ["single_ended_current_mirror_LG_pnmos_4_cr15_1_Biasp", "xibCR15_1|CR15_1_gnd!"], "edge_weight": [8, 8], "values": 1, "sub_graph": null, "id": "xibCR15_1|CR15_1_RR1"}, {"inst_type": "net", "net_type": "internal", "id": "xibCR15_1|CR15_1_gnd!"}, {"inst_type": "pmos", "ports": ["single_ended_current_mirror_LG_pnmos_4_cr15_1_Biasp", "single_ended_current_mirror_LG_pnmos_4_cr15_1_Biasp", "xibCR15_1|CR15_1_vdd!"], "edge_weight": [1, 2, 4], "values": 1, "sub_graph": null, "id": "xibCR15_1|CR15_1_MM2"}, {"inst_type": "net", "net_type": "internal", "id": "xibCR15_1|CR15_1_vdd!"}], "links": [{"weight": 3, "source": "xiota|single_ended_current_mirror_MM8", "target": "xiota|single_ended_current_mirror_net9"}, {"weight": 4, "source": "xiota|single_ended_current_mirror_MM8", "target": "xiota|single_ended_current_mirror_gnd!"}, {"weight": 2, "source": "xiota|single_ended_current_mirror_net9", "target": "xiota|single_ended_current_mirror_MM7"}, {"weight": 1, "source": "xiota|single_ended_current_mirror_net9", "target": "xiota|single_ended_current_mirror_MM6"}, {"weight": 4, "source": "xiota|single_ended_current_mirror_gnd!", "target": "xiota|single_ended_current_mirror_MM7"}, {"weight": 4, "source": "xiota|single_ended_current_mirror_gnd!", "target": "xiota|single_ended_current_mirror_MM4"}, {"weight": 1, "source": "xiota|single_ended_current_mirror_MM7", "target": "single_ended_current_mirror_LG_pnmos_4_cr15_1_Voutn"}, {"weight": 1, "source": "single_ended_current_mirror_LG_pnmos_4_cr15_1_Voutn", "target": "xiota|single_ended_current_mirror_MM5"}, {"weight": 1, "source": "xiota|single_ended_current_mirror_MM3", "target": "xiota|single_ended_current_mirror_net20"}, {"weight": 2, "source": "xiota|single_ended_current_mirror_MM3", "target": "single_ended_current_mirror_LG_pnmos_4_cr15_1_Vinp"}, {"weight": 4, "source": "xiota|single_ended_current_mirror_MM3", "target": "xiota|single_ended_current_mirror_net16"}, {"weight": 2, "source": "xiota|single_ended_current_mirror_net20", "target": "xiota|single_ended_current_mirror_MM5"}, {"weight": 3, "source": "xiota|single_ended_current_mirror_net20", "target": "xiota|single_ended_current_mirror_MM1"}, {"weight": 4, "source": "xiota|single_ended_current_mirror_net16", "target": "xiota|single_ended_current_mirror_MM0"}, {"weight": 1, "source": "xiota|single_ended_current_mirror_net16", "target": "xiota|single_ended_current_mirror_MM4"}, {"weight": 1, "source": "xiota|single_ended_current_mirror_MM0", "target": "xiota|single_ended_current_mirror_net11"}, {"weight": 2, "source": "xiota|single_ended_current_mirror_MM0", "target": "single_ended_current_mirror_LG_pnmos_4_cr15_1_Vinn"}, {"weight": 2, "source": "xiota|single_ended_current_mirror_net11", "target": "xiota|single_ended_current_mirror_MM6"}, {"weight": 3, "source": "xiota|single_ended_current_mirror_net11", "target": "xiota|single_ended_current_mirror_MM2"}, {"weight": 2, "source": "xiota|single_ended_current_mirror_MM4", "target": "single_ended_current_mirror_LG_pnmos_4_cr15_1_LG_Vbiasn"}, {"weight": 3, "source": "single_ended_current_mirror_LG_pnmos_4_cr15_1_LG_Vbiasn", "target": "xiLG_pnmos_4|LG_pnmos_4_MM1"}, {"weight": 1, "source": "single_ended_current_mirror_LG_pnmos_4_cr15_1_LG_Vbiasn", "target": "xiLG_pnmos_4|LG_pnmos_4_MM2"}, {"weight": 4, "source": "xiota|single_ended_current_mirror_MM6", "target": "xiota|single_ended_current_mirror_vdd!"}, {"weight": 4, "source": "xiota|single_ended_current_mirror_vdd!", "target": "xiota|single_ended_current_mirror_MM5"}, {"weight": 4, "source": "xiota|single_ended_current_mirror_vdd!", "target": "xiota|single_ended_current_mirror_MM1"}, {"weight": 4, "source": "xiota|single_ended_current_mirror_vdd!", "target": "xiota|single_ended_current_mirror_MM2"}, {"weight": 4, "source": "xiLG_pnmos_4|LG_pnmos_4_MM1", "target": "xiLG_pnmos_4|LG_pnmos_4_gnd!"}, {"weight": 4, "source": "xiLG_pnmos_4|LG_pnmos_4_gnd!", "target": "xiLG_pnmos_4|LG_pnmos_4_MM0"}, {"weight": 4, "source": "xiLG_pnmos_4|LG_pnmos_4_gnd!", "target": "xiLG_pnmos_4|LG_pnmos_4_MM8"}, {"weight": 1, "source": "xiLG_pnmos_4|LG_pnmos_4_MM0", "target": "single_ended_current_mirror_LG_pnmos_4_cr15_1_LG_Vbiasp"}, {"weight": 2, "source": "xiLG_pnmos_4|LG_pnmos_4_MM0", "target": "xiLG_pnmos_4|LG_pnmos_4_net6"}, {"weight": 2, "source": "single_ended_current_mirror_LG_pnmos_4_cr15_1_LG_Vbiasp", "target": "xiLG_pnmos_4|LG_pnmos_4_MM2"}, {"weight": 3, "source": "single_ended_current_mirror_LG_pnmos_4_cr15_1_LG_Vbiasp", "target": "xiLG_pnmos_4|LG_pnmos_4_MM3"}, {"weight": 3, "source": "xiLG_pnmos_4|LG_pnmos_4_net6", "target": "xiLG_pnmos_4|LG_pnmos_4_MM8"}, {"weight": 1, "source": "xiLG_pnmos_4|LG_pnmos_4_net6", "target": "xiLG_pnmos_4|LG_pnmos_4_MM10"}, {"weight": 4, "source": "xiLG_pnmos_4|LG_pnmos_4_MM2", "target": "xiLG_pnmos_4|LG_pnmos_4_vdd!"}, {"weight": 4, "source": "xiLG_pnmos_4|LG_pnmos_4_vdd!", "target": "xiLG_pnmos_4|LG_pnmos_4_MM3"}, {"weight": 4, "source": "xiLG_pnmos_4|LG_pnmos_4_vdd!", "target": "xiLG_pnmos_4|LG_pnmos_4_MM10"}, {"weight": 2, "source": "xiLG_pnmos_4|LG_pnmos_4_MM10", "target": "single_ended_current_mirror_LG_pnmos_4_cr15_1_Biasp"}, {"weight": 8, "source": "single_ended_current_mirror_LG_pnmos_4_cr15_1_Biasp", "target": "xibCR15_1|CR15_1_RR1"}, {"weight": 3, "source": "single_ended_current_mirror_LG_pnmos_4_cr15_1_Biasp", "target": "xibCR15_1|CR15_1_MM2"}, {"weight": 8, "source": "xibCR15_1|CR15_1_RR1", "target": "xibCR15_1|CR15_1_gnd!"}, {"weight": 4, "source": "xibCR15_1|CR15_1_MM2", "target": "xibCR15_1|CR15_1_vdd!"}]}