{"directed": false, "multigraph": false, "graph": {}, "nodes": [{"inst_type": "pmos", "ports": ["xiota|single_ended_cascode_pmos_net28", "single_ended_cascode_pmos_LG_load_biasn_cr6_3_Vinn", "xiota|single_ended_cascode_pmos_net12"], "edge_weight": [1, 2, 4], "values": 1, "sub_graph": null, "id": "xiota|single_ended_cascode_pmos_MM4"}, {"inst_type": "net", "net_type": "internal", "id": "xiota|single_ended_cascode_pmos_net28"}, {"inst_type": "net", "net_type": "internal", "id": "single_ended_cascode_pmos_LG_load_biasn_cr6_3_Vinn"}, {"inst_type": "net", "net_type": "internal", "id": "xiota|single_ended_cascode_pmos_net12"}, {"inst_type": "pmos", "ports": ["xiota|single_ended_cascode_pmos_net29", "single_ended_cascode_pmos_LG_load_biasn_cr6_3_Vinp", "xiota|single_ended_cascode_pmos_net12"], "edge_weight": [1, 2, 4], "values": 1, "sub_graph": null, "id": "xiota|single_ended_cascode_pmos_MM3"}, {"inst_type": "net", "net_type": "internal", "id": "xiota|single_ended_cascode_pmos_net29"}, {"inst_type": "net", "net_type": "internal", "id": "single_ended_cascode_pmos_LG_load_biasn_cr6_3_Vinp"}, {"inst_type": "pmos", "ports": ["xiota|single_ended_cascode_pmos_net12", "single_ended_cascode_pmos_LG_load_biasn_cr6_3_LG_Vbiasp1", "xiota|single_ended_cascode_pmos_vdd!"], "edge_weight": [1, 2, 4], "values": 1, "sub_graph": null, "id": "xiota|single_ended_cascode_pmos_MM0"}, {"inst_type": "net", "net_type": "internal", "id": "single_ended_cascode_pmos_LG_load_biasn_cr6_3_LG_Vbiasp1"}, {"inst_type": "net", "net_type": "internal", "id": "xiota|single_ended_cascode_pmos_vdd!"}, {"inst_type": "pmos", "ports": ["xiota|single_ended_cascode_pmos_net16", "single_ended_cascode_pmos_LG_load_biasn_cr6_3_LG_Vbiasp2", "xiota|single_ended_cascode_pmos_net25"], "edge_weight": [1, 2, 4], "values": 1, "sub_graph": null, "id": "xiota|single_ended_cascode_pmos_MM6"}, {"inst_type": "net", "net_type": "internal", "id": "xiota|single_ended_cascode_pmos_net16"}, {"inst_type": "net", "net_type": "internal", "id": "single_ended_cascode_pmos_LG_load_biasn_cr6_3_LG_Vbiasp2"}, {"inst_type": "net", "net_type": "internal", "id": "xiota|single_ended_cascode_pmos_net25"}, {"inst_type": "pmos", "ports": ["single_ended_cascode_pmos_LG_load_biasn_cr6_3_Voutp", "single_ended_cascode_pmos_LG_load_biasn_cr6_3_LG_Vbiasp2", "xiota|single_ended_cascode_pmos_net24"], "edge_weight": [1, 2, 4], "values": 1, "sub_graph": null, "id": "xiota|single_ended_cascode_pmos_MM5"}, {"inst_type": "net", "net_type": "internal", "id": "single_ended_cascode_pmos_LG_load_biasn_cr6_3_Voutp"}, {"inst_type": "net", "net_type": "internal", "id": "xiota|single_ended_cascode_pmos_net24"}, {"inst_type": "pmos", "ports": ["xiota|single_ended_cascode_pmos_net25", "xiota|single_ended_cascode_pmos_net16", "xiota|single_ended_cascode_pmos_vdd!"], "edge_weight": [1, 2, 4], "values": 1, "sub_graph": null, "id": "xiota|single_ended_cascode_pmos_MM2"}, {"inst_type": "pmos", "ports": ["xiota|single_ended_cascode_pmos_net24", "xiota|single_ended_cascode_pmos_net16", "xiota|single_ended_cascode_pmos_vdd!"], "edge_weight": [1, 2, 4], "values": 1, "sub_graph": null, "id": "xiota|single_ended_cascode_pmos_MM1"}, {"inst_type": "nmos", "ports": ["xiota|single_ended_cascode_pmos_net29", "single_ended_cascode_pmos_LG_load_biasn_cr6_3_LG_Vbiasn1", "xiota|single_ended_cascode_pmos_gnd!"], "edge_weight": [1, 2, 4], "values": 1, "sub_graph": null, "id": "xiota|single_ended_cascode_pmos_MM10"}, {"inst_type": "net", "net_type": "internal", "id": "single_ended_cascode_pmos_LG_load_biasn_cr6_3_LG_Vbiasn1"}, {"inst_type": "net", "net_type": "internal", "id": "xiota|single_ended_cascode_pmos_gnd!"}, {"inst_type": "nmos", "ports": ["xiota|single_ended_cascode_pmos_net28", "single_ended_cascode_pmos_LG_load_biasn_cr6_3_LG_Vbiasn1", "xiota|single_ended_cascode_pmos_gnd!"], "edge_weight": [1, 2, 4], "values": 1, "sub_graph": null, "id": "xiota|single_ended_cascode_pmos_MM9"}, {"inst_type": "nmos", "ports": ["xiota|single_ended_cascode_pmos_net16", "single_ended_cascode_pmos_LG_load_biasn_cr6_3_LG_Vbiasn2", "xiota|single_ended_cascode_pmos_net29"], "edge_weight": [1, 2, 4], "values": 1, "sub_graph": null, "id": "xiota|single_ended_cascode_pmos_MM8"}, {"inst_type": "net", "net_type": "internal", "id": "single_ended_cascode_pmos_LG_load_biasn_cr6_3_LG_Vbiasn2"}, {"inst_type": "nmos", "ports": ["single_ended_cascode_pmos_LG_load_biasn_cr6_3_Voutp", "single_ended_cascode_pmos_LG_load_biasn_cr6_3_LG_Vbiasn2", "xiota|single_ended_cascode_pmos_net28"], "edge_weight": [1, 2, 4], "values": 1, "sub_graph": null, "id": "xiota|single_ended_cascode_pmos_MM7"}, {"inst_type": "nmos", "ports": ["single_ended_cascode_pmos_LG_load_biasn_cr6_3_LG_Vbiasn1", "single_ended_cascode_pmos_LG_load_biasn_cr6_3_LG_Vbiasn1", "single_ended_cascode_pmos_LG_load_biasn_cr6_3_Biasp"], "edge_weight": [1, 2, 4], "values": 1, "sub_graph": null, "id": "xiLG_load_biasn|LG_load_biasn_MM15"}, {"inst_type": "net", "net_type": "internal", "id": "single_ended_cascode_pmos_LG_load_biasn_cr6_3_Biasp"}, {"inst_type": "nmos", "ports": ["single_ended_cascode_pmos_LG_load_biasn_cr6_3_Biasp", "single_ended_cascode_pmos_LG_load_biasn_cr6_3_Biasp", "xiLG_load_biasn|LG_load_biasn_gnd!"], "edge_weight": [1, 2, 4], "values": 1, "sub_graph": null, "id": "xiLG_load_biasn|LG_load_biasn_MM13"}, {"inst_type": "net", "net_type": "internal", "id": "xiLG_load_biasn|LG_load_biasn_gnd!"}, {"inst_type": "pmos", "ports": ["single_ended_cascode_pmos_LG_load_biasn_cr6_3_LG_Vbiasn1", "single_ended_cascode_pmos_LG_load_biasn_cr6_3_LG_Vbiasn2", "xiLG_load_biasn|LG_load_biasn_vdd!"], "edge_weight": [1, 2, 4], "values": 1, "sub_graph": null, "id": "xiLG_load_biasn|LG_load_biasn_MM14"}, {"inst_type": "net", "net_type": "internal", "id": "xiLG_load_biasn|LG_load_biasn_vdd!"}, {"inst_type": "nmos", "ports": ["single_ended_cascode_pmos_LG_load_biasn_cr6_3_Biasp", "single_ended_cascode_pmos_LG_load_biasn_cr6_3_Biasn2", "single_ended_cascode_pmos_LG_load_biasn_cr6_3_Biasn1"], "edge_weight": [1, 2, 4], "values": 1, "sub_graph": null, "id": "xibCR6_3|CR6_3_MM2"}, {"inst_type": "net", "net_type": "internal", "id": "single_ended_cascode_pmos_LG_load_biasn_cr6_3_Biasn2"}, {"inst_type": "net", "net_type": "internal", "id": "single_ended_cascode_pmos_LG_load_biasn_cr6_3_Biasn1"}, {"inst_type": "nmos", "ports": ["single_ended_cascode_pmos_LG_load_biasn_cr6_3_Biasn2", "single_ended_cascode_pmos_LG_load_biasn_cr6_3_Biasn1", "xibCR6_3|CR6_3_gnd!"], "edge_weight": [1, 2, 4], "values": 1, "sub_graph": null, "id": "xibCR6_3|CR6_3_MM0"}, {"inst_type": "net", "net_type": "internal", "id": "xibCR6_3|CR6_3_gnd!"}, {"inst_type": "nmos", "ports": ["single_ended_cascode_pmos_LG_load_biasn_cr6_3_Biasn1", "xibCR6_3|CR6_3_net15", "xibCR6_3|CR6_3_gnd!"], "edge_weight": [1, 2, 4], "values": 1, "sub_graph": null, "id": "xibCR6_3|CR6_3_MM4"}, {"inst_type": "net", "net_type": "internal", "id": "xibCR6_3|CR6_3_net15"}, {"inst_type": "nmos", "ports": ["xibCR6_3|CR6_3_net15", "xibCR6_3|CR6_3_net15", "xibCR6_3|CR6_3_gnd!"], "edge_weight": [1, 2, 4], "values": 1, "sub_graph": null, "id": "xibCR6_3|CR6_3_MM5"}, {"inst_type": "pmos", "ports": ["single_ended_cascode_pmos_LG_load_biasn_cr6_3_Biasp", "single_ended_cascode_pmos_LG_load_biasn_cr6_3_Biasp", "xibCR6_3|CR6_3_vdd!"], "edge_weight": [1, 2, 4], "values": 1, "sub_graph": null, "id": "xibCR6_3|CR6_3_MM3"}, {"inst_type": "net", "net_type": "internal", "id": "xibCR6_3|CR6_3_vdd!"}, {"inst_type": "pmos", "ports": ["single_ended_cascode_pmos_LG_load_biasn_cr6_3_Biasn2", "single_ended_cascode_pmos_LG_load_biasn_cr6_3_Biasp", "xibCR6_3|CR6_3_vdd!"], "edge_weight": [1, 2, 4], "values": 1, "sub_graph": null, "id": "xibCR6_3|CR6_3_MM1"}, {"inst_type": "pmos", "ports": ["xibCR6_3|CR6_3_net15", "single_ended_cascode_pmos_LG_load_biasn_cr6_3_Biasp", "xibCR6_3|CR6_3_vdd!"], "edge_weight": [1, 2, 4], "values": 1, "sub_graph": null, "id": "xibCR6_3|CR6_3_MM6"}], "links": [{"weight": 1, "source": "xiota|single_ended_cascode_pmos_MM4", "target": "xiota|single_ended_cascode_pmos_net28"}, {"weight": 2, "source": "xiota|single_ended_cascode_pmos_MM4", "target": "single_ended_cascode_pmos_LG_load_biasn_cr6_3_Vinn"}, {"weight": 4, "source": "xiota|single_ended_cascode_pmos_MM4", "target": "xiota|single_ended_cascode_pmos_net12"}, {"weight": 1, "source": "xiota|single_ended_cascode_pmos_net28", "target": "xiota|single_ended_cascode_pmos_MM9"}, {"weight": 4, "source": "xiota|single_ended_cascode_pmos_net28", "target": "xiota|single_ended_cascode_pmos_MM7"}, {"weight": 4, "source": "xiota|single_ended_cascode_pmos_net12", "target": "xiota|single_ended_cascode_pmos_MM3"}, {"weight": 1, "source": "xiota|single_ended_cascode_pmos_net12", "target": "xiota|single_ended_cascode_pmos_MM0"}, {"weight": 1, "source": "xiota|single_ended_cascode_pmos_MM3", "target": "xiota|single_ended_cascode_pmos_net29"}, {"weight": 2, "source": "xiota|single_ended_cascode_pmos_MM3", "target": "single_ended_cascode_pmos_LG_load_biasn_cr6_3_Vinp"}, {"weight": 1, "source": "xiota|single_ended_cascode_pmos_net29", "target": "xiota|single_ended_cascode_pmos_MM10"}, {"weight": 4, "source": "xiota|single_ended_cascode_pmos_net29", "target": "xiota|single_ended_cascode_pmos_MM8"}, {"weight": 2, "source": "xiota|single_ended_cascode_pmos_MM0", "target": "single_ended_cascode_pmos_LG_load_biasn_cr6_3_LG_Vbiasp1"}, {"weight": 4, "source": "xiota|single_ended_cascode_pmos_MM0", "target": "xiota|single_ended_cascode_pmos_vdd!"}, {"weight": 4, "source": "xiota|single_ended_cascode_pmos_vdd!", "target": "xiota|single_ended_cascode_pmos_MM2"}, {"weight": 4, "source": "xiota|single_ended_cascode_pmos_vdd!", "target": "xiota|single_ended_cascode_pmos_MM1"}, {"weight": 1, "source": "xiota|single_ended_cascode_pmos_MM6", "target": "xiota|single_ended_cascode_pmos_net16"}, {"weight": 2, "source": "xiota|single_ended_cascode_pmos_MM6", "target": "single_ended_cascode_pmos_LG_load_biasn_cr6_3_LG_Vbiasp2"}, {"weight": 4, "source": "xiota|single_ended_cascode_pmos_MM6", "target": "xiota|single_ended_cascode_pmos_net25"}, {"weight": 2, "source": "xiota|single_ended_cascode_pmos_net16", "target": "xiota|single_ended_cascode_pmos_MM2"}, {"weight": 2, "source": "xiota|single_ended_cascode_pmos_net16", "target": "xiota|single_ended_cascode_pmos_MM1"}, {"weight": 1, "source": "xiota|single_ended_cascode_pmos_net16", "target": "xiota|single_ended_cascode_pmos_MM8"}, {"weight": 2, "source": "single_ended_cascode_pmos_LG_load_biasn_cr6_3_LG_Vbiasp2", "target": "xiota|single_ended_cascode_pmos_MM5"}, {"weight": 1, "source": "xiota|single_ended_cascode_pmos_net25", "target": "xiota|single_ended_cascode_pmos_MM2"}, {"weight": 1, "source": "xiota|single_ended_cascode_pmos_MM5", "target": "single_ended_cascode_pmos_LG_load_biasn_cr6_3_Voutp"}, {"weight": 4, "source": "xiota|single_ended_cascode_pmos_MM5", "target": "xiota|single_ended_cascode_pmos_net24"}, {"weight": 1, "source": "single_ended_cascode_pmos_LG_load_biasn_cr6_3_Voutp", "target": "xiota|single_ended_cascode_pmos_MM7"}, {"weight": 1, "source": "xiota|single_ended_cascode_pmos_net24", "target": "xiota|single_ended_cascode_pmos_MM1"}, {"weight": 2, "source": "xiota|single_ended_cascode_pmos_MM10", "target": "single_ended_cascode_pmos_LG_load_biasn_cr6_3_LG_Vbiasn1"}, {"weight": 4, "source": "xiota|single_ended_cascode_pmos_MM10", "target": "xiota|single_ended_cascode_pmos_gnd!"}, {"weight": 2, "source": "single_ended_cascode_pmos_LG_load_biasn_cr6_3_LG_Vbiasn1", "target": "xiota|single_ended_cascode_pmos_MM9"}, {"weight": 3, "source": "single_ended_cascode_pmos_LG_load_biasn_cr6_3_LG_Vbiasn1", "target": "xiLG_load_biasn|LG_load_biasn_MM15"}, {"weight": 1, "source": "single_ended_cascode_pmos_LG_load_biasn_cr6_3_LG_Vbiasn1", "target": "xiLG_load_biasn|LG_load_biasn_MM14"}, {"weight": 4, "source": "xiota|single_ended_cascode_pmos_gnd!", "target": "xiota|single_ended_cascode_pmos_MM9"}, {"weight": 2, "source": "xiota|single_ended_cascode_pmos_MM8", "target": "single_ended_cascode_pmos_LG_load_biasn_cr6_3_LG_Vbiasn2"}, {"weight": 2, "source": "single_ended_cascode_pmos_LG_load_biasn_cr6_3_LG_Vbiasn2", "target": "xiota|single_ended_cascode_pmos_MM7"}, {"weight": 2, "source": "single_ended_cascode_pmos_LG_load_biasn_cr6_3_LG_Vbiasn2", "target": "xiLG_load_biasn|LG_load_biasn_MM14"}, {"weight": 4, "source": "xiLG_load_biasn|LG_load_biasn_MM15", "target": "single_ended_cascode_pmos_LG_load_biasn_cr6_3_Biasp"}, {"weight": 3, "source": "single_ended_cascode_pmos_LG_load_biasn_cr6_3_Biasp", "target": "xiLG_load_biasn|LG_load_biasn_MM13"}, {"weight": 1, "source": "single_ended_cascode_pmos_LG_load_biasn_cr6_3_Biasp", "target": "xibCR6_3|CR6_3_MM2"}, {"weight": 3, "source": "single_ended_cascode_pmos_LG_load_biasn_cr6_3_Biasp", "target": "xibCR6_3|CR6_3_MM3"}, {"weight": 2, "source": "single_ended_cascode_pmos_LG_load_biasn_cr6_3_Biasp", "target": "xibCR6_3|CR6_3_MM1"}, {"weight": 2, "source": "single_ended_cascode_pmos_LG_load_biasn_cr6_3_Biasp", "target": "xibCR6_3|CR6_3_MM6"}, {"weight": 4, "source": "xiLG_load_biasn|LG_load_biasn_MM13", "target": "xiLG_load_biasn|LG_load_biasn_gnd!"}, {"weight": 4, "source": "xiLG_load_biasn|LG_load_biasn_MM14", "target": "xiLG_load_biasn|LG_load_biasn_vdd!"}, {"weight": 2, "source": "xibCR6_3|CR6_3_MM2", "target": "single_ended_cascode_pmos_LG_load_biasn_cr6_3_Biasn2"}, {"weight": 4, "source": "xibCR6_3|CR6_3_MM2", "target": "single_ended_cascode_pmos_LG_load_biasn_cr6_3_Biasn1"}, {"weight": 1, "source": "single_ended_cascode_pmos_LG_load_biasn_cr6_3_Biasn2", "target": "xibCR6_3|CR6_3_MM0"}, {"weight": 1, "source": "single_ended_cascode_pmos_LG_load_biasn_cr6_3_Biasn2", "target": "xibCR6_3|CR6_3_MM1"}, {"weight": 2, "source": "single_ended_cascode_pmos_LG_load_biasn_cr6_3_Biasn1", "target": "xibCR6_3|CR6_3_MM0"}, {"weight": 1, "source": "single_ended_cascode_pmos_LG_load_biasn_cr6_3_Biasn1", "target": "xibCR6_3|CR6_3_MM4"}, {"weight": 4, "source": "xibCR6_3|CR6_3_MM0", "target": "xibCR6_3|CR6_3_gnd!"}, {"weight": 4, "source": "xibCR6_3|CR6_3_gnd!", "target": "xibCR6_3|CR6_3_MM4"}, {"weight": 4, "source": "xibCR6_3|CR6_3_gnd!", "target": "xibCR6_3|CR6_3_MM5"}, {"weight": 2, "source": "xibCR6_3|CR6_3_MM4", "target": "xibCR6_3|CR6_3_net15"}, {"weight": 3, "source": "xibCR6_3|CR6_3_net15", "target": "xibCR6_3|CR6_3_MM5"}, {"weight": 1, "source": "xibCR6_3|CR6_3_net15", "target": "xibCR6_3|CR6_3_MM6"}, {"weight": 4, "source": "xibCR6_3|CR6_3_MM3", "target": "xibCR6_3|CR6_3_vdd!"}, {"weight": 4, "source": "xibCR6_3|CR6_3_vdd!", "target": "xibCR6_3|CR6_3_MM1"}, {"weight": 4, "source": "xibCR6_3|CR6_3_vdd!", "target": "xibCR6_3|CR6_3_MM6"}]}