{"directed": false, "multigraph": false, "graph": {}, "nodes": [{"inst_type": "pmos", "ports": ["single_ended_current_mirror_pmos_LG_pmos_l1_cr13_1_Voutp", "xiota|single_ended_current_mirror_pmos_net17", "xiota|single_ended_current_mirror_pmos_vdd!"], "edge_weight": [1, 2, 4], "values": 1, "sub_graph": null, "id": "xiota|single_ended_current_mirror_pmos_MM3"}, {"inst_type": "net", "net_type": "internal", "id": "single_ended_current_mirror_pmos_LG_pmos_l1_cr13_1_Voutp"}, {"inst_type": "net", "net_type": "internal", "id": "xiota|single_ended_current_mirror_pmos_net17"}, {"inst_type": "net", "net_type": "internal", "id": "xiota|single_ended_current_mirror_pmos_vdd!"}, {"inst_type": "pmos", "ports": ["xiota|single_ended_current_mirror_pmos_net17", "xiota|single_ended_current_mirror_pmos_net17", "xiota|single_ended_current_mirror_pmos_vdd!"], "edge_weight": [1, 2, 4], "values": 1, "sub_graph": null, "id": "xiota|single_ended_current_mirror_pmos_MM2"}, {"inst_type": "pmos", "ports": ["xiota|single_ended_current_mirror_pmos_net9", "single_ended_current_mirror_pmos_LG_pmos_l1_cr13_1_Vinn", "xiota|single_ended_current_mirror_pmos_net13"], "edge_weight": [1, 2, 4], "values": 1, "sub_graph": null, "id": "xiota|single_ended_current_mirror_pmos_MM7"}, {"inst_type": "net", "net_type": "internal", "id": "xiota|single_ended_current_mirror_pmos_net9"}, {"inst_type": "net", "net_type": "internal", "id": "single_ended_current_mirror_pmos_LG_pmos_l1_cr13_1_Vinn"}, {"inst_type": "net", "net_type": "internal", "id": "xiota|single_ended_current_mirror_pmos_net13"}, {"inst_type": "pmos", "ports": ["xiota|single_ended_current_mirror_pmos_net15", "single_ended_current_mirror_pmos_LG_pmos_l1_cr13_1_Vinp", "xiota|single_ended_current_mirror_pmos_net13"], "edge_weight": [1, 2, 4], "values": 1, "sub_graph": null, "id": "xiota|single_ended_current_mirror_pmos_MM6"}, {"inst_type": "net", "net_type": "internal", "id": "xiota|single_ended_current_mirror_pmos_net15"}, {"inst_type": "net", "net_type": "internal", "id": "single_ended_current_mirror_pmos_LG_pmos_l1_cr13_1_Vinp"}, {"inst_type": "pmos", "ports": ["xiota|single_ended_current_mirror_pmos_net13", "single_ended_current_mirror_pmos_LG_pmos_l1_cr13_1_LG_Vbiasp", "xiota|single_ended_current_mirror_pmos_vdd!"], "edge_weight": [1, 2, 4], "values": 1, "sub_graph": null, "id": "xiota|single_ended_current_mirror_pmos_MM5"}, {"inst_type": "net", "net_type": "internal", "id": "single_ended_current_mirror_pmos_LG_pmos_l1_cr13_1_LG_Vbiasp"}, {"inst_type": "nmos", "ports": ["single_ended_current_mirror_pmos_LG_pmos_l1_cr13_1_Voutp", "xiota|single_ended_current_mirror_pmos_net9", "xiota|single_ended_current_mirror_pmos_gnd!"], "edge_weight": [1, 2, 4], "values": 1, "sub_graph": null, "id": "xiota|single_ended_current_mirror_pmos_MM1"}, {"inst_type": "net", "net_type": "internal", "id": "xiota|single_ended_current_mirror_pmos_gnd!"}, {"inst_type": "nmos", "ports": ["xiota|single_ended_current_mirror_pmos_net17", "xiota|single_ended_current_mirror_pmos_net15", "xiota|single_ended_current_mirror_pmos_gnd!"], "edge_weight": [1, 2, 4], "values": 1, "sub_graph": null, "id": "xiota|single_ended_current_mirror_pmos_MM0"}, {"inst_type": "nmos", "ports": ["xiota|single_ended_current_mirror_pmos_net9", "xiota|single_ended_current_mirror_pmos_net9", "xiota|single_ended_current_mirror_pmos_gnd!"], "edge_weight": [1, 2, 4], "values": 1, "sub_graph": null, "id": "xiota|single_ended_current_mirror_pmos_MM9"}, {"inst_type": "nmos", "ports": ["xiota|single_ended_current_mirror_pmos_net15", "xiota|single_ended_current_mirror_pmos_net15", "xiota|single_ended_current_mirror_pmos_gnd!"], "edge_weight": [1, 2, 4], "values": 1, "sub_graph": null, "id": "xiota|single_ended_current_mirror_pmos_MM8"}, {"inst_type": "nmos", "ports": ["single_ended_current_mirror_pmos_LG_pmos_l1_cr13_1_LG_Vbiasp", "single_ended_current_mirror_pmos_LG_pmos_l1_cr13_1_LG_Vbiasn", "xiLG_pmos_l1|LG_pmos_l1_gnd!"], "edge_weight": [1, 2, 4], "values": 1, "sub_graph": null, "id": "xiLG_pmos_l1|LG_pmos_l1_MM0"}, {"inst_type": "net", "net_type": "internal", "id": "single_ended_current_mirror_pmos_LG_pmos_l1_cr13_1_LG_Vbiasn"}, {"inst_type": "net", "net_type": "internal", "id": "xiLG_pmos_l1|LG_pmos_l1_gnd!"}, {"inst_type": "nmos", "ports": ["single_ended_current_mirror_pmos_LG_pmos_l1_cr13_1_LG_Vbiasn", "single_ended_current_mirror_pmos_LG_pmos_l1_cr13_1_LG_Vbiasn", "xiLG_pmos_l1|LG_pmos_l1_gnd!"], "edge_weight": [1, 2, 4], "values": 1, "sub_graph": null, "id": "xiLG_pmos_l1|LG_pmos_l1_MM8"}, {"inst_type": "pmos", "ports": ["single_ended_current_mirror_pmos_LG_pmos_l1_cr13_1_LG_Vbiasp", "single_ended_current_mirror_pmos_LG_pmos_l1_cr13_1_LG_Vbiasp", "xiLG_pmos_l1|LG_pmos_l1_vdd!"], "edge_weight": [1, 2, 4], "values": 1, "sub_graph": null, "id": "xiLG_pmos_l1|LG_pmos_l1_MM3"}, {"inst_type": "net", "net_type": "internal", "id": "xiLG_pmos_l1|LG_pmos_l1_vdd!"}, {"inst_type": "pmos", "ports": ["single_ended_current_mirror_pmos_LG_pmos_l1_cr13_1_LG_Vbiasn", "single_ended_current_mirror_pmos_LG_pmos_l1_cr13_1_Biasp", "xiLG_pmos_l1|LG_pmos_l1_vdd!"], "edge_weight": [1, 2, 4], "values": 1, "sub_graph": null, "id": "xiLG_pmos_l1|LG_pmos_l1_MM10"}, {"inst_type": "net", "net_type": "internal", "id": "single_ended_current_mirror_pmos_LG_pmos_l1_cr13_1_Biasp"}, {"inst_type": "nmos", "ports": ["single_ended_current_mirror_pmos_LG_pmos_l1_cr13_1_Biasp", "single_ended_current_mirror_pmos_LG_pmos_l1_cr13_1_Biasn", "xibCR13_2|CR13_2_gnd!"], "edge_weight": [1, 2, 4], "values": 1, "sub_graph": null, "id": "xibCR13_2|CR13_2_MM2"}, {"inst_type": "net", "net_type": "internal", "id": "single_ended_current_mirror_pmos_LG_pmos_l1_cr13_1_Biasn"}, {"inst_type": "net", "net_type": "internal", "id": "xibCR13_2|CR13_2_gnd!"}, {"inst_type": "nmos", "ports": ["single_ended_current_mirror_pmos_LG_pmos_l1_cr13_1_Biasn", "single_ended_current_mirror_pmos_LG_pmos_l1_cr13_1_Biasn", "xibCR13_2|CR13_2_gnd!"], "edge_weight": [1, 2, 4], "values": 1, "sub_graph": null, "id": "xibCR13_2|CR13_2_MM0"}, {"inst_type": "pmos", "ports": ["single_ended_current_mirror_pmos_LG_pmos_l1_cr13_1_Biasp", "single_ended_current_mirror_pmos_LG_pmos_l1_cr13_1_Biasp", "xibCR13_2|CR13_2_vdd!"], "edge_weight": [1, 2, 4], "values": 1, "sub_graph": null, "id": "xibCR13_2|CR13_2_MM3"}, {"inst_type": "net", "net_type": "internal", "id": "xibCR13_2|CR13_2_vdd!"}, {"inst_type": "pmos", "ports": ["single_ended_current_mirror_pmos_LG_pmos_l1_cr13_1_Biasn", "single_ended_current_mirror_pmos_LG_pmos_l1_cr13_1_Biasp", "xibCR13_2|CR13_2_vdd!"], "edge_weight": [1, 2, 4], "values": 1, "sub_graph": null, "id": "xibCR13_2|CR13_2_MM1"}], "links": [{"weight": 1, "source": "xiota|single_ended_current_mirror_pmos_MM3", "target": "single_ended_current_mirror_pmos_LG_pmos_l1_cr13_1_Voutp"}, {"weight": 2, "source": "xiota|single_ended_current_mirror_pmos_MM3", "target": "xiota|single_ended_current_mirror_pmos_net17"}, {"weight": 4, "source": "xiota|single_ended_current_mirror_pmos_MM3", "target": "xiota|single_ended_current_mirror_pmos_vdd!"}, {"weight": 1, "source": "single_ended_current_mirror_pmos_LG_pmos_l1_cr13_1_Voutp", "target": "xiota|single_ended_current_mirror_pmos_MM1"}, {"weight": 3, "source": "xiota|single_ended_current_mirror_pmos_net17", "target": "xiota|single_ended_current_mirror_pmos_MM2"}, {"weight": 1, "source": "xiota|single_ended_current_mirror_pmos_net17", "target": "xiota|single_ended_current_mirror_pmos_MM0"}, {"weight": 4, "source": "xiota|single_ended_current_mirror_pmos_vdd!", "target": "xiota|single_ended_current_mirror_pmos_MM2"}, {"weight": 4, "source": "xiota|single_ended_current_mirror_pmos_vdd!", "target": "xiota|single_ended_current_mirror_pmos_MM5"}, {"weight": 1, "source": "xiota|single_ended_current_mirror_pmos_MM7", "target": "xiota|single_ended_current_mirror_pmos_net9"}, {"weight": 2, "source": "xiota|single_ended_current_mirror_pmos_MM7", "target": "single_ended_current_mirror_pmos_LG_pmos_l1_cr13_1_Vinn"}, {"weight": 4, "source": "xiota|single_ended_current_mirror_pmos_MM7", "target": "xiota|single_ended_current_mirror_pmos_net13"}, {"weight": 2, "source": "xiota|single_ended_current_mirror_pmos_net9", "target": "xiota|single_ended_current_mirror_pmos_MM1"}, {"weight": 3, "source": "xiota|single_ended_current_mirror_pmos_net9", "target": "xiota|single_ended_current_mirror_pmos_MM9"}, {"weight": 4, "source": "xiota|single_ended_current_mirror_pmos_net13", "target": "xiota|single_ended_current_mirror_pmos_MM6"}, {"weight": 1, "source": "xiota|single_ended_current_mirror_pmos_net13", "target": "xiota|single_ended_current_mirror_pmos_MM5"}, {"weight": 1, "source": "xiota|single_ended_current_mirror_pmos_MM6", "target": "xiota|single_ended_current_mirror_pmos_net15"}, {"weight": 2, "source": "xiota|single_ended_current_mirror_pmos_MM6", "target": "single_ended_current_mirror_pmos_LG_pmos_l1_cr13_1_Vinp"}, {"weight": 2, "source": "xiota|single_ended_current_mirror_pmos_net15", "target": "xiota|single_ended_current_mirror_pmos_MM0"}, {"weight": 3, "source": "xiota|single_ended_current_mirror_pmos_net15", "target": "xiota|single_ended_current_mirror_pmos_MM8"}, {"weight": 2, "source": "xiota|single_ended_current_mirror_pmos_MM5", "target": "single_ended_current_mirror_pmos_LG_pmos_l1_cr13_1_LG_Vbiasp"}, {"weight": 1, "source": "single_ended_current_mirror_pmos_LG_pmos_l1_cr13_1_LG_Vbiasp", "target": "xiLG_pmos_l1|LG_pmos_l1_MM0"}, {"weight": 3, "source": "single_ended_current_mirror_pmos_LG_pmos_l1_cr13_1_LG_Vbiasp", "target": "xiLG_pmos_l1|LG_pmos_l1_MM3"}, {"weight": 4, "source": "xiota|single_ended_current_mirror_pmos_MM1", "target": "xiota|single_ended_current_mirror_pmos_gnd!"}, {"weight": 4, "source": "xiota|single_ended_current_mirror_pmos_gnd!", "target": "xiota|single_ended_current_mirror_pmos_MM0"}, {"weight": 4, "source": "xiota|single_ended_current_mirror_pmos_gnd!", "target": "xiota|single_ended_current_mirror_pmos_MM9"}, {"weight": 4, "source": "xiota|single_ended_current_mirror_pmos_gnd!", "target": "xiota|single_ended_current_mirror_pmos_MM8"}, {"weight": 2, "source": "xiLG_pmos_l1|LG_pmos_l1_MM0", "target": "single_ended_current_mirror_pmos_LG_pmos_l1_cr13_1_LG_Vbiasn"}, {"weight": 4, "source": "xiLG_pmos_l1|LG_pmos_l1_MM0", "target": "xiLG_pmos_l1|LG_pmos_l1_gnd!"}, {"weight": 3, "source": "single_ended_current_mirror_pmos_LG_pmos_l1_cr13_1_LG_Vbiasn", "target": "xiLG_pmos_l1|LG_pmos_l1_MM8"}, {"weight": 1, "source": "single_ended_current_mirror_pmos_LG_pmos_l1_cr13_1_LG_Vbiasn", "target": "xiLG_pmos_l1|LG_pmos_l1_MM10"}, {"weight": 4, "source": "xiLG_pmos_l1|LG_pmos_l1_gnd!", "target": "xiLG_pmos_l1|LG_pmos_l1_MM8"}, {"weight": 4, "source": "xiLG_pmos_l1|LG_pmos_l1_MM3", "target": "xiLG_pmos_l1|LG_pmos_l1_vdd!"}, {"weight": 4, "source": "xiLG_pmos_l1|LG_pmos_l1_vdd!", "target": "xiLG_pmos_l1|LG_pmos_l1_MM10"}, {"weight": 2, "source": "xiLG_pmos_l1|LG_pmos_l1_MM10", "target": "single_ended_current_mirror_pmos_LG_pmos_l1_cr13_1_Biasp"}, {"weight": 1, "source": "single_ended_current_mirror_pmos_LG_pmos_l1_cr13_1_Biasp", "target": "xibCR13_2|CR13_2_MM2"}, {"weight": 3, "source": "single_ended_current_mirror_pmos_LG_pmos_l1_cr13_1_Biasp", "target": "xibCR13_2|CR13_2_MM3"}, {"weight": 2, "source": "single_ended_current_mirror_pmos_LG_pmos_l1_cr13_1_Biasp", "target": "xibCR13_2|CR13_2_MM1"}, {"weight": 2, "source": "xibCR13_2|CR13_2_MM2", "target": "single_ended_current_mirror_pmos_LG_pmos_l1_cr13_1_Biasn"}, {"weight": 4, "source": "xibCR13_2|CR13_2_MM2", "target": "xibCR13_2|CR13_2_gnd!"}, {"weight": 3, "source": "single_ended_current_mirror_pmos_LG_pmos_l1_cr13_1_Biasn", "target": "xibCR13_2|CR13_2_MM0"}, {"weight": 1, "source": "single_ended_current_mirror_pmos_LG_pmos_l1_cr13_1_Biasn", "target": "xibCR13_2|CR13_2_MM1"}, {"weight": 4, "source": "xibCR13_2|CR13_2_gnd!", "target": "xibCR13_2|CR13_2_MM0"}, {"weight": 4, "source": "xibCR13_2|CR13_2_MM3", "target": "xibCR13_2|CR13_2_vdd!"}, {"weight": 4, "source": "xibCR13_2|CR13_2_vdd!", "target": "xibCR13_2|CR13_2_MM1"}]}