{"directed": false, "multigraph": false, "graph": {}, "nodes": [{"inst_type": "nmos", "ports": ["xiota|single_ended_cascode_net27", "xiota|single_ended_cascode_net12", "xiota|single_ended_cascode_gnd!"], "edge_weight": [1, 2, 4], "values": 1, "sub_graph": null, "id": "xiota|single_ended_cascode_MM10"}, {"inst_type": "net", "net_type": "internal", "id": "xiota|single_ended_cascode_net27"}, {"inst_type": "net", "net_type": "internal", "id": "xiota|single_ended_cascode_net12"}, {"inst_type": "net", "net_type": "internal", "id": "xiota|single_ended_cascode_gnd!"}, {"inst_type": "nmos", "ports": ["xiota|single_ended_cascode_net21", "xiota|single_ended_cascode_net12", "xiota|single_ended_cascode_gnd!"], "edge_weight": [1, 2, 4], "values": 1, "sub_graph": null, "id": "xiota|single_ended_cascode_MM9"}, {"inst_type": "net", "net_type": "internal", "id": "xiota|single_ended_cascode_net21"}, {"inst_type": "nmos", "ports": ["xiota|single_ended_cascode_net12", "single_ended_cascode_LG_load_biasn_LV_cr4_2_LG_Vbiasn2", "xiota|single_ended_cascode_net27"], "edge_weight": [1, 2, 4], "values": 1, "sub_graph": null, "id": "xiota|single_ended_cascode_MM8"}, {"inst_type": "net", "net_type": "internal", "id": "single_ended_cascode_LG_load_biasn_LV_cr4_2_LG_Vbiasn2"}, {"inst_type": "nmos", "ports": ["single_ended_cascode_LG_load_biasn_LV_cr4_2_Voutn", "single_ended_cascode_LG_load_biasn_LV_cr4_2_LG_Vbiasn2", "xiota|single_ended_cascode_net21"], "edge_weight": [1, 2, 4], "values": 1, "sub_graph": null, "id": "xiota|single_ended_cascode_MM7"}, {"inst_type": "net", "net_type": "internal", "id": "single_ended_cascode_LG_load_biasn_LV_cr4_2_Voutn"}, {"inst_type": "nmos", "ports": ["xiota|single_ended_cascode_net32", "single_ended_cascode_LG_load_biasn_LV_cr4_2_Vinp", "xiota|single_ended_cascode_net10"], "edge_weight": [1, 2, 4], "values": 1, "sub_graph": null, "id": "xiota|single_ended_cascode_MM3"}, {"inst_type": "net", "net_type": "internal", "id": "xiota|single_ended_cascode_net32"}, {"inst_type": "net", "net_type": "internal", "id": "single_ended_cascode_LG_load_biasn_LV_cr4_2_Vinp"}, {"inst_type": "net", "net_type": "internal", "id": "xiota|single_ended_cascode_net10"}, {"inst_type": "nmos", "ports": ["xiota|single_ended_cascode_net26", "single_ended_cascode_LG_load_biasn_LV_cr4_2_Vinn", "xiota|single_ended_cascode_net10"], "edge_weight": [1, 2, 4], "values": 1, "sub_graph": null, "id": "xiota|single_ended_cascode_MM0"}, {"inst_type": "net", "net_type": "internal", "id": "xiota|single_ended_cascode_net26"}, {"inst_type": "net", "net_type": "internal", "id": "single_ended_cascode_LG_load_biasn_LV_cr4_2_Vinn"}, {"inst_type": "nmos", "ports": ["xiota|single_ended_cascode_net10", "single_ended_cascode_LG_load_biasn_LV_cr4_2_LG_Vbiasn1", "xiota|single_ended_cascode_gnd!"], "edge_weight": [1, 2, 4], "values": 1, "sub_graph": null, "id": "xiota|single_ended_cascode_MM4"}, {"inst_type": "net", "net_type": "internal", "id": "single_ended_cascode_LG_load_biasn_LV_cr4_2_LG_Vbiasn1"}, {"inst_type": "pmos", "ports": ["xiota|single_ended_cascode_net12", "single_ended_cascode_LG_load_biasn_LV_cr4_2_LG_Vbiasp2", "xiota|single_ended_cascode_net26"], "edge_weight": [1, 2, 4], "values": 1, "sub_graph": null, "id": "xiota|single_ended_cascode_MM6"}, {"inst_type": "net", "net_type": "internal", "id": "single_ended_cascode_LG_load_biasn_LV_cr4_2_LG_Vbiasp2"}, {"inst_type": "pmos", "ports": ["single_ended_cascode_LG_load_biasn_LV_cr4_2_Voutn", "single_ended_cascode_LG_load_biasn_LV_cr4_2_LG_Vbiasp2", "xiota|single_ended_cascode_net32"], "edge_weight": [1, 2, 4], "values": 1, "sub_graph": null, "id": "xiota|single_ended_cascode_MM5"}, {"inst_type": "pmos", "ports": ["xiota|single_ended_cascode_net32", "single_ended_cascode_LG_load_biasn_LV_cr4_2_LG_Vbiasp1", "xiota|single_ended_cascode_vdd!"], "edge_weight": [1, 2, 4], "values": 1, "sub_graph": null, "id": "xiota|single_ended_cascode_MM1"}, {"inst_type": "net", "net_type": "internal", "id": "single_ended_cascode_LG_load_biasn_LV_cr4_2_LG_Vbiasp1"}, {"inst_type": "net", "net_type": "internal", "id": "xiota|single_ended_cascode_vdd!"}, {"inst_type": "pmos", "ports": ["xiota|single_ended_cascode_net26", "single_ended_cascode_LG_load_biasn_LV_cr4_2_LG_Vbiasp1", "xiota|single_ended_cascode_vdd!"], "edge_weight": [1, 2, 4], "values": 1, "sub_graph": null, "id": "xiota|single_ended_cascode_MM2"}, {"inst_type": "nmos", "ports": ["xiLG_load_biasn_LV|LG_load_biasn_LV_net9", "single_ended_cascode_LG_load_biasn_LV_cr4_2_Biasp", "xiLG_load_biasn_LV|LG_load_biasn_LV_gnd!"], "edge_weight": [1, 2, 4], "values": 1, "sub_graph": null, "id": "xiLG_load_biasn_LV|LG_load_biasn_LV_MM13"}, {"inst_type": "net", "net_type": "internal", "id": "xiLG_load_biasn_LV|LG_load_biasn_LV_net9"}, {"inst_type": "net", "net_type": "internal", "id": "single_ended_cascode_LG_load_biasn_LV_cr4_2_Biasp"}, {"inst_type": "net", "net_type": "internal", "id": "xiLG_load_biasn_LV|LG_load_biasn_LV_gnd!"}, {"inst_type": "nmos", "ports": ["single_ended_cascode_LG_load_biasn_LV_cr4_2_Biasp", "single_ended_cascode_LG_load_biasn_LV_cr4_2_Biasp", "xiLG_load_biasn_LV|LG_load_biasn_LV_net9"], "edge_weight": [1, 2, 4], "values": 1, "sub_graph": null, "id": "xiLG_load_biasn_LV|LG_load_biasn_LV_MM15"}, {"inst_type": "pmos", "ports": ["single_ended_cascode_LG_load_biasn_LV_cr4_2_Biasp", "single_ended_cascode_LG_load_biasn_LV_cr4_2_LG_Vbiasn2", "xiLG_load_biasn_LV|LG_load_biasn_LV_vdd!"], "edge_weight": [1, 2, 4], "values": 1, "sub_graph": null, "id": "xiLG_load_biasn_LV|LG_load_biasn_LV_MM14"}, {"inst_type": "net", "net_type": "internal", "id": "xiLG_load_biasn_LV|LG_load_biasn_LV_vdd!"}, {"inst_type": "nmos", "ports": ["xibCR4_2|CR4_2_net023", "xibCR4_2|CR4_2_net024", "single_ended_cascode_LG_load_biasn_LV_cr4_2_Biasn"], "edge_weight": [1, 2, 4], "values": 1, "sub_graph": null, "id": "xibCR4_2|CR4_2_MM11"}, {"inst_type": "net", "net_type": "internal", "id": "xibCR4_2|CR4_2_net023"}, {"inst_type": "net", "net_type": "internal", "id": "xibCR4_2|CR4_2_net024"}, {"inst_type": "net", "net_type": "internal", "id": "single_ended_cascode_LG_load_biasn_LV_cr4_2_Biasn"}, {"inst_type": "nmos", "ports": ["xibCR4_2|CR4_2_net025", "xibCR4_2|CR4_2_net010", "xibCR4_2|CR4_2_net023"], "edge_weight": [1, 2, 4], "values": 1, "sub_graph": null, "id": "xibCR4_2|CR4_2_MM8"}, {"inst_type": "net", "net_type": "internal", "id": "xibCR4_2|CR4_2_net025"}, {"inst_type": "net", "net_type": "internal", "id": "xibCR4_2|CR4_2_net010"}, {"inst_type": "nmos", "ports": ["xibCR4_2|CR4_2_net024", "xibCR4_2|CR4_2_net024", "xibCR4_2|CR4_2_net023"], "edge_weight": [1, 2, 4], "values": 1, "sub_graph": null, "id": "xibCR4_2|CR4_2_MM9"}, {"inst_type": "nmos", "ports": ["xibCR4_2|CR4_2_net010", "xibCR4_2|CR4_2_net010", "xibCR4_2|CR4_2_net025"], "edge_weight": [1, 2, 4], "values": 1, "sub_graph": null, "id": "xibCR4_2|CR4_2_MM7"}, {"inst_type": "nmos", "ports": ["single_ended_cascode_LG_load_biasn_LV_cr4_2_Biasn", "single_ended_cascode_LG_load_biasn_LV_cr4_2_Biasn", "xibCR4_2|CR4_2_gnd!"], "edge_weight": [1, 2, 4], "values": 1, "sub_graph": null, "id": "xibCR4_2|CR4_2_MM2"}, {"inst_type": "net", "net_type": "internal", "id": "xibCR4_2|CR4_2_gnd!"}, {"inst_type": "nmos", "ports": ["single_ended_cascode_LG_load_biasn_LV_cr4_2_Biasp", "xibCR4_2|CR4_2_net025", "xibCR4_2|CR4_2_gnd!"], "edge_weight": [1, 2, 4], "values": 1, "sub_graph": null, "id": "xibCR4_2|CR4_2_MM0"}, {"inst_type": "pmos", "ports": ["xibCR4_2|CR4_2_net024", "single_ended_cascode_LG_load_biasn_LV_cr4_2_Biasp", "xibCR4_2|CR4_2_vdd!"], "edge_weight": [1, 2, 4], "values": 1, "sub_graph": null, "id": "xibCR4_2|CR4_2_MM10"}, {"inst_type": "net", "net_type": "internal", "id": "xibCR4_2|CR4_2_vdd!"}, {"inst_type": "pmos", "ports": ["xibCR4_2|CR4_2_net010", "single_ended_cascode_LG_load_biasn_LV_cr4_2_Biasp", "xibCR4_2|CR4_2_vdd!"], "edge_weight": [1, 2, 4], "values": 1, "sub_graph": null, "id": "xibCR4_2|CR4_2_MM4"}, {"inst_type": "pmos", "ports": ["single_ended_cascode_LG_load_biasn_LV_cr4_2_Biasn", "single_ended_cascode_LG_load_biasn_LV_cr4_2_Biasp", "xibCR4_2|CR4_2_vdd!"], "edge_weight": [1, 2, 4], "values": 1, "sub_graph": null, "id": "xibCR4_2|CR4_2_MM3"}, {"inst_type": "pmos", "ports": ["single_ended_cascode_LG_load_biasn_LV_cr4_2_Biasp", "single_ended_cascode_LG_load_biasn_LV_cr4_2_Biasp", "xibCR4_2|CR4_2_vdd!"], "edge_weight": [1, 2, 4], "values": 1, "sub_graph": null, "id": "xibCR4_2|CR4_2_MM1"}], "links": [{"weight": 1, "source": "xiota|single_ended_cascode_MM10", "target": "xiota|single_ended_cascode_net27"}, {"weight": 2, "source": "xiota|single_ended_cascode_MM10", "target": "xiota|single_ended_cascode_net12"}, {"weight": 4, "source": "xiota|single_ended_cascode_MM10", "target": "xiota|single_ended_cascode_gnd!"}, {"weight": 4, "source": "xiota|single_ended_cascode_net27", "target": "xiota|single_ended_cascode_MM8"}, {"weight": 2, "source": "xiota|single_ended_cascode_net12", "target": "xiota|single_ended_cascode_MM9"}, {"weight": 1, "source": "xiota|single_ended_cascode_net12", "target": "xiota|single_ended_cascode_MM8"}, {"weight": 1, "source": "xiota|single_ended_cascode_net12", "target": "xiota|single_ended_cascode_MM6"}, {"weight": 4, "source": "xiota|single_ended_cascode_gnd!", "target": "xiota|single_ended_cascode_MM9"}, {"weight": 4, "source": "xiota|single_ended_cascode_gnd!", "target": "xiota|single_ended_cascode_MM4"}, {"weight": 1, "source": "xiota|single_ended_cascode_MM9", "target": "xiota|single_ended_cascode_net21"}, {"weight": 4, "source": "xiota|single_ended_cascode_net21", "target": "xiota|single_ended_cascode_MM7"}, {"weight": 2, "source": "xiota|single_ended_cascode_MM8", "target": "single_ended_cascode_LG_load_biasn_LV_cr4_2_LG_Vbiasn2"}, {"weight": 2, "source": "single_ended_cascode_LG_load_biasn_LV_cr4_2_LG_Vbiasn2", "target": "xiota|single_ended_cascode_MM7"}, {"weight": 2, "source": "single_ended_cascode_LG_load_biasn_LV_cr4_2_LG_Vbiasn2", "target": "xiLG_load_biasn_LV|LG_load_biasn_LV_MM14"}, {"weight": 1, "source": "xiota|single_ended_cascode_MM7", "target": "single_ended_cascode_LG_load_biasn_LV_cr4_2_Voutn"}, {"weight": 1, "source": "single_ended_cascode_LG_load_biasn_LV_cr4_2_Voutn", "target": "xiota|single_ended_cascode_MM5"}, {"weight": 1, "source": "xiota|single_ended_cascode_MM3", "target": "xiota|single_ended_cascode_net32"}, {"weight": 2, "source": "xiota|single_ended_cascode_MM3", "target": "single_ended_cascode_LG_load_biasn_LV_cr4_2_Vinp"}, {"weight": 4, "source": "xiota|single_ended_cascode_MM3", "target": "xiota|single_ended_cascode_net10"}, {"weight": 4, "source": "xiota|single_ended_cascode_net32", "target": "xiota|single_ended_cascode_MM5"}, {"weight": 1, "source": "xiota|single_ended_cascode_net32", "target": "xiota|single_ended_cascode_MM1"}, {"weight": 4, "source": "xiota|single_ended_cascode_net10", "target": "xiota|single_ended_cascode_MM0"}, {"weight": 1, "source": "xiota|single_ended_cascode_net10", "target": "xiota|single_ended_cascode_MM4"}, {"weight": 1, "source": "xiota|single_ended_cascode_MM0", "target": "xiota|single_ended_cascode_net26"}, {"weight": 2, "source": "xiota|single_ended_cascode_MM0", "target": "single_ended_cascode_LG_load_biasn_LV_cr4_2_Vinn"}, {"weight": 4, "source": "xiota|single_ended_cascode_net26", "target": "xiota|single_ended_cascode_MM6"}, {"weight": 1, "source": "xiota|single_ended_cascode_net26", "target": "xiota|single_ended_cascode_MM2"}, {"weight": 2, "source": "xiota|single_ended_cascode_MM4", "target": "single_ended_cascode_LG_load_biasn_LV_cr4_2_LG_Vbiasn1"}, {"weight": 2, "source": "xiota|single_ended_cascode_MM6", "target": "single_ended_cascode_LG_load_biasn_LV_cr4_2_LG_Vbiasp2"}, {"weight": 2, "source": "single_ended_cascode_LG_load_biasn_LV_cr4_2_LG_Vbiasp2", "target": "xiota|single_ended_cascode_MM5"}, {"weight": 2, "source": "xiota|single_ended_cascode_MM1", "target": "single_ended_cascode_LG_load_biasn_LV_cr4_2_LG_Vbiasp1"}, {"weight": 4, "source": "xiota|single_ended_cascode_MM1", "target": "xiota|single_ended_cascode_vdd!"}, {"weight": 2, "source": "single_ended_cascode_LG_load_biasn_LV_cr4_2_LG_Vbiasp1", "target": "xiota|single_ended_cascode_MM2"}, {"weight": 4, "source": "xiota|single_ended_cascode_vdd!", "target": "xiota|single_ended_cascode_MM2"}, {"weight": 1, "source": "xiLG_load_biasn_LV|LG_load_biasn_LV_MM13", "target": "xiLG_load_biasn_LV|LG_load_biasn_LV_net9"}, {"weight": 2, "source": "xiLG_load_biasn_LV|LG_load_biasn_LV_MM13", "target": "single_ended_cascode_LG_load_biasn_LV_cr4_2_Biasp"}, {"weight": 4, "source": "xiLG_load_biasn_LV|LG_load_biasn_LV_MM13", "target": "xiLG_load_biasn_LV|LG_load_biasn_LV_gnd!"}, {"weight": 4, "source": "xiLG_load_biasn_LV|LG_load_biasn_LV_net9", "target": "xiLG_load_biasn_LV|LG_load_biasn_LV_MM15"}, {"weight": 3, "source": "single_ended_cascode_LG_load_biasn_LV_cr4_2_Biasp", "target": "xiLG_load_biasn_LV|LG_load_biasn_LV_MM15"}, {"weight": 1, "source": "single_ended_cascode_LG_load_biasn_LV_cr4_2_Biasp", "target": "xiLG_load_biasn_LV|LG_load_biasn_LV_MM14"}, {"weight": 1, "source": "single_ended_cascode_LG_load_biasn_LV_cr4_2_Biasp", "target": "xibCR4_2|CR4_2_MM0"}, {"weight": 2, "source": "single_ended_cascode_LG_load_biasn_LV_cr4_2_Biasp", "target": "xibCR4_2|CR4_2_MM10"}, {"weight": 2, "source": "single_ended_cascode_LG_load_biasn_LV_cr4_2_Biasp", "target": "xibCR4_2|CR4_2_MM4"}, {"weight": 2, "source": "single_ended_cascode_LG_load_biasn_LV_cr4_2_Biasp", "target": "xibCR4_2|CR4_2_MM3"}, {"weight": 3, "source": "single_ended_cascode_LG_load_biasn_LV_cr4_2_Biasp", "target": "xibCR4_2|CR4_2_MM1"}, {"weight": 4, "source": "xiLG_load_biasn_LV|LG_load_biasn_LV_MM14", "target": "xiLG_load_biasn_LV|LG_load_biasn_LV_vdd!"}, {"weight": 1, "source": "xibCR4_2|CR4_2_MM11", "target": "xibCR4_2|CR4_2_net023"}, {"weight": 2, "source": "xibCR4_2|CR4_2_MM11", "target": "xibCR4_2|CR4_2_net024"}, {"weight": 4, "source": "xibCR4_2|CR4_2_MM11", "target": "single_ended_cascode_LG_load_biasn_LV_cr4_2_Biasn"}, {"weight": 4, "source": "xibCR4_2|CR4_2_net023", "target": "xibCR4_2|CR4_2_MM8"}, {"weight": 4, "source": "xibCR4_2|CR4_2_net023", "target": "xibCR4_2|CR4_2_MM9"}, {"weight": 3, "source": "xibCR4_2|CR4_2_net024", "target": "xibCR4_2|CR4_2_MM9"}, {"weight": 1, "source": "xibCR4_2|CR4_2_net024", "target": "xibCR4_2|CR4_2_MM10"}, {"weight": 3, "source": "single_ended_cascode_LG_load_biasn_LV_cr4_2_Biasn", "target": "xibCR4_2|CR4_2_MM2"}, {"weight": 1, "source": "single_ended_cascode_LG_load_biasn_LV_cr4_2_Biasn", "target": "xibCR4_2|CR4_2_MM3"}, {"weight": 1, "source": "xibCR4_2|CR4_2_MM8", "target": "xibCR4_2|CR4_2_net025"}, {"weight": 2, "source": "xibCR4_2|CR4_2_MM8", "target": "xibCR4_2|CR4_2_net010"}, {"weight": 4, "source": "xibCR4_2|CR4_2_net025", "target": "xibCR4_2|CR4_2_MM7"}, {"weight": 2, "source": "xibCR4_2|CR4_2_net025", "target": "xibCR4_2|CR4_2_MM0"}, {"weight": 3, "source": "xibCR4_2|CR4_2_net010", "target": "xibCR4_2|CR4_2_MM7"}, {"weight": 1, "source": "xibCR4_2|CR4_2_net010", "target": "xibCR4_2|CR4_2_MM4"}, {"weight": 4, "source": "xibCR4_2|CR4_2_MM2", "target": "xibCR4_2|CR4_2_gnd!"}, {"weight": 4, "source": "xibCR4_2|CR4_2_gnd!", "target": "xibCR4_2|CR4_2_MM0"}, {"weight": 4, "source": "xibCR4_2|CR4_2_MM10", "target": "xibCR4_2|CR4_2_vdd!"}, {"weight": 4, "source": "xibCR4_2|CR4_2_vdd!", "target": "xibCR4_2|CR4_2_MM4"}, {"weight": 4, "source": "xibCR4_2|CR4_2_vdd!", "target": "xibCR4_2|CR4_2_MM3"}, {"weight": 4, "source": "xibCR4_2|CR4_2_vdd!", "target": "xibCR4_2|CR4_2_MM1"}]}